{"type":"Topology","objects":{"Florida.geo":{"type":"GeometryCollection","geometries":[{"type":"Polygon","properties":{"name":"Jackson","fips":"12063"},"id":"Jackson","arcs":[[0,1,2,3,4,5]]},{"type":"Polygon","properties":{"name":"Holmes","fips":"12059"},"id":"Holmes","arcs":[[6,7,8,-1]]},{"type":"Polygon","properties":{"name":"Walton","fips":"12131"},"id":"Walton","arcs":[[9,10,11,12,13,14,-8,15]]},{"type":"Polygon","properties":{"name":"Washington","fips":"12133"},"id":"Washington","arcs":[[-7,-6,16,-16]]},{"type":"Polygon","properties":{"name":"Nassau","fips":"12089"},"id":"Nassau","arcs":[[17,18,19]]},{"type":"Polygon","properties":{"name":"Gadsden","fips":"12039"},"id":"Gadsden","arcs":[[20,21,-3,22]]},{"type":"Polygon","properties":{"name":"Leon","fips":"12073"},"id":"Leon","arcs":[[-21,23,24,25,26]]},{"type":"Polygon","properties":{"name":"Jefferson","fips":"12065"},"id":"Jefferson","arcs":[[-25,27,28,29,30,31]]},{"type":"Polygon","properties":{"name":"Madison","fips":"12079"},"id":"Madison","arcs":[[32,-29,33,34,35,36]]},{"type":"Polygon","properties":{"name":"Hamilton","fips":"12047"},"id":"Hamilton","arcs":[[-35,37,38,39]]},{"type":"Polygon","properties":{"name":"Calhoun","fips":"12013"},"id":"Calhoun","arcs":[[40,41,42,-4]]},{"type":"Polygon","properties":{"name":"Liberty","fips":"12077"},"id":"Liberty","arcs":[[43,44,45,-41,-22,-27]]},{"type":"Polygon","properties":{"name":"Columbia","fips":"12023"},"id":"Columbia","arcs":[[-39,46,47,48,49,50,51]]},{"type":"Polygon","properties":{"name":"Baker","fips":"12003"},"id":"Baker","arcs":[[52,53,-48,54,-20,55,56]]},{"type":"Polygon","properties":{"name":"Duval","fips":"12031"},"id":"Duval","arcs":[[57,-56,-19,58,59]]},{"type":"MultiPolygon","properties":{"name":"Bay","fips":"12005"},"id":"Bay","arcs":[[[-43,60,61,-10,-17,-5]],[[62,63]]]},{"type":"Polygon","properties":{"name":"Suwannee","fips":"12121"},"id":"Suwannee","arcs":[[64,-36,-40,-52,65]]},{"type":"MultiPolygon","properties":{"name":"Okaloosa","fips":"12091"},"id":"Okaloosa","arcs":[[[66,-14,67,68]],[[69,70]],[[-12,71]]]},{"type":"MultiPolygon","properties":{"name":"Santa Rosa","fips":"12113"},"id":"Santa Rosa","arcs":[[[-69,72,73,74]],[[75,76,-71,77]]]},{"type":"MultiPolygon","properties":{"name":"Escambia","fips":"12033"},"id":"Escambia","arcs":[[[-74,78]],[[-76,79]]]},{"type":"Polygon","properties":{"name":"Taylor","fips":"12123"},"id":"Taylor","arcs":[[80,81,-30,-33,82]]},{"type":"Polygon","properties":{"name":"Wakulla","fips":"12129"},"id":"Wakulla","arcs":[[-44,-26,-32,83,84]]},{"type":"Polygon","properties":{"name":"Lafayette","fips":"12067"},"id":"Lafayette","arcs":[[85,86,-83,-37,-65]]},{"type":"Polygon","properties":{"name":"St. Johns","fips":"12109"},"id":"St. Johns","arcs":[[87,88,-60,89,90]]},{"type":"Polygon","properties":{"name":"Gulf","fips":"12045"},"id":"Gulf","arcs":[[91,92,-63,93,-61,-42,-46]]},{"type":"Polygon","properties":{"name":"Clay","fips":"12019"},"id":"Clay","arcs":[[-57,-58,-89,94,95]]},{"type":"Polygon","properties":{"name":"Union","fips":"12125"},"id":"Union","arcs":[[96,-49,-54,97]]},{"type":"Polygon","properties":{"name":"Bradford","fips":"12007"},"id":"Bradford","arcs":[[-96,98,-98,-53]]},{"type":"Polygon","properties":{"name":"Franklin","fips":"12037"},"id":"Franklin","arcs":[[-45,-85,99,-92]]},{"type":"Polygon","properties":{"name":"Alachua","fips":"12001"},"id":"Alachua","arcs":[[100,101,-50,-97,-99,102,103]]},{"type":"Polygon","properties":{"name":"Gilchrist","fips":"12041"},"id":"Gilchrist","arcs":[[-86,-66,-51,-102,104,105]]},{"type":"Polygon","properties":{"name":"Putnam","fips":"12107"},"id":"Putnam","arcs":[[106,107,-103,-95,-88,108]]},{"type":"Polygon","properties":{"name":"Dixie","fips":"12029"},"id":"Dixie","arcs":[[109,110,-81,-87,-106]]},{"type":"Polygon","properties":{"name":"Flagler","fips":"12035"},"id":"Flagler","arcs":[[111,-109,-91,112]]},{"type":"Polygon","properties":{"name":"Levy","fips":"12075"},"id":"Levy","arcs":[[113,114,115,-110,-105,-101]]},{"type":"Polygon","properties":{"name":"Marion","fips":"12083"},"id":"Marion","arcs":[[-114,-104,-108,116,117,118,119]]},{"type":"MultiPolygon","properties":{"name":"Volusia","fips":"12127"},"id":"Volusia","arcs":[[[120,121,-117,-107,-112,122,123,124,125]],[[126]]]},{"type":"Polygon","properties":{"name":"Lake","fips":"12069"},"id":"Lake","arcs":[[127,128,129,-118,-122,130]]},{"type":"Polygon","properties":{"name":"Citrus","fips":"12017"},"id":"Citrus","arcs":[[131,132,-115,-120,133]]},{"type":"Polygon","properties":{"name":"Sumter","fips":"12119"},"id":"Sumter","arcs":[[-130,134,135,136,-134,-119]]},{"type":"Polygon","properties":{"name":"Seminole","fips":"12117"},"id":"Seminole","arcs":[[-131,-121,137]]},{"type":"Polygon","properties":{"name":"Orange","fips":"12095"},"id":"Orange","arcs":[[138,139,-128,-138]]},{"type":"Polygon","properties":{"name":"Hernando","fips":"12053"},"id":"Hernando","arcs":[[140,141,-132,-137]]},{"type":"MultiPolygon","properties":{"name":"Brevard","fips":"12009"},"id":"Brevard","arcs":[[[142,-124]],[[143,-139,-126,144,145]],[[146]],[[147]]]},{"type":"Polygon","properties":{"name":"Pasco","fips":"12101"},"id":"Pasco","arcs":[[148,149,150,-141,-136,151]]},{"type":"Polygon","properties":{"name":"Polk","fips":"12105"},"id":"Polk","arcs":[[152,153,-152,-135,-129,154,155]]},{"type":"Polygon","properties":{"name":"Osceola","fips":"12097"},"id":"Osceola","arcs":[[-155,-140,-144,156,157]]},{"type":"Polygon","properties":{"name":"Pinellas","fips":"12103"},"id":"Pinellas","arcs":[[-150,158,159]]},{"type":"Polygon","properties":{"name":"Hillsborough","fips":"12057"},"id":"Hillsborough","arcs":[[160,161,-159,-149,-154]]},{"type":"Polygon","properties":{"name":"Indian River","fips":"12061"},"id":"Indian River","arcs":[[162,-157,-146,163,164]]},{"type":"Polygon","properties":{"name":"Hardee","fips":"12049"},"id":"Hardee","arcs":[[165,-153,166,167]]},{"type":"Polygon","properties":{"name":"Highlands","fips":"12055"},"id":"Highlands","arcs":[[168,169,-167,-156,170]]},{"type":"Polygon","properties":{"name":"Manatee","fips":"12081"},"id":"Manatee","arcs":[[171,172,-161,-166,173]]},{"type":"Polygon","properties":{"name":"Okeechobee","fips":"12093"},"id":"Okeechobee","arcs":[[174,175,-171,-158,-163,176]]},{"type":"Polygon","properties":{"name":"St. Lucie","fips":"12111"},"id":"St. Lucie","arcs":[[-177,-165,177,178,179,180]]},{"type":"Polygon","properties":{"name":"Sarasota","fips":"12115"},"id":"Sarasota","arcs":[[181,182,183,184,185,-172,186,187]]},{"type":"Polygon","properties":{"name":"DeSoto","fips":"12027"},"id":"DeSoto","arcs":[[188,189,190,-187,-174,-168,-170]]},{"type":"MultiPolygon","properties":{"name":"Martin","fips":"12085"},"id":"Martin","arcs":[[[191,-179]],[[192,193,-175,-181]]]},{"type":"Polygon","properties":{"name":"Glades","fips":"12043"},"id":"Glades","arcs":[[194,195,-169,-176]]},{"type":"MultiPolygon","properties":{"name":"Charlotte","fips":"12015"},"id":"Charlotte","arcs":[[[-191,196,-188]],[[197,198,-189,-196]],[[-183,199]],[[200,-185]]]},{"type":"Polygon","properties":{"name":"Palm Beach","fips":"12099"},"id":"Palm Beach","arcs":[[201,-194,202,203]]},{"type":"Polygon","properties":{"name":"Hendry","fips":"12051"},"id":"Hendry","arcs":[[204,205,206,-195,-202]]},{"type":"MultiPolygon","properties":{"name":"Lee","fips":"12071"},"id":"Lee","arcs":[[[207,208,-198,-207]],[[209]]]},{"type":"Polygon","properties":{"name":"Collier","fips":"12021"},"id":"Collier","arcs":[[210,211,212,-208,-206,213]]},{"type":"Polygon","properties":{"name":"Broward","fips":"12011"},"id":"Broward","arcs":[[-214,-205,-204,214,215]]},{"type":"Polygon","properties":{"name":"Miami-Dade","fips":"12086"},"id":"Miami-Dade","arcs":[[-211,-216,216,217]]},{"type":"MultiPolygon","properties":{"name":"Monroe","fips":"12087"},"id":"Monroe","arcs":[[[-212,-218,218]],[[219]]]}]}},"arcs":[[[2680,9714],[4,46],[36,84],[47,55],[14,59],[43,37]],[[2824,9995],[2,0],[638,1],[2,-36],[35,-26],[6,-61],[41,-53],[14,-79],[-7,-74],[8,-43],[15,-37],[35,-17],[32,-48],[2,-3]],[[3647,9519],[-12,-58],[-75,-116]],[[3560,9345],[-315,3],[1,-67],[-288,9]],[[2958,9290],[-59,1]],[[2899,9291],[4,356],[-74,2],[-2,71],[-147,-6]],[[2680,9714],[-4,-51],[-22,-31],[6,-51],[-160,-2],[1,46],[-22,1],[0,24],[-89,5],[-4,-80],[-43,-62]],[[2343,9513],[-246,2],[7,468]],[[2104,9983],[720,12]],[[2165,9018],[-2,-224]],[[2163,8794],[-528,187]],[[1635,8981],[-1,31]],[[1634,9012],[195,-11],[-2,48],[168,-71],[-11,67],[-128,102],[-222,-43]],[[1634,9104],[5,876]],[[1639,9980],[267,6],[198,-3]],[[2343,9513],[-28,-37],[4,-24],[-31,-16],[-20,-30],[-1,-56],[33,-48],[19,-66],[-8,-31],[30,-47],[-22,-38],[-25,-2],[-12,-47],[-73,10],[-29,-18],[0,-33],[-15,-12]],[[2899,9291],[-73,-4],[0,-220],[-482,5],[-16,-30],[-24,-17],[-29,-2],[-14,16],[-61,-27],[-35,6]],[[7356,8942],[20,25],[-11,91],[15,15],[16,57],[22,154],[-10,46],[-41,87],[17,176],[25,11],[-3,45],[45,-22],[26,29],[11,41],[12,6],[48,-18],[11,25],[35,-48],[92,-19],[35,-43],[25,13],[28,-10],[26,-30],[98,-27],[19,4],[31,-25],[5,14],[85,-30],[10,24],[40,-203],[-26,-70]],[[8062,9260],[-18,-34],[-19,-9],[-12,15],[-36,2],[-9,31],[-29,-4],[8,18],[-28,24],[-38,-9],[-15,-39],[-9,14],[-60,13],[-21,-24],[0,-33],[-36,0],[-16,-52],[-28,-8],[-335,-378]],[[7361,8787],[-5,155]],[[4414,9482],[-28,-23],[-5,-57],[-31,-57],[-28,-15],[-35,-45],[-21,-57],[3,-22],[-16,-18],[3,-40],[-21,-24],[-39,-17],[-150,-27],[-36,-34],[-45,-6],[-40,-39]],[[3925,9001],[-31,3],[1,38],[-45,0],[0,73],[-91,2],[3,75],[-47,0],[-1,33],[-93,0],[0,119],[-61,1]],[[3647,9519],[645,-31],[122,-6]],[[4414,9482],[272,-20],[99,-5]],[[4785,9457],[-2,-117],[5,-36],[33,-53],[-1,-42],[-89,-1],[-1,-85],[-45,-54],[-1,-263]],[[4684,8806],[-220,-2],[-9,44],[-608,1]],[[3847,8849],[14,25],[-10,27],[38,53],[19,4],[17,43]],[[4785,9457],[347,-25],[170,-16]],[[5302,9416],[4,-112],[-22,1],[-1,-24],[-16,1],[-1,-27],[-49,0],[0,-23],[-44,-1],[1,-27],[-29,-4],[14,-128],[-40,-56],[-2,-24],[-28,-12],[-17,12],[-11,-12],[-14,-59],[19,-16],[3,-25],[-31,-25]],[[5038,8855],[-31,-46],[-81,-36],[-20,-50],[-7,-54],[-36,-16],[-30,-68],[-16,-77],[6,-13],[0,-11],[0,-16]],[[4823,8468],[-135,37]],[[4688,8505],[-4,301]],[[5627,8777],[-141,2],[-1,69],[-447,7]],[[5302,9416],[394,-27],[12,-2]],[[5708,9387],[31,-8],[32,-51],[-7,-57],[30,-53],[-3,-79],[27,-32],[0,-53],[42,-28],[11,-33]],[[5871,8993],[-20,-59],[-18,-16],[-3,-52],[-31,-74],[-21,-19]],[[5778,8773],[-151,4]],[[5708,9387],[223,-19],[576,-43]],[[6507,9325],[-35,-61],[1,-59],[31,-49],[3,-21],[31,-19],[42,-102],[-16,-36],[-35,-36],[-6,-38],[-26,-7],[-11,-14],[-17,11],[-30,-19],[-52,11]],[[6387,8886],[-14,31],[-59,2],[-8,19],[-40,22],[-11,27],[-40,5],[-89,71],[-19,4],[-21,-20],[-31,14],[-47,-6],[-13,16],[-24,-1],[-43,-29],[-17,5],[-17,-10],[-23,-43]],[[3560,9345],[-22,-38],[-16,-4],[-34,-66],[-24,-113],[13,-12],[-9,-29],[15,-5],[-55,-30],[12,-24],[-10,-17],[12,-48],[-26,2],[6,-18],[-18,-38],[8,-39],[-19,-9],[-15,-75],[-31,-66],[-39,-45]],[[3308,8671],[-346,7]],[[2962,8678],[-4,612]],[[3847,8849],[-24,-53],[66,-90],[22,-70],[-5,-49],[10,-47],[16,-17],[-4,-21],[35,-48],[25,-11],[12,-27],[70,-55]],[[4070,8361],[-615,5],[-5,-39],[-19,-20]],[[3431,8307],[-40,45],[-79,44],[-22,42],[-19,74],[14,32],[-11,12],[15,39],[-2,40],[21,36]],[[6507,9325],[150,-11],[158,-10]],[[6815,9304],[10,-735]],[[6825,8569],[5,-50],[-88,-47],[-21,-76],[-26,-17],[-16,-30],[8,-48],[16,-22],[24,-7],[7,-36]],[[6734,8236],[-6,-18],[-26,-1],[-21,-17],[-6,-25],[-23,-29],[2,-26],[-20,-16],[-23,7],[-27,-46],[-26,-1]],[[6558,8064],[-48,9],[-50,44],[-38,68],[-6,43],[-28,7]],[[6388,8235],[12,33],[26,15],[2,31],[-40,4],[-1,568]],[[7365,8571],[-130,1]],[[7235,8572],[-281,6],[1,-13],[-130,4]],[[6815,9304],[67,-9],[252,-17],[-23,-59],[26,-47],[26,-22],[-8,-109],[33,-91],[21,-12],[147,4]],[[7361,8787],[2,-134]],[[7363,8653],[2,-82]],[[7855,8542],[-9,53],[22,61],[-505,-3]],[[8062,9260],[80,-168],[-30,-123],[49,-38],[14,-183]],[[8175,8748],[3,-234],[-113,2],[-5,16],[-16,6],[-94,22],[-95,-18]],[[2962,8678],[-1,-278]],[[2961,8400],[-17,37],[-91,-12],[-86,133],[-238,78],[58,120],[87,-1],[40,99],[-195,-76],[-47,53],[-129,-27],[27,-79],[96,-6],[41,-166],[-344,241]],[[2961,8380],[-3,-166]],[[2958,8214],[-322,279],[80,10],[128,-127],[74,16],[-23,24],[66,-36]],[[6267,8160],[-27,22],[-21,-17],[-11,95],[-33,21],[-17,55],[-30,23],[-14,-4],[-14,32],[-48,53],[-26,10],[-12,24],[-64,45],[-15,-6],[-38,16],[-35,-20],[-44,15],[-19,69],[3,29],[-15,25],[5,61],[-14,65]],[[6388,8235],[-30,-4],[-28,-27],[-34,-1],[-29,-43]],[[1117,9991],[103,0],[419,-11]],[[1634,9104],[-85,65],[-209,-128],[-237,-10]],[[1103,9031],[14,960]],[[1101,9008],[225,18],[114,-13],[16,-9],[-13,-13],[-272,15],[-72,-20]],[[1099,8986],[2,22]],[[1635,8981],[-156,37],[155,-6]],[[1103,9031],[-532,-103],[344,179],[-108,84],[37,126],[-44,-5],[-65,-227],[-73,189],[-62,-12]],[[600,9262],[-52,9],[-37,72],[-24,20],[7,23],[-21,54],[1,87],[-47,33],[-8,73],[18,68],[-15,50],[4,35],[22,38],[1,46],[42,26],[27,56],[29,1],[64,46]],[[611,9999],[506,-8]],[[1044,8980],[1,21]],[[1045,9001],[56,7]],[[1099,8986],[-55,-6]],[[600,9262],[15,-153],[-151,-178],[-198,-56],[20,130],[82,49],[-1,42],[-94,41],[-35,82],[31,41],[38,106],[-7,79],[-27,41],[-54,21],[-88,71],[-20,61],[-98,104],[-13,47],[47,128],[-11,80],[575,1]],[[1044,8980],[-538,-108],[-33,0],[-30,18],[5,12],[111,-8],[83,28],[121,29],[157,20],[125,30]],[[5700,8055],[-5,-70],[-27,-52],[-22,-122],[-16,-14],[-40,7],[-18,-10]],[[5572,7794],[-193,112],[-136,287],[-420,275]],[[5627,8777],[-14,-622],[30,0],[-1,-102],[58,2]],[[4688,8505],[-97,-30],[-113,44],[-159,-64],[-9,-152],[-102,24]],[[4208,8327],[-18,-20],[-26,33],[-62,-29],[-1,33],[-31,17]],[[6267,8160],[11,-42],[-23,-54],[-13,-19],[-33,2]],[[6209,8047],[-21,-3],[-14,14],[-474,-3]],[[8060,7722],[-1,213],[-56,84],[-25,60]],[[7978,8079],[-22,104],[14,61],[-4,31],[-107,98],[-20,38],[22,110],[-6,21]],[[8175,8748],[172,-552],[-19,-138],[96,-151],[14,-114]],[[8438,7793],[-20,-11],[-23,4],[-10,-18],[-43,-20],[-22,17],[0,-43],[-260,0]],[[3431,8307],[17,-79],[1,-55],[-4,-48],[-22,-30],[5,-53],[-17,-61],[-21,15],[-33,-23],[-45,-2],[-124,-105],[-5,-19]],[[3183,7847],[-199,-31],[-59,155],[-6,143],[28,20],[-12,-134],[58,-170],[68,17],[8,179],[-111,188]],[[2961,8380],[0,20]],[[7978,8079],[-298,-11],[-62,-50],[-65,-20],[-54,-63],[-62,-16],[-56,-42],[-13,6]],[[7368,7883],[-3,688]],[[6890,8217],[-31,9],[-32,-7],[-35,19],[-58,-2]],[[7235,8572],[11,-23],[-9,-27],[-23,-16],[-13,-31],[-59,-69],[-44,-21],[-59,-109],[-24,-12],[-25,9],[-24,-46],[-76,-10]],[[7368,7883],[-17,43],[-28,17],[1,26],[-24,12],[-26,80],[-163,38],[-17,-12],[-36,3],[-69,52],[-48,1],[-28,16],[-23,58]],[[4208,8327],[6,-54],[125,-20],[-11,-61],[-155,32],[-520,-302],[-93,51],[-78,-96],[-299,-30]],[[6891,7489],[-197,-7],[-1,96],[-130,4],[-2,41]],[[6561,7623],[-3,441]],[[7368,7883],[-11,-407]],[[7357,7476],[0,-35],[-19,-27],[-27,-13],[-40,6],[-34,-21],[-77,15],[-6,34],[24,17],[-27,42],[-260,-5]],[[6561,7623],[-131,-3],[0,25],[-23,2],[0,14],[-110,1],[0,11],[-106,5]],[[6191,7678],[-23,6],[-13,30],[2,29],[20,26],[-5,61],[10,28],[14,4],[-19,27],[18,1],[-9,59],[11,50],[15,14],[-3,34]],[[8168,7330],[-8,-16],[-308,-88]],[[7852,7226],[1,17],[23,5],[-7,30],[-18,19],[-77,7],[-6,88],[-41,3],[-6,91],[-81,6],[-7,68],[-27,-13],[-26,7],[-19,-19],[-44,12],[-5,-10],[-47,-3],[-108,-58]],[[8060,7722],[4,-223],[29,-48],[37,-104],[38,-17]],[[6191,7678],[-8,-37],[-33,-46],[-2,-31],[-14,-19],[-5,-63],[-47,-73],[-3,-52],[-46,-40],[-13,-29],[5,-18],[-38,-16],[-25,-25]],[[5962,7229],[-86,26],[-79,149],[-193,142],[-32,248]],[[8601,7398],[-54,-20],[6,-254],[-352,-1],[-4,223],[-24,-4],[-5,-12]],[[8438,7793],[163,-395]],[[6891,7489],[8,-440],[-177,-1],[-3,-273]],[[6719,6775],[-54,-37],[-26,2],[-11,-21],[-114,35],[-29,-9],[-22,-28],[-34,-16]],[[6429,6701],[-62,242],[-309,40],[-49,143],[-91,56],[44,47]],[[7852,7226],[6,-26],[39,-44]],[[7897,7156],[5,-384],[-25,0],[5,-155],[-391,-1]],[[7491,6616],[-469,2]],[[7022,6618],[-26,31],[-26,-2],[-25,51],[-43,26],[-29,3],[-16,29],[-45,14],[-93,5]],[[8761,6045],[-23,40],[-32,128],[-41,56],[6,63],[-18,44],[-56,20],[-29,-51],[-73,1],[-40,32],[-12,29],[-158,15],[-17,29],[4,17]],[[8272,6468],[1,25],[18,26],[10,73],[-9,36],[-16,27],[-18,8],[-6,39],[-27,35],[-35,16],[-35,39],[-5,46],[-51,8],[-37,103],[5,30],[-23,18],[-47,9],[-9,16],[-46,9],[-5,42],[-24,18],[1,34],[-17,31]],[[8601,7398],[17,-130],[411,-937]],[[9029,6331],[-61,2]],[[8968,6333],[-25,-1]],[[8943,6332],[-151,0],[-1,-290],[-30,3]],[[9095,6337],[-36,55],[-71,122],[-98,195],[-33,96],[22,-17],[49,-115],[167,-336]],[[8207,6331],[-329,-11],[0,-301],[11,-18],[-10,-21],[-3,-379]],[[7876,5601],[-169,-4],[-5,29],[-87,0],[-1,-28],[-126,2]],[[7488,5600],[3,1016]],[[8272,6468],[-62,-60],[-3,-77]],[[7076,6128],[-195,0],[1,50],[-296,0]],[[6586,6178],[-59,192],[59,9],[0,117],[-157,205]],[[7022,6618],[55,-112],[50,-63],[31,-18],[49,-74],[-32,-67],[-32,-14],[-37,-42],[-30,-100]],[[7488,5600],[-5,-66],[-31,4],[-19,29],[-48,-4],[-32,-17]],[[7353,5546],[1,271]],[[7354,5817],[5,81],[-10,15],[-49,-3],[-14,27],[-20,-3],[-29,42],[-92,6],[-9,33],[-63,92],[3,21]],[[8761,6045],[-444,-6],[3,45],[-175,4],[5,112],[37,21],[20,110]],[[8761,6045],[22,-32],[30,-2],[23,-44],[-3,-49],[16,-7],[2,-20],[45,-20],[21,-52],[-29,-41],[-7,-45],[6,-23],[16,-12],[12,-101]],[[8915,5597],[-1039,4]],[[7354,5817],[-259,2],[-3,-65],[-555,-12]],[[6537,5742],[49,436]],[[9029,6331],[31,-80],[-92,82]],[[8917,4741],[-1,430],[15,-1],[-7,408],[-9,19]],[[8943,6332],[137,-639],[336,-875],[-22,-73]],[[9394,4745],[-477,-4]],[[9108,6330],[193,-321],[71,-210],[-82,-89],[-44,5],[58,225],[-29,92],[-80,24],[-42,-50],[-117,50],[-7,114],[67,31],[-25,50],[149,-131],[-112,210]],[[9157,5995],[46,32],[59,-46],[-71,-241],[-5,-208],[81,-259],[-153,397],[43,325]],[[7286,5319],[-714,0]],[[6572,5319],[-174,0]],[[6398,5319],[139,423]],[[7353,5546],[4,-85],[-70,-2],[-1,-140]],[[8002,4445],[-652,-4]],[[7350,4441],[-4,871],[-60,7]],[[7876,5601],[-1,-137],[126,-4],[61,-117],[3,-78],[84,-4],[3,-95],[138,1],[-4,-48],[-40,-57],[-45,37],[-21,3],[-10,20],[-29,-3],[-3,-11],[32,-22],[26,-48],[40,-6],[103,-177],[15,-51],[35,-29],[40,0],[36,-35],[25,-64],[25,-28],[9,-57],[20,-20],[5,-62],[21,-29],[-5,-37]],[[8565,4443],[-563,2]],[[8917,4741],[-6,-151],[11,-3],[0,-144]],[[8922,4443],[-357,0]],[[6572,5319],[2,-238]],[[6574,5081],[-7,-36],[-63,64],[34,-59],[-37,-58],[74,-14],[-107,-43],[213,-103],[-78,-50],[-28,-219],[-44,-17],[-153,205],[87,-185],[-17,-52],[-136,272],[86,533]],[[7350,4441],[-653,3]],[[6697,4444],[195,244],[8,190],[-82,56],[-30,-195],[-36,15],[-37,173],[-141,154]],[[9171,4308],[-130,2],[3,127],[-122,6]],[[9394,4745],[36,33],[106,-235],[58,-245]],[[9594,4298],[-423,10]],[[7352,3931],[-2,510]],[[8002,4445],[4,-504]],[[8006,3941],[-379,3],[-2,-10],[-273,-3]],[[8812,3727],[-285,3],[-7,-146],[-126,-5],[-4,-144],[-79,-4],[0,17],[-14,-13],[-295,-4]],[[8002,3431],[4,510]],[[8565,4443],[-23,-112],[-51,-23],[-20,-42],[10,-73],[45,-35],[26,-37],[8,-53],[21,-14],[8,-23],[74,-18],[35,-33],[-7,-41],[19,-54],[42,-22],[7,-62],[53,-74]],[[7352,3724],[-257,1],[-1,291],[-414,3]],[[6680,4019],[-159,144],[62,49],[-36,-16],[-21,51],[256,-77],[-35,56],[115,18],[-196,-17],[-83,40],[91,26],[20,49],[-95,-45],[114,88],[-16,59]],[[7352,3931],[0,-207]],[[9168,3724],[-4,-124],[-268,-289]],[[8896,3311],[32,312],[-60,72],[-56,32]],[[9171,4308],[8,-437],[-7,0],[-4,-147]],[[9594,4298],[156,-481]],[[9750,3817],[-65,1],[-1,-40]],[[9684,3778],[-49,12],[48,-59]],[[9683,3731],[0,-15],[-515,8]],[[7086,3387],[-32,33],[32,-44]],[[7086,3376],[-1,-78],[-128,-3]],[[6957,3295],[-56,82],[38,-84]],[[6939,3293],[-15,-1]],[[6924,3292],[-167,479],[-32,39],[22,-83],[-73,106],[49,95],[-43,91]],[[7352,3724],[2,-292]],[[7354,3432],[-267,3],[-1,-48]],[[8002,3431],[-548,1]],[[7454,3432],[-18,0]],[[7436,3432],[-82,0]],[[9750,3817],[65,-131],[-44,49],[-87,43]],[[9683,3731],[91,-16],[97,-155],[76,-224],[-32,0]],[[9915,3336],[-32,3],[-4,-28],[-983,0]],[[8896,3311],[-57,-315],[-655,6],[-4,19],[-35,0],[-3,-25],[-137,-2]],[[8005,2994],[-3,437]],[[7436,3432],[-27,-91],[-185,-66],[-138,112]],[[8005,2994],[-669,0]],[[7336,2994],[22,165],[-61,91],[140,68],[17,114]],[[7086,3376],[107,-139],[30,-205],[-179,99],[-87,164]],[[6939,3293],[34,-73],[-49,72]],[[8906,2278],[-10,1033]],[[9915,3336],[84,-292],[-45,-779]],[[9954,2265],[-147,3],[-34,13],[-867,-3]],[[8906,2278],[-4,-125]],[[8902,2153],[-512,-9],[1,433],[-390,-2]],[[8001,2575],[4,419]],[[8001,2575],[-3,-151],[-117,3],[-3,-176],[-211,1],[-1,20],[-41,3]],[[7625,2275],[-20,178],[-102,46],[-35,82],[52,29],[59,179],[146,111],[-163,-77],[-63,-187],[-101,-43],[-82,316],[20,85]],[[7292,2695],[46,-146],[-41,-6],[-50,245],[-63,68],[72,17],[36,-178]],[[8913,1698],[-1,-300]],[[8912,1398],[-504,2]],[[8408,1400],[-362,185],[-248,14],[17,127],[-118,184],[-25,286],[-47,79]],[[8902,2153],[11,-455]],[[9954,2265],[-56,-576]],[[9898,1689],[-225,-6],[0,-27],[-506,4],[-3,41],[-251,-3]],[[9898,1689],[-87,-360],[-143,-242],[-37,-205],[37,-146],[-152,-251],[-5,-95],[-173,33],[-188,-99],[-215,55]],[[8935,379],[-4,303],[-21,3],[2,713]],[[8935,379],[-157,-91],[-189,6],[-38,50],[-47,173],[57,86],[170,-176],[80,-20],[47,73],[-78,125],[-223,123],[-152,470],[77,49],[-74,153]],[[9737,659],[-140,-325],[-307,-334],[310,422],[30,93],[-41,47],[148,97]]],"transform":{"scale":[0.0007575558344412187,0.0006047385550354248],"translate":[-87.6257115778429,24.956376423110417]}}