{"type":"Topology","objects":{"Idaho.geo":{"type":"GeometryCollection","geometries":[{"type":"Polygon","properties":{"name":"Boundary","fips":"16021"},"id":"Boundary","arcs":[[0,1]]},{"type":"Polygon","properties":{"name":"Bonner","fips":"16017"},"id":"Bonner","arcs":[[-2,2,3,4,5]]},{"type":"Polygon","properties":{"name":"Shoshone","fips":"16079"},"id":"Shoshone","arcs":[[6,7,8,9,-4,10]]},{"type":"Polygon","properties":{"name":"Kootenai","fips":"16055"},"id":"Kootenai","arcs":[[-5,-10,11,12]]},{"type":"Polygon","properties":{"name":"Benewah","fips":"16009"},"id":"Benewah","arcs":[[-9,13,14,-12]]},{"type":"Polygon","properties":{"name":"Latah","fips":"16057"},"id":"Latah","arcs":[[-14,-8,15,16,17]]},{"type":"Polygon","properties":{"name":"Clearwater","fips":"16035"},"id":"Clearwater","arcs":[[-16,-7,18,19,20,21]]},{"type":"Polygon","properties":{"name":"Idaho","fips":"16049"},"id":"Idaho","arcs":[[22,23,24,25,26,-20,27,28]]},{"type":"Polygon","properties":{"name":"Nez Perce","fips":"16069"},"id":"Nez Perce","arcs":[[29,-26,30,-17,-22]]},{"type":"Polygon","properties":{"name":"Lewis","fips":"16061"},"id":"Lewis","arcs":[[-30,-21,-27]]},{"type":"Polygon","properties":{"name":"Lemhi","fips":"16059"},"id":"Lemhi","arcs":[[31,32,-29,33,34,35]]},{"type":"Polygon","properties":{"name":"Adams","fips":"16003"},"id":"Adams","arcs":[[36,37,38,-24,39]]},{"type":"Polygon","properties":{"name":"Valley","fips":"16085"},"id":"Valley","arcs":[[40,41,-40,-23,-33,42]]},{"type":"Polygon","properties":{"name":"Custer","fips":"16037"},"id":"Custer","arcs":[[43,44,45,-43,-32]]},{"type":"Polygon","properties":{"name":"Washington","fips":"16087"},"id":"Washington","arcs":[[46,47,-38,48]]},{"type":"Polygon","properties":{"name":"Fremont","fips":"16043"},"id":"Fremont","arcs":[[49,50,51,52,53]]},{"type":"Polygon","properties":{"name":"Clark","fips":"16033"},"id":"Clark","arcs":[[54,55,-35,56,-51]]},{"type":"Polygon","properties":{"name":"Gem","fips":"16045"},"id":"Gem","arcs":[[57,-49,-37,-42,58,59,60]]},{"type":"Polygon","properties":{"name":"Boise","fips":"16015"},"id":"Boise","arcs":[[61,-59,-41,-46,62]]},{"type":"Polygon","properties":{"name":"Butte","fips":"16023"},"id":"Butte","arcs":[[-36,-56,63,64,65,-44]]},{"type":"Polygon","properties":{"name":"Payette","fips":"16075"},"id":"Payette","arcs":[[-58,66,67,-47]]},{"type":"Polygon","properties":{"name":"Elmore","fips":"16039"},"id":"Elmore","arcs":[[68,69,70,-63,71,72,73]]},{"type":"Polygon","properties":{"name":"Jefferson","fips":"16051"},"id":"Jefferson","arcs":[[74,-64,-55,-50,75,76]]},{"type":"Polygon","properties":{"name":"Blaine","fips":"16013"},"id":"Blaine","arcs":[[77,78,-72,-45,-66,79,80,81,82]]},{"type":"Polygon","properties":{"name":"Teton","fips":"16081"},"id":"Teton","arcs":[[83,84,-53,85]]},{"type":"Polygon","properties":{"name":"Madison","fips":"16065"},"id":"Madison","arcs":[[86,-76,-54,-85]]},{"type":"Polygon","properties":{"name":"Canyon","fips":"16027"},"id":"Canyon","arcs":[[87,88,-67,-61,89]]},{"type":"Polygon","properties":{"name":"Camas","fips":"16025"},"id":"Camas","arcs":[[90,-73,-79,91]]},{"type":"Polygon","properties":{"name":"Ada","fips":"16001"},"id":"Ada","arcs":[[-71,92,-90,-60,-62]]},{"type":"Polygon","properties":{"name":"Owyhee","fips":"16073"},"id":"Owyhee","arcs":[[-88,-93,-70,93,94]]},{"type":"Polygon","properties":{"name":"Bonneville","fips":"16019"},"id":"Bonneville","arcs":[[-77,-87,-84,95,96,97]]},{"type":"Polygon","properties":{"name":"Bingham","fips":"16011"},"id":"Bingham","arcs":[[98,99,-80,-65,-75,-98,100]]},{"type":"Polygon","properties":{"name":"Lincoln","fips":"16063"},"id":"Lincoln","arcs":[[101,102,-92,-78,103]]},{"type":"Polygon","properties":{"name":"Gooding","fips":"16047"},"id":"Gooding","arcs":[[104,-74,-91,-103,105]]},{"type":"Polygon","properties":{"name":"Minidoka","fips":"16067"},"id":"Minidoka","arcs":[[106,-104,-83,107]]},{"type":"Polygon","properties":{"name":"Power","fips":"16077"},"id":"Power","arcs":[[108,-81,-100,109,110]]},{"type":"Polygon","properties":{"name":"Caribou","fips":"16029"},"id":"Caribou","arcs":[[111,112,-101,-97,113,114]]},{"type":"Polygon","properties":{"name":"Bannock","fips":"16005"},"id":"Bannock","arcs":[[-110,-99,-113,115,116]]},{"type":"Polygon","properties":{"name":"Twin Falls","fips":"16083"},"id":"Twin Falls","arcs":[[-94,-69,-105,117,118,119]]},{"type":"Polygon","properties":{"name":"Jerome","fips":"16053"},"id":"Jerome","arcs":[[-118,-106,-102,-107,120]]},{"type":"Polygon","properties":{"name":"Cassia","fips":"16031"},"id":"Cassia","arcs":[[-119,-121,-108,-82,-109,121,122]]},{"type":"Polygon","properties":{"name":"Bear Lake","fips":"16007"},"id":"Bear Lake","arcs":[[123,-115,124]]},{"type":"Polygon","properties":{"name":"Oneida","fips":"16071"},"id":"Oneida","arcs":[[-122,-111,-117,125,126]]},{"type":"Polygon","properties":{"name":"Franklin","fips":"16041"},"id":"Franklin","arcs":[[127,-126,-116,-112,-124]]}]}},"arcs":[[[336,9768],[-5,231],[1564,0],[11,-715]],[[1906,9284],[-1179,-4],[-1,486],[-390,2]],[[1906,9284],[2,-415],[4,-331]],[[1912,8538],[-118,63],[-71,-8],[-119,58],[-68,-4],[-63,-48],[-4,-190]],[[1469,8409],[-278,0],[-3,145],[-213,1],[-1,-25],[-652,0]],[[322,8530],[-2,108],[16,1130]],[[3670,7038],[-2203,-5]],[[1467,7033],[0,135]],[[1467,7168],[0,564]],[[1467,7732],[2,677]],[[1912,8538],[45,-16],[43,-57],[98,-83],[55,-37],[55,-20],[33,-31],[21,-70],[74,-16],[24,-51],[68,-20],[0,-79],[57,-34],[10,-36],[-82,-82],[67,-18],[14,-45],[85,-20],[-5,-25],[-20,-12],[-124,-6],[-28,-16],[-1,-17],[136,-33],[44,-27],[64,-14],[71,-51],[52,-61],[35,-15],[121,-10],[30,-15],[104,-13],[30,-14],[47,-93],[166,-80],[34,-37],[38,-9],[21,-40],[88,-53],[41,-76],[30,-14],[58,-6],[59,-48]],[[1467,7732],[-310,-10],[-2,8],[-110,0],[-2,-20],[-67,-1],[0,-39],[-172,-2],[1,26],[-58,1],[1,-15],[-68,-2],[1,-20],[-366,2]],[[315,7660],[7,870]],[[1467,7168],[-215,2],[0,15],[-602,-3],[-5,15],[-121,54],[-79,-18],[-38,82],[-90,0]],[[317,7315],[-3,198],[1,147]],[[1467,7033],[-3,-427],[-214,-1]],[[1250,6605],[-259,-4],[-115,-68],[-23,-54],[-538,4]],[[315,6483],[2,832]],[[3670,7038],[66,-26],[-27,-23],[-12,-55],[74,-76],[58,-3],[41,-31],[76,-13],[26,-15],[-8,-75],[56,-12],[80,55],[40,2],[78,-68],[-31,-23],[0,-15],[55,-45]],[[4242,6615],[-41,-16],[-1614,-219],[-41,-73],[-118,-65],[-7,-49],[-45,-72],[-34,-24],[-50,-3],[-113,29],[-131,10],[-49,11],[-112,77],[-96,2],[-70,17]],[[1721,6240],[-31,55],[-193,4],[-24,47],[-76,36]],[[1397,6382],[-2,39],[-134,0],[-11,184]],[[4111,4554],[-2062,4],[-13,30],[-117,-73],[-115,-18],[-24,-28],[-3,-33]],[[1777,4436],[-273,6],[22,31],[-36,100],[29,27],[-56,62],[-578,2]],[[885,4664],[27,104],[172,178],[18,48],[123,104],[13,57],[-72,83],[-21,66],[-53,53],[-151,47],[-79,55],[-114,1],[-28,37]],[[720,5497],[62,25],[28,34],[-15,85],[79,64]],[[874,5705],[70,-8],[22,7],[-1,42],[27,14],[70,-8],[65,-36],[21,3],[31,32],[1,127],[51,10],[37,89],[71,12],[51,-14],[61,0],[52,-22],[51,7],[140,-26],[24,11],[46,59],[91,1],[128,25],[4,6],[-170,79],[-96,125]],[[4242,6615],[114,13],[90,-21],[69,32],[93,22],[80,-10],[16,-45],[-30,-50],[-11,-100],[-17,-17],[-81,-26],[43,-85],[-21,-41],[-20,-9],[-36,-155],[-68,-45],[2,-13],[54,-34],[-3,-73],[-42,-19],[-69,3],[-15,-31],[20,-28],[48,-13],[34,-36],[-16,-44],[-46,-40],[32,-19],[-16,-28],[116,-26],[12,-26],[-39,-46],[26,-15],[33,-57],[-24,-35],[-57,9],[-50,-19],[-41,5],[-29,-47],[-75,-68],[35,-23],[11,-33],[61,-41],[-21,-29],[14,-31],[-101,-40],[38,-40],[-32,-68]],[[4323,5073],[-46,-36],[-68,-15],[-50,-71],[-26,1],[-139,52],[-28,-6],[-17,-28],[-11,-61],[57,-16],[32,-43],[55,-13],[109,-101],[69,-40],[-117,-84],[-32,-58]],[[1397,6382],[-67,-11],[35,-47],[49,-22],[-10,-93],[-161,0],[-32,-15],[-9,-20],[-351,1],[-8,-41],[64,-65],[-31,-31],[-2,-333]],[[720,5497],[-105,82],[-68,110],[-34,21],[-62,101],[-48,18],[42,27],[52,97],[-62,46],[-8,74],[-47,76],[-42,47],[-59,19],[32,57],[9,56],[-5,155]],[[6349,3191],[-26,14],[-2,61],[-45,72],[-63,47],[-20,51],[-36,25],[-22,42],[-42,-4],[-41,-44],[-46,-9],[-92,37],[-119,12],[-89,40],[-135,11],[-66,25],[-85,55],[-33,8],[-194,159],[-96,100],[-98,25],[-109,-3],[-5,22],[37,110],[-36,41],[-73,-26],[-16,-22],[-46,-16],[-83,-58],[-20,-35],[-57,-15],[-10,-36],[46,-22],[-13,-37],[-34,-33],[-50,-17],[-25,-47],[-40,-34],[-35,4],[-17,15],[-66,-32],[-78,22],[9,41],[-32,33],[-38,16],[-42,4],[-70,-14],[-49,5],[-17,33],[-42,41],[-46,18],[-27,39],[25,55],[-22,31]],[[3918,4001],[34,45],[30,4],[17,14],[-8,23],[26,5],[34,26],[-7,115],[25,46],[-15,197],[19,52],[38,26]],[[4323,5073],[54,13],[49,-16],[55,2],[47,-29],[24,-41],[77,-19],[34,-32],[38,-8],[104,40],[23,25],[10,46],[76,-11],[36,23],[65,9],[23,30],[57,22],[42,55],[63,22],[11,17],[-14,28],[16,20],[62,16],[12,-26],[60,-11],[5,-23],[35,-26],[-2,-34],[83,-5],[47,-13],[31,-24],[-49,-98],[85,2],[14,-14],[5,-41],[-26,-46],[17,-51],[54,-39],[4,-87],[81,-63],[-2,-22],[72,-79],[72,-37],[11,-45],[37,-21],[-5,-24],[36,-15],[68,1],[-17,-37],[49,-16],[6,-18],[50,-21],[-5,-23],[29,-42],[-13,-69],[-24,-13],[-38,-2],[-15,-12],[82,-114],[39,-25],[116,-37],[15,-41],[35,2],[100,43],[27,2],[165,-72],[17,-34],[42,-32],[4,-27],[42,-29],[30,-74],[-46,-59],[70,-38],[3,-33],[48,-32],[-20,-41],[22,-42],[-8,-21],[43,-3],[76,-40],[82,-21],[27,-33],[42,-23],[44,15],[-2,44]],[[7137,3426],[27,1],[1,-251],[-293,12]],[[6872,3188],[-523,3]],[[1761,3571],[-65,-8],[-34,10],[-42,-51],[-44,-6],[-59,-27]],[[1517,3489],[-177,3],[-182,67],[-3,168],[-126,4],[3,50],[-40,20],[3,246],[-466,-1]],[[529,4046],[19,28],[49,28],[52,74],[-20,49],[26,26],[-27,-2],[-13,12],[13,29],[-10,24],[76,47],[32,37],[15,34],[27,9],[40,45],[77,178]],[[1777,4436],[12,-49],[71,-12],[5,-9],[-25,-13],[0,-26],[-31,-16],[-12,-42],[13,-54],[-61,-32],[-5,-45],[-58,-44],[-16,-146],[43,-28],[35,-93],[-40,-144],[53,-112]],[[3154,3335],[-44,17],[-56,-7],[5,-40],[-13,-21],[-45,-15],[-28,-42],[-91,-32],[-75,6],[-53,-15],[-914,3],[-34,-125],[-144,3]],[[1662,3067],[7,253],[94,0],[-2,251]],[[3918,4001],[-54,-39],[-60,-10],[-97,-70],[-99,-3],[-42,35],[-78,29],[-100,-40],[6,-34],[-20,-53],[-68,-76],[-96,-10],[-5,-16],[-29,2],[-29,-29],[-10,-24],[17,-55],[25,-21],[49,-11],[34,-112],[-54,-84],[-34,-16],[-20,-29]],[[6349,3191],[-164,-4],[-1,-248],[-68,0],[23,-188],[-30,-68],[46,-23],[21,-29],[99,-49],[-2,-27],[-33,4],[-46,39],[-52,-26],[-2,-35],[-19,-20],[-190,-95],[-146,-35],[-74,-44],[-85,-24],[-9,-28],[-36,-22],[-13,-27]],[[5568,2242],[-20,7],[-6,32],[-37,12],[-52,51],[-58,11],[-21,28],[-49,18],[-61,55],[-21,44],[-41,38],[-20,1],[-36,-63],[-83,3],[-34,16],[-19,37],[-39,0],[-171,78],[-27,75],[-77,1],[-28,-15],[-62,21],[-171,12],[-17,-7],[-9,-62],[-67,-10],[-25,10],[-48,58],[-114,51],[-223,3],[3,90],[-18,7],[-90,1],[-66,-33],[-34,-34],[-62,-10]],[[3665,2768],[17,48],[-30,10],[-1,33],[-79,16],[-26,29],[4,29],[35,25],[40,12],[-7,14],[-42,14],[-24,21],[42,28],[-10,17],[-20,13],[-52,7],[-28,20],[-28,-5],[-39,29],[-56,12],[-20,45],[17,25],[-21,52],[-46,-1],[-26,35],[-39,5],[-20,22],[-52,12]],[[1286,3068],[-745,3]],[[541,3071],[-18,44],[-111,30],[9,39],[-27,31],[-60,3],[-35,-25],[-48,17],[-31,34],[-19,3],[-50,-27],[-44,4],[-69,45],[-7,23],[26,55],[-57,72],[32,54],[-12,65],[33,18],[27,37],[68,33],[2,35],[22,19],[83,166],[20,12],[44,74],[142,38],[68,76]],[[1517,3489],[-62,-105],[11,-38],[-24,-86],[11,-93],[-23,-101],[-144,2]],[[8529,2752],[-3,60],[-301,3],[-1,124]],[[8224,2939],[191,5],[4,115],[198,5],[2,62],[90,0],[21,179],[82,0],[5,122],[279,2],[1,208]],[[9097,3637],[61,15],[125,-35],[12,11],[38,2],[-6,17],[-49,2],[-35,60],[21,33],[-10,31],[61,4],[19,17],[-4,25],[-32,30],[9,16],[51,15],[78,-6],[17,41],[20,11],[36,-27],[50,2],[6,-32],[32,-32],[41,-13],[-1,-45],[76,-22],[7,-13],[-24,-22],[24,-42],[66,-11],[14,-28],[58,-25],[8,-39],[56,-21],[69,-18],[2,-701]],[[9993,2837],[-210,-76],[-74,18],[-109,-33],[-90,38],[-69,-40]],[[9441,2744],[-96,-6],[-69,16],[-80,-30],[-5,-31],[-223,0],[-3,18],[-220,2],[-2,36],[-214,3]],[[8224,2939],[-865,-1],[-4,-122]],[[7355,2816],[-483,3],[0,369]],[[7137,3426],[-13,37],[49,53],[27,23],[74,15],[31,18],[99,-23],[184,-5],[61,-21],[70,9],[61,-28],[85,0],[44,68],[-3,40],[97,24],[42,26],[42,-1],[20,-30],[30,-10],[122,-5],[39,-14],[65,15],[53,-8],[5,17],[74,-8],[61,29],[109,9],[105,-74],[24,20],[42,1],[80,21],[52,24],[129,-11]],[[864,2577],[7,247],[211,-2],[6,41],[59,0],[8,80],[121,0],[10,125]],[[1662,3067],[-97,0],[3,-493],[-17,-2]],[[1551,2572],[-369,3]],[[1182,2575],[-318,2]],[[2043,2259],[-492,313]],[[3665,2768],[-107,18],[-41,-20],[-14,21],[-27,-4],[2,32],[-41,-7],[-36,23],[-34,124],[-35,23],[-70,8],[46,-47],[-29,-19],[-24,-50],[-71,-67],[-33,-54],[-78,-18],[-52,6],[-59,-13],[-163,-53],[-36,-30],[-17,-70],[-98,-27],[-44,-53],[-9,-62],[-63,-20],[-37,-35],[-147,-34],[-25,-25],[-124,-39],[-119,22],[-37,-39]],[[7355,2816],[8,-505]],[[7363,2311],[-17,2],[1,-122],[-188,-6],[-2,-124],[-192,0],[2,-115],[-20,-2],[-2,-114],[-98,-1]],[[6847,1829],[-574,6],[5,118],[-449,2],[4,113],[25,20],[37,3],[-5,14],[-52,24],[-68,6],[8,31],[-28,27],[-16,53],[-24,16],[-49,3],[-52,-30],[-41,7]],[[864,2577],[-75,1],[-4,-14],[-55,1],[-1,-12],[-90,1],[0,22],[-61,1],[-4,15],[-31,3],[-2,20],[-72,3],[-4,64],[-47,0]],[[418,2682],[0,44],[30,34],[-14,50],[56,73],[-70,85],[22,23],[26,4],[73,76]],[[3569,1302],[1,-203]],[[3570,1099],[-682,-2],[4,121],[23,2],[-3,108],[-98,3],[-59,15],[-87,-5],[-66,26],[-86,-24],[-133,3],[-30,14],[-4,35],[-87,-4],[-64,17],[-48,-1],[-32,25],[-21,1],[-49,-28],[21,-53],[-71,2],[-84,54],[-46,5],[-48,33],[-51,11],[-8,32],[-52,4],[-30,24],[12,27],[-11,16],[-72,12],[-21,13]],[[1587,1585],[460,8],[-4,666]],[[3665,2768],[-23,-44],[29,-59]],[[3671,2665],[-96,-97],[-20,-84],[56,-47],[-41,-62],[7,-58],[-26,-32],[-56,-6],[-2,-574]],[[3493,1705],[-4,-385],[34,-16],[46,-2]],[[7640,2316],[-277,-5]],[[8529,2752],[-21,-254],[79,10],[71,-14],[39,-38],[60,-13],[96,-56],[91,-23],[133,-3],[1,-38]],[[9078,2323],[-1438,-7]],[[5698,1706],[-1058,4]],[[4640,1710],[-2,84],[-27,1],[-4,16],[3,86],[-222,4],[-11,55],[16,26],[-25,13],[-2,49],[47,48],[-1,25],[-82,28],[-52,40],[4,36],[-16,16],[-44,6],[-35,25],[-39,5],[-9,31],[28,47],[-33,53],[20,64],[-17,17],[7,20],[-20,57],[-30,18],[-16,-10],[-49,2],[-19,-12],[-55,5],[-81,-10],[-12,8],[7,20],[-24,16],[-153,37],[-21,29]],[[6847,1829],[-4,-246]],[[6843,1583],[-381,3],[14,-494],[86,-2],[-4,-138],[-85,1],[-1,-68]],[[6472,885],[-34,-10],[-11,12],[-114,27],[-20,31],[-30,13],[-165,-7]],[[6098,951],[0,264],[86,-1],[4,489],[-490,3]],[[9999,2171],[-233,34],[-41,79],[-33,29],[-244,3]],[[9448,2316],[-7,428]],[[9993,2837],[6,-666]],[[9448,2316],[-370,7]],[[1187,1838],[-117,37],[-55,68],[-60,25],[-138,112],[-41,19],[-37,55],[-6,49],[-65,63],[-98,17],[-99,56],[-30,42],[-101,23]],[[340,2404],[4,107],[-21,66],[15,45],[28,12],[-9,19],[49,9],[12,20]],[[1182,2575],[-2,-242],[60,-2],[9,-254],[-66,-1],[4,-238]],[[4280,1707],[-787,-2]],[[4640,1710],[-360,-3]],[[1587,1585],[-65,24],[-118,82],[-10,34],[11,38],[-71,74],[-147,1]],[[3570,1099],[3,-1096]],[[3573,3],[-1490,-3],[-1688,0],[-43,0],[-12,2404]],[[9999,2171],[-1,-330],[-3,-378]],[[9995,1463],[-853,4]],[[9142,1467],[5,360],[-382,5],[-5,115],[-346,2],[-6,62],[-105,1],[-2,16],[-664,3],[3,285]],[[8375,1465],[-967,-2],[-118,-46],[-18,-54]],[[7272,1363],[-69,-88],[-46,-36],[-319,-8],[5,352]],[[9142,1467],[-767,-2]],[[5351,1097],[-192,4],[0,58],[-472,1],[-4,20],[-28,-1],[0,37],[-363,1]],[[4292,1217],[-12,490]],[[5698,1706],[6,-488],[-77,-2],[-2,-118],[-274,-1]],[[4247,918],[-71,19],[-128,4],[-46,11],[-46,-6],[-30,9],[-22,41],[-26,11],[-12,56],[-83,39],[-49,5],[-8,12],[6,53],[37,17],[12,21],[-18,41],[-31,11],[-23,32],[-20,7],[-82,11],[-38,-10]],[[4292,1217],[-46,-1],[1,-298]],[[5350,758],[1,339]],[[6098,951],[-124,-19],[-51,-19],[-69,-92],[-80,-72],[-86,-2],[-72,40],[-104,-20],[-93,10],[-69,-19]],[[6851,471],[-1,372],[-290,5],[0,31],[-58,12],[-30,-6]],[[7272,1363],[10,-14],[-20,-36],[17,-16],[41,34],[9,26],[84,-2],[50,24],[53,6],[56,-30],[13,-26],[46,-36],[2,-153],[31,-1],[0,-77],[71,-2],[2,-50],[36,1],[0,-33],[30,-2],[-3,-42],[54,-2],[-16,-120],[-45,-3],[-4,-87]],[[7789,722],[-119,-2],[-4,-119],[-246,-3],[-2,-115],[-198,-2],[-3,-9],[-366,-1]],[[9130,599],[-192,2],[-4,15],[-23,0],[-4,-17],[-237,-2]],[[8670,597],[-17,103],[-20,2],[-4,60],[-23,0],[-10,159],[-45,2],[-5,55],[-15,5],[-24,47],[-131,6],[-52,-28],[-16,2],[-16,9],[-8,32],[-48,42],[-7,53],[33,44],[-25,93],[13,53],[17,17],[40,9],[32,37],[39,17],[-3,49]],[[9995,1463],[4,-737]],[[9999,726],[-29,-19],[-62,-13],[-48,4],[-85,-16],[-56,5],[-33,23],[41,77],[-3,40],[-28,37],[-70,-60],[-71,9],[-32,41],[-22,6],[-369,-1],[-65,-32],[7,-58],[-23,-34],[55,-44],[35,-53],[-11,-39]],[[8670,597],[-24,0],[-5,-222],[-150,0],[-2,39],[-218,3]],[[8271,417],[-58,25],[-6,28],[-34,13],[-6,29],[-111,2],[-36,-52],[-76,13],[11,47],[46,40],[-8,83],[-24,14],[-23,-17],[-26,3],[-84,78],[-47,-1]],[[4247,918],[144,-22],[120,-42],[147,-9],[74,-33],[192,-33],[55,-49],[32,-11],[60,5],[79,29],[74,-1]],[[5224,752],[-5,-15],[-93,-13],[2,-133],[-335,-4],[0,-585]],[[4793,2],[-1220,1]],[[5350,758],[-126,-6]],[[6851,471],[10,-462]],[[6861,9],[-1695,-8],[-373,1]],[[9276,8],[-26,88],[-131,45],[15,61],[-49,41],[-10,58],[24,56],[56,40],[-24,67],[49,34],[-11,32],[-52,42],[13,27]],[[9999,726],[-3,-724],[-720,6]],[[8271,417],[53,-28],[32,-43],[-7,-96],[-57,-2],[5,-237]],[[8297,11],[-75,-5],[-1361,3]],[[9276,8],[-979,3]]],"transform":{"scale":[0.000619076875930231,0.0007006051603133801],"translate":[-117.2369208774436,41.99459947184533]}}