{"type":"Topology","objects":{"Kentucky.geo":{"type":"GeometryCollection","geometries":[{"type":"Polygon","properties":{"name":"Boone","fips":"21015"},"id":"Boone","arcs":[[0,1,2,3]]},{"type":"Polygon","properties":{"name":"Campbell","fips":"21037"},"id":"Campbell","arcs":[[4,5,6]]},{"type":"Polygon","properties":{"name":"Kenton","fips":"21117"},"id":"Kenton","arcs":[[7,-4,8,-5,9]]},{"type":"Polygon","properties":{"name":"Pendleton","fips":"21191"},"id":"Pendleton","arcs":[[10,11,-10,-7,12,13]]},{"type":"Polygon","properties":{"name":"Gallatin","fips":"21077"},"id":"Gallatin","arcs":[[14,15,-2,16,17]]},{"type":"Polygon","properties":{"name":"Bracken","fips":"21023"},"id":"Bracken","arcs":[[-14,18,19,20,21]]},{"type":"Polygon","properties":{"name":"Grant","fips":"21081"},"id":"Grant","arcs":[[22,23,-17,-1,-8,-12,24]]},{"type":"Polygon","properties":{"name":"Carroll","fips":"21041"},"id":"Carroll","arcs":[[25,26,27,-15,28]]},{"type":"Polygon","properties":{"name":"Mason","fips":"21161"},"id":"Mason","arcs":[[29,30,-20,31,32]]},{"type":"Polygon","properties":{"name":"Greenup","fips":"21089"},"id":"Greenup","arcs":[[33,34,35,36]]},{"type":"Polygon","properties":{"name":"Trimble","fips":"21223"},"id":"Trimble","arcs":[[37,38,-27,39]]},{"type":"Polygon","properties":{"name":"Owen","fips":"21187"},"id":"Owen","arcs":[[40,-29,-18,-24,41,42]]},{"type":"Polygon","properties":{"name":"Lewis","fips":"21135"},"id":"Lewis","arcs":[[43,-33,44,-35,45,46]]},{"type":"Polygon","properties":{"name":"Robertson","fips":"21201"},"id":"Robertson","arcs":[[47,48,-21,-31,49]]},{"type":"Polygon","properties":{"name":"Henry","fips":"21103"},"id":"Henry","arcs":[[50,51,52,-40,-26,-41]]},{"type":"Polygon","properties":{"name":"Harrison","fips":"21097"},"id":"Harrison","arcs":[[53,54,-25,-11,-22,-49,55]]},{"type":"Polygon","properties":{"name":"Oldham","fips":"21185"},"id":"Oldham","arcs":[[56,57,-38,-53,58]]},{"type":"Polygon","properties":{"name":"Fleming","fips":"21069"},"id":"Fleming","arcs":[[59,-50,-30,-44,60,61]]},{"type":"Polygon","properties":{"name":"Carter","fips":"21043"},"id":"Carter","arcs":[[-46,-34,62,63,64,65]]},{"type":"Polygon","properties":{"name":"Boyd","fips":"21019"},"id":"Boyd","arcs":[[-63,-37,66,67]]},{"type":"Polygon","properties":{"name":"Scott","fips":"21209"},"id":"Scott","arcs":[[68,-42,-23,-55,69,70,71]]},{"type":"Polygon","properties":{"name":"Nicholas","fips":"21181"},"id":"Nicholas","arcs":[[72,-56,-48,-60,73]]},{"type":"Polygon","properties":{"name":"Rowan","fips":"21205"},"id":"Rowan","arcs":[[74,-61,-47,-66,75,76,77]]},{"type":"Polygon","properties":{"name":"Jefferson","fips":"21111"},"id":"Jefferson","arcs":[[78,-57,79,80,81,82]]},{"type":"Polygon","properties":{"name":"Franklin","fips":"21073"},"id":"Franklin","arcs":[[83,-51,-43,-69,84,85]]},{"type":"Polygon","properties":{"name":"Bourbon","fips":"21017"},"id":"Bourbon","arcs":[[86,87,-70,-54,-73,88]]},{"type":"Polygon","properties":{"name":"Shelby","fips":"21211"},"id":"Shelby","arcs":[[89,90,-80,-59,-52,-84]]},{"type":"Polygon","properties":{"name":"Bath","fips":"21011"},"id":"Bath","arcs":[[91,-74,-62,-75,92]]},{"type":"Polygon","properties":{"name":"Lawrence","fips":"21127"},"id":"Lawrence","arcs":[[93,94,95,96,-64,-68,97]]},{"type":"Polygon","properties":{"name":"Elliott","fips":"21063"},"id":"Elliott","arcs":[[98,-76,-65,-97]]},{"type":"Polygon","properties":{"name":"Fayette","fips":"21067"},"id":"Fayette","arcs":[[99,100,101,-71,-88,102]]},{"type":"Polygon","properties":{"name":"Meade","fips":"21163"},"id":"Meade","arcs":[[103,104,105]]},{"type":"Polygon","properties":{"name":"Montgomery","fips":"21173"},"id":"Montgomery","arcs":[[106,107,-89,-92,108]]},{"type":"Polygon","properties":{"name":"Woodford","fips":"21239"},"id":"Woodford","arcs":[[109,-85,-72,-102,110,111]]},{"type":"Polygon","properties":{"name":"Spencer","fips":"21215"},"id":"Spencer","arcs":[[112,113,114,-81,-91]]},{"type":"Polygon","properties":{"name":"Anderson","fips":"21005"},"id":"Anderson","arcs":[[115,-113,-90,-86,-110,116,117]]},{"type":"Polygon","properties":{"name":"Morgan","fips":"21175"},"id":"Morgan","arcs":[[118,119,120,121,-77,-99,-96]]},{"type":"Polygon","properties":{"name":"Bullitt","fips":"21029"},"id":"Bullitt","arcs":[[122,-82,-115,123]]},{"type":"Polygon","properties":{"name":"Clark","fips":"21049"},"id":"Clark","arcs":[[124,125,-103,-87,-108,126]]},{"type":"Polygon","properties":{"name":"Menifee","fips":"21165"},"id":"Menifee","arcs":[[127,128,-109,-93,-78,-122]]},{"type":"Polygon","properties":{"name":"Breckinridge","fips":"21027"},"id":"Breckinridge","arcs":[[129,130,131,132,-104,133]]},{"type":"Polygon","properties":{"name":"Hardin","fips":"21093"},"id":"Hardin","arcs":[[134,-134,-106,135,-83,-123,136,137,138]]},{"type":"Polygon","properties":{"name":"Johnson","fips":"21115"},"id":"Johnson","arcs":[[139,-119,-95,140,141]]},{"type":"Polygon","properties":{"name":"Jessamine","fips":"21113"},"id":"Jessamine","arcs":[[142,143,-111,-101,144]]},{"type":"Polygon","properties":{"name":"Hancock","fips":"21091"},"id":"Hancock","arcs":[[145,146,147,-132]]},{"type":"Polygon","properties":{"name":"Nelson","fips":"21179"},"id":"Nelson","arcs":[[148,149,-137,-124,-114,-116,150]]},{"type":"Polygon","properties":{"name":"Henderson","fips":"21101"},"id":"Henderson","arcs":[[151,152,153,154,155]]},{"type":"Polygon","properties":{"name":"Mercer","fips":"21167"},"id":"Mercer","arcs":[[156,157,-117,-112,-144,158]]},{"type":"Polygon","properties":{"name":"Martin","fips":"21159"},"id":"Martin","arcs":[[-141,-94,159,160,161]]},{"type":"Polygon","properties":{"name":"Powell","fips":"21197"},"id":"Powell","arcs":[[-127,-107,-129,162,163,164]]},{"type":"Polygon","properties":{"name":"Daviess","fips":"21059"},"id":"Daviess","arcs":[[-155,165,-147,166,167]]},{"type":"Polygon","properties":{"name":"Madison","fips":"21151"},"id":"Madison","arcs":[[168,-145,-100,-126,169,170,171]]},{"type":"Polygon","properties":{"name":"Washington","fips":"21229"},"id":"Washington","arcs":[[172,-151,-118,-158,173]]},{"type":"Polygon","properties":{"name":"Union","fips":"21225"},"id":"Union","arcs":[[174,-153,175,176]]},{"type":"Polygon","properties":{"name":"Magoffin","fips":"21153"},"id":"Magoffin","arcs":[[177,178,-120,-140,179,180]]},{"type":"Polygon","properties":{"name":"Wolfe","fips":"21237"},"id":"Wolfe","arcs":[[181,182,-163,-128,-121,-179]]},{"type":"Polygon","properties":{"name":"Estill","fips":"21065"},"id":"Estill","arcs":[[183,-170,-125,-165,184]]},{"type":"Polygon","properties":{"name":"Garrard","fips":"21079"},"id":"Garrard","arcs":[[185,186,187,-159,-143,-169]]},{"type":"Polygon","properties":{"name":"Floyd","fips":"21071"},"id":"Floyd","arcs":[[188,-180,-142,-162,189]]},{"type":"Polygon","properties":{"name":"Pike","fips":"21195"},"id":"Pike","arcs":[[190,191,-190,-161,192]]},{"type":"Polygon","properties":{"name":"Ohio","fips":"21183"},"id":"Ohio","arcs":[[193,194,195,-167,-146,-131,196]]},{"type":"Polygon","properties":{"name":"Larue","fips":"21123"},"id":"Larue","arcs":[[-150,197,198,199,200,-138]]},{"type":"Polygon","properties":{"name":"Marion","fips":"21155"},"id":"Marion","arcs":[[-198,-149,-173,201,202,203]]},{"type":"Polygon","properties":{"name":"Lee","fips":"21129"},"id":"Lee","arcs":[[204,-185,-164,-183,205,206]]},{"type":"Polygon","properties":{"name":"Boyle","fips":"21021"},"id":"Boyle","arcs":[[207,-202,-174,-157,-188,208]]},{"type":"Polygon","properties":{"name":"Breathitt","fips":"21025"},"id":"Breathitt","arcs":[[209,210,211,-206,-182,-178]]},{"type":"Polygon","properties":{"name":"McLean","fips":"21149"},"id":"McLean","arcs":[[212,213,214,-156,-168,-196]]},{"type":"Polygon","properties":{"name":"Webster","fips":"21233"},"id":"Webster","arcs":[[215,-176,-152,-215,216,217]]},{"type":"Polygon","properties":{"name":"Lincoln","fips":"21137"},"id":"Lincoln","arcs":[[218,219,-209,-187,220]]},{"type":"Polygon","properties":{"name":"Grayson","fips":"21085"},"id":"Grayson","arcs":[[221,222,-197,-130,-135,223]]},{"type":"Polygon","properties":{"name":"Jackson","fips":"21109"},"id":"Jackson","arcs":[[224,-171,-184,-205,225,226,227]]},{"type":"Polygon","properties":{"name":"Hopkins","fips":"21107"},"id":"Hopkins","arcs":[[228,-217,-214,229,230]]},{"type":"Polygon","properties":{"name":"Casey","fips":"21045"},"id":"Casey","arcs":[[231,232,-203,-208,-220,233,234]]},{"type":"Polygon","properties":{"name":"Crittenden","fips":"21055"},"id":"Crittenden","arcs":[[235,236,237,-177,-216,238]]},{"type":"Polygon","properties":{"name":"Owsley","fips":"21189"},"id":"Owsley","arcs":[[239,-226,-207,-212,240]]},{"type":"Polygon","properties":{"name":"Rockcastle","fips":"21203"},"id":"Rockcastle","arcs":[[241,242,-221,-186,-172,-225]]},{"type":"Polygon","properties":{"name":"Knott","fips":"21119"},"id":"Knott","arcs":[[243,244,-210,-181,-189,-192]]},{"type":"Polygon","properties":{"name":"Taylor","fips":"21217"},"id":"Taylor","arcs":[[245,-199,-204,-233,246]]},{"type":"Polygon","properties":{"name":"Green","fips":"21087"},"id":"Green","arcs":[[247,248,-200,-246,249]]},{"type":"Polygon","properties":{"name":"Hart","fips":"21099"},"id":"Hart","arcs":[[250,251,-224,-139,-201,-249,252]]},{"type":"Polygon","properties":{"name":"Perry","fips":"21193"},"id":"Perry","arcs":[[253,254,-241,-211,-245,255,256]]},{"type":"Polygon","properties":{"name":"Livingston","fips":"21139"},"id":"Livingston","arcs":[[257,258,-237,259,260]]},{"type":"Polygon","properties":{"name":"Muhlenberg","fips":"21177"},"id":"Muhlenberg","arcs":[[261,262,263,-230,-213,-195,264]]},{"type":"Polygon","properties":{"name":"Butler","fips":"21031"},"id":"Butler","arcs":[[-265,-194,-223,265,266,267]]},{"type":"Polygon","properties":{"name":"Caldwell","fips":"21033"},"id":"Caldwell","arcs":[[268,269,-239,-218,-229,270]]},{"type":"Polygon","properties":{"name":"Pulaski","fips":"21199"},"id":"Pulaski","arcs":[[271,272,273,-234,-219,-243,274]]},{"type":"Polygon","properties":{"name":"Clay","fips":"21051"},"id":"Clay","arcs":[[275,276,-227,-240,-255,277,278]]},{"type":"Polygon","properties":{"name":"Edmonson","fips":"21061"},"id":"Edmonson","arcs":[[279,-266,-222,-252,280]]},{"type":"Polygon","properties":{"name":"Laurel","fips":"21125"},"id":"Laurel","arcs":[[-275,-242,-228,-277,281,282,283]]},{"type":"Polygon","properties":{"name":"Leslie","fips":"21131"},"id":"Leslie","arcs":[[284,-278,-254,285]]},{"type":"Polygon","properties":{"name":"Adair","fips":"21001"},"id":"Adair","arcs":[[286,-250,-247,-232,287,288]]},{"type":"Polygon","properties":{"name":"Letcher","fips":"21133"},"id":"Letcher","arcs":[[289,-256,-244,-191,290]]},{"type":"Polygon","properties":{"name":"Ballard","fips":"21007"},"id":"Ballard","arcs":[[291,292,293]]},{"type":"Polygon","properties":{"name":"McCracken","fips":"21145"},"id":"McCracken","arcs":[[294,-293,295,-258,296,297]]},{"type":"Polygon","properties":{"name":"Warren","fips":"21227"},"id":"Warren","arcs":[[298,-267,-280,299,300,301]]},{"type":"Polygon","properties":{"name":"Russell","fips":"21207"},"id":"Russell","arcs":[[302,303,-288,-235,-274,304]]},{"type":"Polygon","properties":{"name":"Lyon","fips":"21143"},"id":"Lyon","arcs":[[305,-260,-236,-270,306]]},{"type":"Polygon","properties":{"name":"Metcalfe","fips":"21169"},"id":"Metcalfe","arcs":[[307,-253,-248,-287,308,309]]},{"type":"Polygon","properties":{"name":"Barren","fips":"21009"},"id":"Barren","arcs":[[310,311,-300,-281,-251,-308]]},{"type":"Polygon","properties":{"name":"Christian","fips":"21047"},"id":"Christian","arcs":[[312,-271,-231,-264,313,314]]},{"type":"Polygon","properties":{"name":"Todd","fips":"21219"},"id":"Todd","arcs":[[-314,-263,315,316]]},{"type":"Polygon","properties":{"name":"Logan","fips":"21141"},"id":"Logan","arcs":[[317,-316,-262,-268,-299,318]]},{"type":"Polygon","properties":{"name":"Marshall","fips":"21157"},"id":"Marshall","arcs":[[319,320,-297,-261,-306,321]]},{"type":"Polygon","properties":{"name":"Knox","fips":"21121"},"id":"Knox","arcs":[[322,-282,-276,323]]},{"type":"Polygon","properties":{"name":"Harlan","fips":"21095"},"id":"Harlan","arcs":[[-286,-257,-290,324,325]]},{"type":"Polygon","properties":{"name":"Trigg","fips":"21221"},"id":"Trigg","arcs":[[326,-322,-307,-269,-313,327]]},{"type":"Polygon","properties":{"name":"Wayne","fips":"21231"},"id":"Wayne","arcs":[[328,329,-305,-273,330]]},{"type":"Polygon","properties":{"name":"Whitley","fips":"21235"},"id":"Whitley","arcs":[[331,-283,-323,332,333]]},{"type":"Polygon","properties":{"name":"Carlisle","fips":"21039"},"id":"Carlisle","arcs":[[334,335,-294,-295,336]]},{"type":"Polygon","properties":{"name":"McCreary","fips":"21147"},"id":"McCreary","arcs":[[-331,-272,-284,-332,337]]},{"type":"Polygon","properties":{"name":"Bell","fips":"21013"},"id":"Bell","arcs":[[-333,-324,-279,-285,-326,338]]},{"type":"Polygon","properties":{"name":"Graves","fips":"21083"},"id":"Graves","arcs":[[339,-337,-298,-321,340,341]]},{"type":"Polygon","properties":{"name":"Cumberland","fips":"21057"},"id":"Cumberland","arcs":[[342,343,-309,-289,-304,344]]},{"type":"Polygon","properties":{"name":"Allen","fips":"21003"},"id":"Allen","arcs":[[345,-301,-312,346,347]]},{"type":"Polygon","properties":{"name":"Simpson","fips":"21213"},"id":"Simpson","arcs":[[348,-319,-302,-346]]},{"type":"Polygon","properties":{"name":"Clinton","fips":"21053"},"id":"Clinton","arcs":[[349,-345,-303,-330]]},{"type":"Polygon","properties":{"name":"Monroe","fips":"21171"},"id":"Monroe","arcs":[[-347,-311,-310,-344,350]]},{"type":"Polygon","properties":{"name":"Hickman","fips":"21105"},"id":"Hickman","arcs":[[351,352,-335,-340,353]]},{"type":"Polygon","properties":{"name":"Calloway","fips":"21035"},"id":"Calloway","arcs":[[-341,-320,-327,354]]},{"type":"MultiPolygon","properties":{"name":"Fulton","fips":"21075"},"id":"Fulton","arcs":[[[355,-352]],[[356]]]}]}},"arcs":[[[6509,8705],[-38,19],[-28,-82],[-16,-9]],[[6427,8633],[-112,219],[0,29],[-18,15],[-14,62]],[[6283,8958],[-2,67],[-19,48],[-74,19],[-21,28],[0,68],[38,103],[16,106],[-13,87],[-42,102],[-18,67],[4,55],[78,146],[21,-4],[28,17],[62,132],[99,-198],[59,-56]],[[6499,9745],[24,-673],[-14,-367]],[[6773,8731],[-14,44],[-46,25],[-3,94],[16,58],[8,133],[-24,157],[24,44],[10,79],[-31,-5],[4,89],[-26,77],[-18,150],[-33,142]],[[6640,9818],[31,50],[62,17],[25,-103],[8,-141],[37,-44],[60,8],[43,-90],[30,-263],[38,-102],[34,-162]],[[7008,8988],[-235,-257]],[[6608,8656],[-80,7],[-19,42]],[[6499,9745],[39,-17],[102,90]],[[6773,8731],[-165,-75]],[[7030,7876],[-230,-77],[-36,17],[-11,-107],[-29,-21],[-42,28]],[[6682,7716],[-74,940]],[[7008,8988],[9,-234]],[[7017,8754],[-16,-46],[34,-760],[10,2],[5,-51],[-20,-23]],[[6080,8203],[-38,62],[-72,306]],[[5970,8571],[65,62],[207,48],[-8,155],[49,122]],[[6427,8633],[-142,-44],[-5,-185]],[[6280,8404],[-27,7],[-90,-80],[-31,-86],[-52,-42]],[[7017,8754],[68,-91],[116,-87],[46,-7],[120,53],[65,-75]],[[7432,8547],[-113,-630]],[[7319,7917],[-34,-39],[-5,29],[-18,-19],[-14,45],[-51,18],[-74,-198],[-38,15],[-54,-26]],[[7031,7742],[-12,21],[23,67],[-12,46]],[[6573,7529],[-26,-47]],[[6547,7482],[-56,50],[-40,81],[0,57],[-20,23],[-4,79],[-136,235],[-11,397]],[[6682,7716],[-15,-109],[-60,-11],[-34,-67]],[[5898,7948],[-123,-24]],[[5775,7924],[-64,8],[-9,126],[-139,410]],[[5563,8468],[84,28],[87,-184],[58,-2],[54,72],[67,137],[57,52]],[[6080,8203],[-20,-63],[-78,-67],[-84,-125]],[[7781,7695],[-289,-257],[-88,109]],[[7404,7547],[-25,77],[-32,264],[-28,29]],[[7432,8547],[73,-49],[26,-125],[62,-68],[27,-163],[75,-57],[45,-56],[30,11],[16,46]],[[7786,8086],[16,-68],[-21,-323]],[[8870,7120],[-149,108],[-63,-14],[-71,136],[-6,75],[-110,90],[-61,95]],[[8410,7610],[24,93],[30,35],[43,124],[19,83],[1,113],[52,142],[17,183]],[[8596,8383],[72,19],[67,102],[41,-14],[22,-90],[-9,-135],[27,-117],[8,-196],[35,-109],[32,-54],[80,-16],[61,-53],[34,-140]],[[9066,7580],[-133,-235],[-7,-71],[-56,-154]],[[5567,7547],[-31,94],[-101,71]],[[5435,7712],[20,93],[-9,88],[-39,415],[9,114],[38,51],[109,-5]],[[5775,7924],[-154,-333],[-54,-44]],[[6160,7030],[3,37],[-37,52],[18,148],[-49,56],[10,49],[-15,20],[-29,-96],[-16,10],[4,116],[-42,128],[9,85],[-40,-18],[-16,17],[13,127],[19,55],[-44,51],[-34,-5],[-16,86]],[[6547,7482],[-58,-164],[-162,-320]],[[6327,6998],[-69,-41],[-98,73]],[[8038,7170],[-172,166],[-8,190],[-17,51],[-38,29],[-3,46],[-19,43]],[[7786,8086],[14,110],[19,49],[121,68],[35,-22],[61,-100],[108,-33],[54,-87],[13,-96],[18,-39],[22,1],[22,48],[37,57],[83,-55],[51,36],[42,172],[66,79],[44,109]],[[8410,7610],[-31,-48],[2,-81],[-59,-168],[7,-302],[-61,-60],[-50,11],[-33,-28]],[[8185,6934],[-31,20],[-18,114],[-27,40],[-16,74],[-55,-12]],[[7344,7339],[-23,-55],[-9,42],[-125,93]],[[7187,7419],[-106,96],[9,64],[-26,1],[3,31],[-17,26],[-19,105]],[[7404,7547],[-69,-138],[9,-70]],[[6160,7030],[-15,-26],[-40,69],[-58,-65],[-9,-70]],[[6038,6938],[-424,102]],[[5614,7040],[-56,182],[-1,110],[-22,120],[32,95]],[[7050,7071],[-104,-223],[-20,-2],[-67,-90],[-32,19],[-32,-37],[-44,12],[-18,-20]],[[6733,6730],[-35,421],[-32,91],[-58,96],[2,72],[-37,119]],[[7187,7419],[-137,-348]],[[5391,6794],[-233,339]],[[5158,7133],[40,238],[139,93],[53,177],[45,71]],[[5614,7040],[-42,-181],[-46,-27],[-67,5],[-14,-29],[-42,12],[-12,-26]],[[7511,6814],[10,140],[-24,5],[-26,62],[-28,-12],[-41,226],[-58,104]],[[8038,7170],[-14,-50],[0,-77],[-54,-32],[4,-97],[-35,-225],[-58,-174],[-83,-86],[-5,-35]],[[7793,6394],[-16,-31],[-10,74],[-31,14],[-10,38],[-19,-39],[16,207],[-7,8],[-12,-46],[-13,5],[1,67],[-38,19],[3,68],[-46,23],[-47,-49],[-20,60],[-33,2]],[[8870,7120],[48,-35],[-15,-481]],[[8903,6604],[-27,-13],[-2,-87],[-13,-27],[-125,-109]],[[8736,6368],[-86,-4],[-28,119],[-54,-76],[-51,130],[-55,47],[-24,107],[-19,20],[-61,-104],[-20,-118],[-50,-54]],[[8288,6435],[-55,102],[-48,397]],[[9066,7580],[73,-111],[36,-227],[-15,-167],[34,-229],[-10,-58],[7,-138],[-19,-40]],[[9172,6610],[-9,51],[-39,51],[-96,-23],[-54,-79],[-71,-6]],[[6317,6396],[29,25],[-19,577]],[[6733,6730],[20,-90],[5,-129],[16,-40]],[[6774,6471],[-287,-292],[-7,-58]],[[6480,6121],[-27,22],[10,37],[-20,156],[-23,20],[-14,-26],[-14,26],[-21,-11],[-54,51]],[[7343,6412],[-5,96],[-20,-61],[-23,63],[-24,-20],[-39,72],[-6,80],[-22,3],[-15,52],[-16,-31],[-20,50],[13,38],[-32,56],[-48,200],[-36,61]],[[7511,6814],[-168,-402]],[[7988,5891],[31,87],[-52,41],[-17,-28],[-23,68],[11,71],[-36,8],[-2,69],[-21,43],[-16,2],[-32,-58],[-14,73],[24,127],[-35,-19],[-13,19]],[[8288,6435],[7,-35],[69,-77],[-23,-105],[-45,-74]],[[8296,6144],[-101,-135],[-9,-55],[-31,-8],[-49,-94],[-31,22],[-24,-73]],[[8051,5801],[-31,-43],[3,53],[-18,11],[8,62],[-25,7]],[[4744,5727],[36,84],[21,117],[4,435],[78,221],[17,143],[43,37],[27,-14],[52,-46],[86,116],[36,139],[14,174]],[[5391,6794],[69,-79],[-29,-439]],[[5431,6276],[-15,-145]],[[5416,6131],[-150,-150],[-216,14],[-212,-156],[-74,-171]],[[4764,5668],[-20,59]],[[5943,6151],[36,126],[8,293],[-10,85],[61,283]],[[6317,6396],[-147,-163],[0,-98]],[[6170,6135],[-50,-75],[-141,94],[-36,-3]],[[7205,6115],[-274,-177]],[[6931,5938],[-31,69],[-85,91],[3,184],[13,88],[-11,86],[-46,15]],[[7343,6412],[-76,-175],[-43,-56],[-19,-66]],[[5943,6151],[-27,-169],[-56,-112]],[[5860,5870],[-161,172],[-268,234]],[[7638,5701],[-69,160],[-40,167],[-65,177],[-89,73],[-37,-9],[5,143]],[[7988,5891],[-67,32],[-44,-8],[-15,-159],[-36,-9],[-28,40],[-39,4],[-44,-56],[-77,-34]],[[9297,5465],[-5,34],[-59,48],[-49,-35],[-35,-146],[-3,-99],[-18,-26]],[[9128,5241],[-156,119],[-128,201],[-153,147],[-34,-77],[-12,-75]],[[8645,5556],[-39,90],[-3,98]],[[8603,5744],[55,151],[33,16],[21,96],[56,115],[1,77],[-33,169]],[[9172,6610],[-36,-25],[13,-170],[-10,-59],[-44,-33],[2,-88],[69,-137],[90,-356],[65,-151],[-6,-81],[-18,-45]],[[8603,5744],[-28,-52],[-46,65],[-67,-31],[-13,-39],[-26,72],[-57,24],[-33,98],[-56,72],[19,191]],[[6869,5273],[-19,-22],[-43,26],[1,-71],[19,-62],[-29,-43],[-35,76],[-30,-65]],[[6733,5112],[-18,196],[-35,119],[-247,278]],[[6433,5705],[47,416]],[[6931,5938],[-2,-182],[-37,-30],[-14,-46],[3,-136],[13,-55],[-32,-58],[11,-58],[-18,-52],[14,-48]],[[4479,4939],[-129,301],[-322,638]],[[4028,5878],[59,28],[21,64],[0,48],[-42,87],[12,66],[17,2],[59,-82],[18,57],[65,42],[11,37],[-10,43],[-57,47],[-2,102],[31,-6],[30,-60],[58,-102],[8,-272],[18,-77],[34,-66],[81,-86],[112,-25],[69,-168],[28,99],[32,33]],[[4680,5689],[29,-482],[-41,-189],[-189,-79]],[[7612,5392],[-33,-56],[-103,-12],[-132,122]],[[7344,5446],[-139,669]],[[7638,5701],[-37,-71],[11,-238]],[[6236,5560],[-23,145],[4,74],[-25,90],[21,39],[-14,42],[11,75],[-14,27],[-25,-3],[-1,86]],[[6433,5705],[-66,-555]],[[6367,5150],[-63,-33],[-20,14],[14,78],[-19,55],[3,55],[-32,-60],[-3,70],[-33,21],[35,70],[-15,60],[19,46],[-17,34]],[[5860,5870],[-11,-39],[-29,-4],[8,-81],[-14,-41],[-45,-39],[2,-93]],[[5771,5573],[-282,-114],[-119,126],[-20,59]],[[5350,5644],[-30,78],[47,272],[48,83],[1,54]],[[5798,5250],[-27,323]],[[6236,5560],[-78,-94],[-43,-7],[-27,39],[-50,-24],[-66,-225]],[[5972,5249],[-46,27],[-55,-21],[-29,-57],[-10,19],[20,89],[-4,37],[-50,-93]],[[8645,5556],[16,-63],[16,-184],[-25,-36],[7,-58],[-44,-69]],[[8615,5146],[-40,111],[-33,-36],[-43,55],[-38,7],[8,-92],[-100,-189],[-24,-11],[-10,-67],[-26,-25],[-38,-89],[38,-117],[-21,-91]],[[8288,4602],[-28,14],[-20,92],[-50,78],[2,73],[-68,79],[-16,48],[-50,37],[-38,86],[-22,-5],[-8,42],[-15,9]],[[7975,5155],[-1,134],[69,222],[8,290]],[[5023,4986],[-25,67],[-87,126],[-22,69],[4,25],[27,2],[-11,71],[-50,121],[-46,-10],[-8,40],[5,96],[-46,75]],[[5350,5644],[-62,-108],[5,-63],[-31,-82],[-27,-18],[15,-89],[-58,-80],[-43,-130],[-45,-69],[-81,-19]],[[7301,5093],[-21,-28],[-8,27],[-18,-27],[-23,8],[-18,-51],[-11,51]],[[7202,5073],[-9,43],[-38,-7],[-93,100],[-24,-19],[-49,39],[-28,-19],[1,86],[-14,65],[-79,-88]],[[7344,5446],[-33,-59],[-16,-202],[-27,-17],[33,-75]],[[7975,5155],[-25,-4],[-22,-98],[-45,-55],[-39,2],[-37,36],[-18,-17]],[[7789,5019],[-38,28],[-26,113],[-80,125],[-33,107]],[[4319,4168],[-83,-25],[-38,-93],[-105,52],[-52,52],[-27,76],[-21,13],[-17,-31],[6,-62],[-14,-15],[-32,35],[-6,-84],[-28,-40]],[[3902,4046],[-30,43],[-34,158],[3,157]],[[3841,4404],[20,-15],[-68,533],[21,184]],[[3814,5106],[27,-6],[40,46],[22,238],[22,17],[53,-15],[24,24],[8,54],[-18,171],[4,118],[11,107],[21,18]],[[4479,4939],[-160,-771]],[[4615,3592],[-16,57],[14,62],[-7,69],[-78,281],[-43,-31],[-48,14],[-66,72],[-10,45],[-42,7]],[[4680,5689],[64,38]],[[5023,4986],[-8,-68],[15,-27],[-3,-32],[51,-58],[-8,-71],[30,-63]],[[5100,4667],[-89,-321],[-34,-2],[-11,-59],[-22,-21],[-35,-182],[-67,-107],[-9,-418]],[[4833,3557],[-218,35]],[[8705,4628],[-11,180],[-44,149],[-4,104],[-31,85]],[[9128,5241],[-68,-97],[23,-76],[-23,-165],[23,-57],[-9,-43],[27,-132],[-2,-42]],[[9099,4629],[-50,30],[-56,85],[-42,5],[-18,-39],[-14,42],[-100,-109],[-31,5],[-32,-80],[-33,62],[-18,-2]],[[6624,4811],[-23,-16],[-59,-123],[-6,74],[-33,-31],[4,76],[-41,71],[-2,23],[25,16],[-2,24],[-37,28],[-11,-90],[-18,59],[7,104],[-62,-41]],[[6366,4985],[-2,55],[30,74],[-27,36]],[[6733,5112],[-58,-29],[21,-138],[-32,-29],[-40,-105]],[[3841,4404],[-245,282]],[[3596,4686],[3,216],[-40,160],[-69,-35],[-9,43],[21,153],[-30,77],[-70,-23],[1,77],[-14,66]],[[3389,5420],[76,28],[41,59],[49,126],[48,18],[31,-49],[65,-304],[32,-14],[53,65],[27,5],[10,-40],[-13,-158],[6,-50]],[[5464,4647],[-67,-191],[-85,-429]],[[5312,4027],[-34,-7],[-28,-114],[-39,14],[-8,40],[-28,1],[0,55],[19,19],[-1,121],[17,18],[-12,54],[40,24],[-6,46],[-21,25],[1,200],[-15,26],[-30,-11],[-67,129]],[[5798,5250],[-65,46],[-7,-167],[-17,1],[-10,46],[-12,-26],[-4,29],[-17,-1],[-2,-62],[-35,-2],[-9,-52],[-23,-28],[-23,-137],[-44,-66],[1,-59],[-26,1],[-10,-72],[-31,-54]],[[2725,4371],[-320,-31]],[[2405,4340],[-27,130],[-19,354],[-33,-45],[-16,64],[-17,-15],[-12,30],[-134,462]],[[2147,5320],[17,60],[30,17],[55,-127],[44,-48],[91,75],[34,-13],[25,20],[39,-11],[-7,-229],[44,-31],[58,59],[18,80],[-1,98],[-43,123],[30,180],[131,-209],[69,78],[85,-5],[101,-156]],[[2967,5281],[-25,-277],[16,-12],[0,-57],[42,-54],[3,-39],[-53,-114],[-96,-62],[-22,-175]],[[2832,4491],[-24,-52],[-49,-13],[-34,-55]],[[6339,4600],[-79,14],[-8,-35],[-293,-102]],[[5959,4477],[28,637],[-9,52],[30,36],[-8,32],[-28,15]],[[6366,4985],[15,-115],[-8,-61],[19,-110],[-11,-64],[-42,-35]],[[9297,5465],[-8,-76],[82,-104],[21,-85],[21,-229],[86,-103],[27,-99],[-13,-54]],[[9513,4715],[-59,-21],[-51,-76],[34,-79],[-25,-65],[-60,-17],[-63,64],[-58,2],[-36,-26]],[[9195,4497],[-96,132]],[[7789,5019],[-91,-399]],[[7698,4620],[-25,5]],[[7673,4625],[-1,29],[-46,31],[-29,98],[-56,-42],[-16,57],[-56,-27],[-72,54],[-45,90],[-6,183],[-45,-5]],[[2967,5281],[50,-87],[60,-82],[67,-39],[23,-45],[35,-140],[33,-21],[46,86],[46,382],[31,63],[31,22]],[[3596,4686],[-49,-107],[56,-133],[-125,-178],[-48,17],[-117,-250]],[[3313,4035],[-21,28],[-52,-15],[-53,25],[-355,418]],[[6846,3935],[-30,220],[-59,110],[-4,75],[-30,44],[2,57],[-19,26],[-4,61],[-45,116],[-33,167]],[[7202,5073],[-32,-11],[-19,-83],[4,-28],[39,5],[10,-30],[-34,-87],[25,-56],[0,-67],[-19,-99],[9,-200],[-24,-11],[-23,-68],[47,-296]],[[7185,4042],[-103,-5],[-39,-154]],[[7043,3883],[-115,-18],[-24,43],[-58,27]],[[5948,4284],[-302,2],[-71,74],[-48,15],[-35,79],[8,69],[-36,74],[0,50]],[[5959,4477],[-11,-193]],[[1967,3834],[-82,275],[-31,169],[-3,122],[34,152],[81,131],[48,265],[32,-16],[69,-95],[25,88],[26,38],[13,109],[-35,139],[3,109]],[[2405,4340],[-273,-661]],[[2132,3679],[-47,-3],[3,101],[-13,38],[-13,-5],[-16,97],[-21,38],[-15,-86],[-43,-25]],[[8682,3819],[-54,98],[-4,69],[-17,40],[7,101],[-60,40],[-36,132],[-23,-51],[-41,-28],[-22,87],[-77,55],[-52,88]],[[8303,4450],[1,77],[-16,75]],[[8705,4628],[-2,-156],[48,-138],[0,-167],[28,-253],[-45,-168]],[[8734,3746],[-52,73]],[[8303,4450],[-69,32],[-48,-17],[-84,83],[-40,-61],[-6,-96],[-21,-77],[-59,-31],[-11,65],[-34,-23]],[[7931,4325],[-128,109],[-6,47],[-99,139]],[[7435,3957],[-40,93],[-50,44],[-92,-48],[-68,-4]],[[7673,4625],[-34,-11],[-96,-198],[3,-112],[-56,-37],[9,-54],[-64,-256]],[[6846,3935],[-25,-244],[-106,54]],[[6715,3745],[-24,17],[-206,395],[-31,63],[9,42],[-11,34],[-15,8]],[[6437,4304],[2,55],[-44,-10],[11,52],[-12,30],[15,46],[-24,14],[-10,50],[-32,-30],[-9,45],[5,44]],[[9015,3012],[-58,94],[-17,143],[12,107],[-16,154],[-84,-37],[-9,171],[-110,59],[1,43]],[[9195,4497],[-43,-18],[-22,-49],[22,-59],[-24,-552],[20,14],[11,-30],[9,-207],[-31,-162],[-62,-127],[12,-62],[-20,-100],[-52,-133]],[[9199,2636],[-67,184],[-23,23],[-58,-58],[-66,165]],[[8985,2950],[30,62]],[[9513,4715],[44,-283],[76,-47],[43,-124],[26,63],[35,-178],[36,-11],[-8,-78],[-12,-15],[6,-32],[76,-35],[38,-87],[8,99],[30,-79],[66,48],[22,-46],[-433,-855],[-85,-168],[-69,-37],[-189,-194],[-24,-20]],[[3869,3410],[-184,-341],[-32,73],[-33,21],[-4,-142],[-20,-27],[-39,-151],[-52,-121]],[[3505,2722],[-27,41],[4,43],[-42,21],[-47,91],[-12,180],[-62,175],[-60,19],[-28,-125],[-20,-2],[-2,75],[23,92],[1,155]],[[3233,3487],[2,134],[-21,89],[99,325]],[[3902,4046],[3,-61],[-56,68],[-20,-45],[-25,-9],[65,-589]],[[5312,4027],[26,-32],[35,-324]],[[5373,3671],[-42,28],[-35,-70],[-69,23]],[[5227,3652],[-74,21],[-8,-71],[-21,-45],[0,-77]],[[5124,3480],[-291,77]],[[5948,4284],[-14,-307]],[[5934,3977],[-9,-500],[-46,-2]],[[5879,3475],[-51,105],[-60,47],[-53,-37],[-66,-107],[-22,-4],[-20,72],[-75,110],[-49,-5],[-85,37],[-25,-22]],[[7462,3871],[-27,86]],[[7931,4325],[-70,-509]],[[7861,3816],[-57,39],[-7,51],[-20,30],[-52,-97],[-30,-6],[-28,31],[-29,-94],[-95,-20],[-47,34],[-34,87]],[[6187,3986],[-56,-64],[-127,5],[1,51],[-71,-1]],[[6437,4304],[-5,-57],[-28,5],[-14,-52],[-79,-65],[7,-31],[-44,-16],[-87,-102]],[[8682,3819],[-79,2],[-60,91],[-32,-34],[-15,-128],[-42,-124],[9,-165]],[[8463,3461],[-74,3],[-23,37],[-11,72],[-130,-219],[-22,5],[-42,-45],[-43,-97],[-30,-10],[-7,39],[-64,97],[-28,-17],[-8,-62],[-39,-72],[-35,-26]],[[7907,3166],[5,314],[-18,179],[-29,78],[-4,79]],[[3233,3487],[-98,-20],[-41,-106],[-119,17]],[[2975,3378],[-9,45],[-34,38],[-15,52],[-15,388],[-26,140]],[[2876,4041],[-36,91],[-103,51],[-31,113],[19,75]],[[2307,3316],[-10,26],[-50,14],[11,68],[-7,33],[-81,-29],[-25,37],[-15,108],[2,106]],[[2876,4041],[-147,-287],[-115,-93],[-325,-428]],[[2289,3233],[18,83]],[[6643,3169],[-72,96],[-215,-427]],[[6356,2838],[-2,100],[20,89],[-29,262],[-106,137],[-53,126],[-11,118],[12,316]],[[6715,3745],[-72,-576]],[[4471,3167],[-406,-59]],[[4065,3108],[-28,169],[-168,133]],[[4615,3592],[19,-75],[-3,-78],[12,-53],[-9,-38],[-31,-13],[-16,-138],[-45,-70],[-31,42],[-40,-2]],[[7131,3131],[2,139],[-45,110],[-1,167],[-35,155],[-9,181]],[[7462,3871],[8,-218],[47,-104],[6,-62],[19,-39],[15,-141],[42,-95]],[[7599,3212],[-6,-49],[-61,-24],[-61,-78],[-29,-186],[-45,24],[-16,-34]],[[7381,2865],[-117,24],[-31,88],[-60,72],[6,59],[-26,43],[-22,-20]],[[2479,2473],[-63,86],[-15,66],[-12,-6],[-5,62],[-28,-20],[4,62],[-46,87],[15,70],[-12,30],[3,78],[-17,54],[5,67],[-20,-3],[-5,-46],[-31,53],[17,63],[20,14],[0,43]],[[2975,3378],[-2,-58],[-54,-201],[-45,-58],[-12,-118],[97,-325],[-29,-129]],[[2930,2489],[-27,2],[-44,-65],[-146,-37],[-32,-71],[-97,68],[-58,71],[-47,16]],[[5933,2610],[-17,58],[-5,205],[-144,211]],[[5767,3084],[47,166],[4,96],[61,129]],[[6356,2838],[-246,-480]],[[6110,2358],[-67,-39],[-110,291]],[[1932,2595],[-25,-76],[-42,-33],[-34,-80],[-36,18]],[[1795,2424],[14,118],[-43,43],[24,158],[-15,162],[-101,275],[-18,87],[-3,104],[-64,79]],[[1589,3450],[62,127],[294,126],[22,131]],[[2307,3316],[-314,-488],[-8,-34],[-41,-23],[-12,-176]],[[7934,2889],[-52,47],[-13,60],[-36,35],[-75,228],[-39,-85],[-120,38]],[[7907,3166],[-6,-155],[38,-78],[-5,-44]],[[7131,3131],[1,-38],[-20,-49],[-28,2],[-40,-79],[-10,36],[-20,-17],[-2,-149],[-22,-57],[-23,17],[-10,-116],[-19,-52],[13,-45],[-24,-60]],[[6927,2524],[-284,645]],[[8985,2950],[-82,-42],[-40,17],[-34,-29],[-68,-182],[-102,-114],[-35,50]],[[8624,2650],[-2,36],[-68,60],[-13,85],[-75,-26],[23,285],[-26,371]],[[5529,2627],[-20,74],[-51,22],[22,75],[-100,423],[-146,297],[-12,63],[5,71]],[[5767,3084],[-19,-40],[-8,-124],[-108,-39],[-16,-70],[-36,3],[3,-75],[-54,-112]],[[5299,2317],[-127,46],[-41,72],[-36,148]],[[5095,2583],[13,334],[-31,98],[-1,106],[15,165],[42,99],[-9,95]],[[5529,2627],[-5,-37],[-47,-85],[-178,-188]],[[5016,2535],[-205,-77],[-203,70]],[[4608,2528],[7,188],[-144,451]],[[5095,2583],[-79,-48]],[[8395,1991],[-9,48],[29,186],[-10,79],[-41,49],[-34,111],[21,109],[-46,87],[-42,27],[-66,94],[-17,176],[-20,82],[-62,74],[-44,-86],[-55,-44],[-8,-109],[-32,-53]],[[7959,2821],[-25,68]],[[8624,2650],[-22,-65],[-28,-10],[-20,-163],[19,-214],[-34,-85],[21,-94],[-59,-101],[-33,-5]],[[8468,1913],[-8,39],[-65,39]],[[1418,2003],[-59,56],[-33,119]],[[1326,2178],[55,-30],[35,13],[18,15],[35,100],[37,220],[-37,184],[-67,197],[-13,148],[57,393],[63,74],[80,-42]],[[1795,2424],[-25,-54],[2,-75],[-16,-61],[12,-83],[-10,-97],[11,-143],[-36,-60]],[[1733,1851],[-77,242],[-48,56],[-112,-38],[-78,-108]],[[3457,2187],[-162,-25]],[[3295,2162],[-89,-58],[-174,-16],[3,96],[-12,19]],[[3023,2203],[-25,27],[-12,107],[-29,3],[-17,46],[-10,103]],[[3505,2722],[-18,-95],[18,-38],[-27,-31],[-22,-127],[47,-41],[9,-57],[-19,-86],[-33,-33],[-3,-27]],[[4065,3108],[69,-473],[22,-27],[7,-79]],[[4163,2529],[-22,-54],[-33,34],[-23,-43],[-58,136],[-23,0],[-11,-40],[-42,11],[-12,40],[-76,-13],[13,-135],[-84,-527]],[[3792,1938],[-217,182],[-118,67]],[[2407,1926],[-33,-86],[-134,-103],[-40,41]],[[2200,1778],[-4,47],[-96,286],[-106,461],[-62,23]],[[2479,2473],[-42,-454],[-30,-93]],[[6834,1746],[-74,-36],[-214,-295]],[[6546,1415],[-10,59],[-18,-1],[-32,53],[-69,303],[-40,5],[-37,-64],[-43,-28],[-27,78],[-68,75]],[[6202,1895],[-95,219],[3,244]],[[6927,2524],[-6,-132],[10,-95],[-45,-120],[11,-146],[-22,-26],[24,-82],[-48,-73],[-17,-104]],[[7851,1744],[-72,31],[-75,87],[-61,160],[-42,-36],[-7,60],[-56,-17],[-59,86]],[[7479,2115],[-17,43],[21,85],[-16,100],[-68,7],[-11,80],[-41,129],[30,93],[4,213]],[[7959,2821],[-20,-32],[23,-72],[-58,-179],[3,-150],[14,-67],[-18,-92],[19,-64],[-9,-92],[38,-96],[7,-294]],[[7958,1683],[-107,61]],[[4533,2140],[-105,68],[-42,95],[-69,-81],[-154,307]],[[4608,2528],[-29,-412],[-46,24]],[[7479,2115],[-38,-62],[-38,-11],[-16,-106],[10,-34],[-40,-79],[-83,47],[-80,-86],[-10,-38]],[[7184,1746],[-36,32],[-27,-55],[-14,31],[-11,-77],[-56,14],[-24,32],[-25,-47],[-22,44],[-3,66],[-56,-105]],[[6910,1681],[-73,-10],[-3,75]],[[7974,1538],[6,74],[-22,71]],[[8395,1991],[-59,-39],[-67,-176],[-167,-164],[-3,-108],[-55,6],[-20,-21],[-50,49]],[[5399,1676],[10,73],[-73,175],[-37,393]],[[5933,2610],[-113,-439],[-100,-292],[-35,-245]],[[5685,1634],[-286,42]],[[8807,1807],[-108,175],[-98,-131],[-51,5],[-112,-83],[-11,67],[9,49],[32,24]],[[9199,2636],[-198,-317],[-3,-64],[16,-67],[-14,-36],[-5,-121],[-117,-107],[-71,-117]],[[609,1729],[-3,89],[-30,40],[-27,39],[-31,103],[6,146],[30,109],[39,72],[68,278],[95,130],[79,-7]],[[835,2728],[145,-963]],[[980,1765],[-222,-139],[-30,40],[-35,-43],[-15,55],[-69,51]],[[987,1710],[-7,55]],[[835,2728],[91,-61],[154,-189],[10,-41],[66,-22],[98,-100],[72,-137]],[[1418,2003],[-1,-307]],[[1417,1696],[-288,5],[-24,24],[-118,-15]],[[3871,1492],[-79,446]],[[4533,2140],[-72,-498]],[[4461,1642],[-31,-24],[-13,32],[-14,-100],[-20,19],[-9,-58],[-42,4],[-7,-84],[-178,-340]],[[4147,1091],[2,98],[-239,92],[-39,211]],[[5903,1376],[-60,-96],[-146,195],[-8,-22],[20,-62],[-2,-44]],[[5707,1347],[-27,1],[-18,103],[-30,65],[53,118]],[[6202,1895],[-96,-196],[-25,24],[-24,-44],[-5,-49],[-149,-254]],[[1837,1410],[-60,299],[-44,142]],[[2200,1778],[-129,-173],[-234,-195]],[[5021,1322],[-24,995],[-14,1],[-4,105],[37,112]],[[5399,1676],[-20,-123],[-47,-124],[-76,-65],[-46,54],[24,-121],[-24,-28]],[[5210,1269],[-49,35],[-140,18]],[[5021,1322],[-108,-99],[-200,-350]],[[4713,873],[-21,93],[-65,81],[-19,103],[-24,53],[-13,284],[-12,-1],[-17,-58],[-40,109],[-6,81],[-19,-56],[-17,8],[1,72]],[[2464,559],[20,404],[-1,502],[18,328],[-94,133]],[[3023,2203],[-103,-1626]],[[2920,577],[-387,-15],[-69,-3]],[[3295,2162],[-10,-1579]],[[3285,583],[-58,2],[-307,-8]],[[3677,588],[-392,-5]],[[3871,1492],[-33,-20],[-52,-98],[-60,-260],[-33,-204],[-16,-322]],[[1901,1000],[-483,-6]],[[1418,994],[-1,702]],[[1837,1410],[64,-410]],[[7469,741],[-108,141],[-12,134],[-24,-16],[6,131],[-31,94],[-28,22],[-27,105],[-16,6],[-45,388]],[[7851,1744],[29,-73],[-10,-89],[-30,-17],[-64,-140],[-29,-15],[-95,-208],[-74,-52],[-55,-293],[-46,-47],[-8,-69]],[[8807,1807],[8,-161],[-23,-145],[-96,-112],[-126,-20],[-28,-29],[-79,-272],[5,-106],[-18,-42],[-86,-22],[-155,-93],[-84,-81],[-24,-60],[-74,-39]],[[8027,625],[-7,135],[-39,98],[-7,56],[12,153],[-28,140],[22,158],[-6,173]],[[1967,692],[-66,308]],[[2464,559],[-211,-11],[-22,105],[-264,39]],[[6278,411],[-273,59]],[[6005,470],[-13,87],[8,87],[-29,152],[12,174],[-7,100],[-33,196],[-40,31],[0,79]],[[6546,1415],[-16,-40],[16,-50],[-12,-15],[11,-67],[-10,-78],[-45,-32],[-6,-25],[9,-8],[-39,-90],[-25,3],[-8,-70],[-143,-532]],[[6980,374],[-6,28],[24,39],[-61,133],[-32,111],[-18,132],[-7,185],[-27,84],[-14,118],[39,71],[-19,20],[25,63],[-5,56],[26,156],[-12,48],[17,63]],[[7469,741],[-3,-48],[-99,-129],[36,-81],[-1,-125]],[[7402,358],[-93,3],[-326,13],[-3,0]],[[980,1071],[-330,-4],[10,56],[-55,38],[-24,-43]],[[581,1118],[-50,46],[-12,94],[9,53],[48,87],[33,331]],[[987,1710],[-7,-639]],[[6980,374],[-690,36],[-12,1]],[[8027,625],[-93,-2],[-152,-168],[-38,-69],[-26,-55],[-316,27]],[[995,9],[-15,1062]],[[1418,994],[-9,-988]],[[1409,6],[-22,5],[-392,-2]],[[5609,490],[-180,-30]],[[5429,460],[-86,292],[21,140],[-32,43],[-31,1],[-26,146],[-38,-3],[-19,34],[-8,156]],[[5707,1347],[-45,-469],[-53,-388]],[[4143,583],[-7,269],[11,239]],[[4713,873],[31,-247],[-29,-110]],[[4715,516],[-287,39],[-285,28]],[[4143,583],[-125,16],[-341,-11]],[[6005,470],[-360,18],[-36,2]],[[5429,460],[-458,32],[-256,24]],[[970,12],[-91,294],[-51,56],[-108,-6],[-159,208],[-47,27]],[[514,591],[12,71],[-39,158],[2,53],[25,126],[34,-7],[34,34],[-1,92]],[[995,9],[-20,4],[-5,-1]],[[1967,692],[40,-366],[8,-169],[-10,-157],[-596,6]],[[970,12],[-679,11],[-89,0],[-5,30],[58,399],[14,36],[28,12],[26,-26],[51,-176],[55,-23],[42,48],[13,186],[30,82]],[[121,8],[-75,-2],[-44,78],[-2,86],[16,61],[34,26],[49,-20],[15,-43],[13,-84],[-13,-79],[7,-23]]],"transform":{"scale":[0.0007609416913336311,0.00026457579830753663],"translate":[-89.56823121534666,36.496570353910585]}}