{"type":"Topology","objects":{"Nevada.geo":{"type":"GeometryCollection","geometries":[{"type":"Polygon","properties":{"name":"Humboldt","fips":"32013"},"id":"Humboldt","arcs":[[0,1,2,3,4]]},{"type":"Polygon","properties":{"name":"Elko","fips":"32007"},"id":"Elko","arcs":[[5,6,-3,7,8]]},{"type":"Polygon","properties":{"name":"Washoe","fips":"32031"},"id":"Washoe","arcs":[[-1,9,10,11,12,13,14]]},{"type":"Polygon","properties":{"name":"Lander","fips":"32015"},"id":"Lander","arcs":[[15,16,17,-4,-7,18]]},{"type":"Polygon","properties":{"name":"Eureka","fips":"32011"},"id":"Eureka","arcs":[[19,-19,-6,20]]},{"type":"Polygon","properties":{"name":"Pershing","fips":"32027"},"id":"Pershing","arcs":[[21,-10,-5,-18]]},{"type":"Polygon","properties":{"name":"White Pine","fips":"32033"},"id":"White Pine","arcs":[[22,-21,-9,23,24]]},{"type":"Polygon","properties":{"name":"Churchill","fips":"32001"},"id":"Churchill","arcs":[[25,-11,-22,-17,26,27]]},{"type":"Polygon","properties":{"name":"Lyon","fips":"32019"},"id":"Lyon","arcs":[[28,29,30,-12,-26,31,32]]},{"type":"Polygon","properties":{"name":"Storey","fips":"32029"},"id":"Storey","arcs":[[-13,-31]]},{"type":"Polygon","properties":{"name":"Carson City","fips":"32510"},"id":"Carson City","arcs":[[33,34,-14,-30]]},{"type":"Polygon","properties":{"name":"Nye","fips":"32023"},"id":"Nye","arcs":[[35,36,37,38,-27,-16,-20,-23,39]]},{"type":"Polygon","properties":{"name":"Douglas","fips":"32005"},"id":"Douglas","arcs":[[-34,-29,40]]},{"type":"Polygon","properties":{"name":"Mineral","fips":"32021"},"id":"Mineral","arcs":[[41,-32,-28,-39,42]]},{"type":"Polygon","properties":{"name":"Lincoln","fips":"32017"},"id":"Lincoln","arcs":[[43,-40,-25,44]]},{"type":"Polygon","properties":{"name":"Esmeralda","fips":"32009"},"id":"Esmeralda","arcs":[[45,-43,-38]]},{"type":"Polygon","properties":{"name":"Clark","fips":"32003"},"id":"Clark","arcs":[[-36,-44,46]]}]}},"arcs":[[[1160,8508],[-32,0],[11,411],[34,1],[2,250],[-29,2],[-8,636],[12,0],[0,180]],[[1150,9988],[1889,11],[1957,-3],[45,0]],[[5041,9996],[-25,-1430]],[[5016,8566],[-6,-501],[-390,-1],[-86,-162]],[[4534,7902],[-3,215],[-567,2],[-4,245],[-1926,0],[-2,142],[-872,2]],[[7004,7327],[-281,2],[-277,789],[7,448],[-727,1]],[[5726,8567],[-710,-1]],[[5041,9996],[1753,0],[1548,3],[1268,-1],[386,-1],[2,-1425],[0,-1267]],[[9998,7305],[-2994,22]],[[1160,8508],[-23,-1356],[185,-1]],[[1322,7151],[20,-83],[-25,-34],[40,-73],[-38,-50],[19,-30],[49,-30],[24,-109],[-54,-59],[-6,-58]],[[1351,6625],[-49,-16],[-78,6]],[[1224,6615],[-159,-50],[-140,-5],[-37,-41],[-69,2],[-28,14],[-41,-35],[-55,-13],[-53,-36],[-40,-11],[-29,-3],[-49,17],[7,-51],[-11,-32],[52,-34],[10,-40],[-13,-45],[24,-29],[-26,-25],[-2,-31],[-38,-46],[-10,-34]],[[517,6087],[-8,-30],[-91,1],[-2,-12],[-77,-7],[-1,-18],[-33,1],[0,-12],[-40,0],[0,-23],[-24,1],[-2,-29],[-37,1],[-3,-14],[-198,-2]],[[1,5944],[1,218],[-1,189],[-1,396],[0,2082],[5,1159],[1077,0],[68,0]],[[5727,5945],[-1276,-3],[-708,-92]],[[3743,5850],[-26,49],[14,50],[20,20],[49,14],[42,65],[-58,138],[0,54],[18,11],[50,-4],[39,12],[11,34],[64,19],[10,22],[-25,45],[95,42],[16,41],[35,-5],[78,10],[39,-12],[44,59],[-9,45],[29,44],[-31,29],[14,70],[-16,76],[-37,45],[12,85],[32,45],[-1,56],[-18,55],[-36,49],[-66,31]],[[4131,7144],[403,758]],[[5726,8567],[1,-2622]],[[6874,5948],[-1147,-3]],[[7004,7327],[7,-129],[-14,-18],[18,-102],[55,-145],[-26,-50],[-1,-84],[-41,-52],[24,-159],[1,-32],[-27,-37],[14,-30],[-78,-106],[-58,-54],[-4,-381]],[[4131,7144],[-1906,-6],[-903,13]],[[8394,5261],[-1521,679],[1,8]],[[9998,7305],[-3,-289],[-1,-529],[-7,-1229]],[[9987,5258],[-1593,3]],[[2119,5827],[-3,63],[-78,-1],[-3,45],[-42,1],[-1,25],[-43,1],[-2,20],[-29,-2],[-2,28],[-32,-4],[0,27],[-36,-1],[-2,33],[-22,-1],[-1,26],[-25,0],[-1,19],[-36,0],[-4,24],[-26,-1],[-2,21],[-31,-2],[-1,18],[-29,-2],[-3,25],[-22,-4],[-4,23],[-29,1],[2,18],[-22,-1],[2,23],[-40,1],[-1,21],[-27,0],[0,18],[-34,0],[-5,171],[55,0],[-4,169],[18,3],[-2,134],[-71,-46],[-4,-25],[-27,-1],[-53,-28],[-7,-27],[-39,-14]],[[3743,5850],[-140,-25]],[[3603,5825],[-1484,2]],[[1137,5041],[-2,193],[-38,3],[-5,111],[-53,0],[-1,-14],[-39,1],[5,116],[-13,-1],[4,19],[-13,0],[3,40],[-25,1],[0,32],[26,-2],[0,116],[29,1],[-1,32],[97,0],[-4,13],[33,-1],[0,136],[-354,-4]],[[786,5833],[-56,85],[13,66],[-152,2],[-49,32],[-25,69]],[[517,6087],[111,17],[58,29],[200,66],[338,416]],[[2119,5827],[-312,-2],[-147,-182],[7,-131],[179,-2],[6,-116],[-16,0],[18,-520],[-438,3]],[[1416,4877],[-279,164]],[[786,5833],[-351,4],[1,15],[-29,2],[0,18],[-404,-3]],[[3,5869],[-2,75]],[[6905,2629],[-8,-1197]],[[6897,1432],[-2138,1370]],[[4759,2802],[9,1475],[-90,71],[-40,2],[0,25],[-754,567]],[[3884,4942],[-841,628],[3,147],[557,108]],[[8394,5261],[-3,-907],[-1491,-2],[5,-1723]],[[1137,5041],[-431,252],[-526,313],[-178,103],[0,99],[1,61]],[[2649,4126],[-1233,751]],[[3884,4942],[-1105,-817],[-130,1]],[[9988,2633],[-1388,3],[-1,13],[-40,1],[-1401,0],[0,-17],[-253,-4]],[[9987,5258],[-1,-154],[-4,-619],[0,-770],[6,-861],[0,-221]],[[4759,2802],[-1139,711],[-971,613]],[[9988,2633],[11,-894],[-13,-31],[-105,-105],[-36,-113],[-130,-35],[-45,2],[-124,62],[6,36],[-21,35],[-47,37],[-61,19],[-106,-43],[-38,6],[-108,43],[-114,-24],[-38,5],[-153,-52],[-26,-28],[-1,-39],[19,-31],[-32,-70],[62,-109],[64,-44],[-2,-14],[-46,-34],[12,-118],[-10,-46],[40,-56],[-6,-53],[24,-14],[24,-50],[-22,-38],[5,-54],[-37,-44],[45,-93],[93,-132],[3,-77],[48,-121],[-3,-65],[-18,-49],[-18,-11],[-73,2],[-16,-22],[67,-61],[-64,-49],[22,-61],[-1687,1139],[-436,293]]],"transform":{"scale":[0.0005959528562467698,0.0006998422488199459],"translate":[-119.99632468471547,34.998914434177756]}}