{"type":"Topology","objects":{"South Dakota.geo":{"type":"GeometryCollection","geometries":[{"type":"Polygon","properties":{"name":"Campbell","fips":"46021"},"id":"Campbell","arcs":[[0,1,2,3]]},{"type":"Polygon","properties":{"name":"Harding","fips":"46063"},"id":"Harding","arcs":[[4,5,6]]},{"type":"Polygon","properties":{"name":"McPherson","fips":"46089"},"id":"McPherson","arcs":[[-3,7,8,9,10]]},{"type":"Polygon","properties":{"name":"Perkins","fips":"46105"},"id":"Perkins","arcs":[[11,12,-6,13,14,15]]},{"type":"Polygon","properties":{"name":"Corson","fips":"46031"},"id":"Corson","arcs":[[16,17,-15,18,-1,19]]},{"type":"Polygon","properties":{"name":"Brown","fips":"46013"},"id":"Brown","arcs":[[20,-9,21,22,23,24]]},{"type":"Polygon","properties":{"name":"Marshall","fips":"46091"},"id":"Marshall","arcs":[[25,26,-23,27]]},{"type":"Polygon","properties":{"name":"Roberts","fips":"46109"},"id":"Roberts","arcs":[[28,29,-26,30]]},{"type":"Polygon","properties":{"name":"Walworth","fips":"46129"},"id":"Walworth","arcs":[[31,32,-20,-4,-11,33]]},{"type":"Polygon","properties":{"name":"Edmunds","fips":"46045"},"id":"Edmunds","arcs":[[34,35,-34,-10,-21]]},{"type":"Polygon","properties":{"name":"Day","fips":"46037"},"id":"Day","arcs":[[36,-24,-27,-30,37,38,39]]},{"type":"Polygon","properties":{"name":"Ziebach","fips":"46137"},"id":"Ziebach","arcs":[[40,41,-16,-18,42]]},{"type":"Polygon","properties":{"name":"Dewey","fips":"46041"},"id":"Dewey","arcs":[[43,-43,-17,-33,44,45]]},{"type":"Polygon","properties":{"name":"Grant","fips":"46051"},"id":"Grant","arcs":[[46,-38,-29,47,48]]},{"type":"Polygon","properties":{"name":"Potter","fips":"46107"},"id":"Potter","arcs":[[-45,-32,-36,49,50,51]]},{"type":"Polygon","properties":{"name":"Faulk","fips":"46049"},"id":"Faulk","arcs":[[52,53,-50,-35,54]]},{"type":"Polygon","properties":{"name":"Spink","fips":"46115"},"id":"Spink","arcs":[[55,-55,-25,-37,56,57]]},{"type":"Polygon","properties":{"name":"Butte","fips":"46019"},"id":"Butte","arcs":[[58,59,-7,-13,60]]},{"type":"Polygon","properties":{"name":"Clark","fips":"46025"},"id":"Clark","arcs":[[61,-57,-40,62,63,64]]},{"type":"Polygon","properties":{"name":"Codington","fips":"46029"},"id":"Codington","arcs":[[65,66,-63,-39,-47]]},{"type":"Polygon","properties":{"name":"Meade","fips":"46093"},"id":"Meade","arcs":[[67,68,-61,-12,-42]]},{"type":"Polygon","properties":{"name":"Deuel","fips":"46039"},"id":"Deuel","arcs":[[69,-66,-49,70,71]]},{"type":"Polygon","properties":{"name":"Sully","fips":"46119"},"id":"Sully","arcs":[[72,73,-46,-52,74]]},{"type":"Polygon","properties":{"name":"Hyde","fips":"46069"},"id":"Hyde","arcs":[[75,76,77,-75,-51,-54,78]]},{"type":"Polygon","properties":{"name":"Hand","fips":"46059"},"id":"Hand","arcs":[[-79,-53,-56,79,80,81]]},{"type":"Polygon","properties":{"name":"Hamlin","fips":"46057"},"id":"Hamlin","arcs":[[82,-64,-67,-70,83]]},{"type":"Polygon","properties":{"name":"Stanley","fips":"46117"},"id":"Stanley","arcs":[[84,-44,-74,85,86,87]]},{"type":"Polygon","properties":{"name":"Haakon","fips":"46055"},"id":"Haakon","arcs":[[88,89,-41,-85,90]]},{"type":"Polygon","properties":{"name":"Beadle","fips":"46005"},"id":"Beadle","arcs":[[91,-80,-58,-62,92,93]]},{"type":"Polygon","properties":{"name":"Lawrence","fips":"46081"},"id":"Lawrence","arcs":[[94,95,-59,-69]]},{"type":"Polygon","properties":{"name":"Hughes","fips":"46065"},"id":"Hughes","arcs":[[-86,-73,-78,96]]},{"type":"Polygon","properties":{"name":"Kingsbury","fips":"46077"},"id":"Kingsbury","arcs":[[-93,-65,-83,97,98,99]]},{"type":"Polygon","properties":{"name":"Brookings","fips":"46011"},"id":"Brookings","arcs":[[100,101,-98,-84,-72,102]]},{"type":"Polygon","properties":{"name":"Pennington","fips":"46103"},"id":"Pennington","arcs":[[103,104,105,-95,-68,-90,106]]},{"type":"Polygon","properties":{"name":"Lyman","fips":"46085"},"id":"Lyman","arcs":[[107,108,109,-87,-97,-77,110,111,112]]},{"type":"Polygon","properties":{"name":"Buffalo","fips":"46017"},"id":"Buffalo","arcs":[[113,-111,-76,-82,114]]},{"type":"Polygon","properties":{"name":"Jerauld","fips":"46073"},"id":"Jerauld","arcs":[[115,116,-115,-81,-92,117]]},{"type":"Polygon","properties":{"name":"Moody","fips":"46101"},"id":"Moody","arcs":[[118,119,-101,120]]},{"type":"Polygon","properties":{"name":"Sanborn","fips":"46111"},"id":"Sanborn","arcs":[[121,122,123,-118,-94,124]]},{"type":"Polygon","properties":{"name":"Miner","fips":"46097"},"id":"Miner","arcs":[[125,126,-125,-100,127]]},{"type":"Polygon","properties":{"name":"Lake","fips":"46079"},"id":"Lake","arcs":[[-128,-99,-102,-120,128,129]]},{"type":"Polygon","properties":{"name":"Jones","fips":"46075"},"id":"Jones","arcs":[[130,131,-91,-88,-110]]},{"type":"Polygon","properties":{"name":"Jackson","fips":"46071"},"id":"Jackson","arcs":[[132,133,-107,-89,-132,134]]},{"type":"Polygon","properties":{"name":"Aurora","fips":"46003"},"id":"Aurora","arcs":[[135,136,-116,-124,137,138]]},{"type":"Polygon","properties":{"name":"Brule","fips":"46015"},"id":"Brule","arcs":[[139,-112,-114,-117,-137]]},{"type":"Polygon","properties":{"name":"Mellette","fips":"46095"},"id":"Mellette","arcs":[[140,-135,-131,-109,141]]},{"type":"Polygon","properties":{"name":"Custer","fips":"46033"},"id":"Custer","arcs":[[142,143,-105,144]]},{"type":"Polygon","properties":{"name":"Minnehaha","fips":"46099"},"id":"Minnehaha","arcs":[[145,146,-129,-119,147,148]]},{"type":"Polygon","properties":{"name":"Davison","fips":"46035"},"id":"Davison","arcs":[[149,150,-138,-123,151]]},{"type":"Polygon","properties":{"name":"Hanson","fips":"46061"},"id":"Hanson","arcs":[[152,-152,-122,-127,153]]},{"type":"Polygon","properties":{"name":"McCook","fips":"46087"},"id":"McCook","arcs":[[154,-154,-126,-130,-147,155]]},{"type":"Polygon","properties":{"name":"Tripp","fips":"46123"},"id":"Tripp","arcs":[[156,157,-142,-108,158]]},{"type":"Polygon","properties":{"name":"Shannon","fips":"46113"},"id":"Shannon","arcs":[[159,-145,-104,-134,160,161]]},{"type":"Polygon","properties":{"name":"Gregory","fips":"46053"},"id":"Gregory","arcs":[[162,-159,-113,163]]},{"type":"Polygon","properties":{"name":"Charles Mix","fips":"46023"},"id":"Charles Mix","arcs":[[-164,-140,-136,164,165,166,167]]},{"type":"Polygon","properties":{"name":"Turner","fips":"46125"},"id":"Turner","arcs":[[168,169,170,-156,-146,171]]},{"type":"Polygon","properties":{"name":"Lincoln","fips":"46083"},"id":"Lincoln","arcs":[[-172,-149,172,173,174]]},{"type":"Polygon","properties":{"name":"Douglas","fips":"46043"},"id":"Douglas","arcs":[[-165,-139,-151,175]]},{"type":"Polygon","properties":{"name":"Hutchinson","fips":"46067"},"id":"Hutchinson","arcs":[[-166,-176,-150,-153,-155,-171,176,177]]},{"type":"Polygon","properties":{"name":"Fall River","fips":"46047"},"id":"Fall River","arcs":[[178,-143,-160]]},{"type":"Polygon","properties":{"name":"Bennett","fips":"46007"},"id":"Bennett","arcs":[[179,-161,-133,180]]},{"type":"Polygon","properties":{"name":"Todd","fips":"46121"},"id":"Todd","arcs":[[181,-181,-141,-158]]},{"type":"Polygon","properties":{"name":"Yankton","fips":"46135"},"id":"Yankton","arcs":[[182,-177,-170,183,184]]},{"type":"Polygon","properties":{"name":"Bon Homme","fips":"46009"},"id":"Bon Homme","arcs":[[-167,-178,-183,185]]},{"type":"Polygon","properties":{"name":"Union","fips":"46127"},"id":"Union","arcs":[[186,-174,187]]},{"type":"Polygon","properties":{"name":"Clay","fips":"46027"},"id":"Clay","arcs":[[-184,-169,-175,-187,188]]}]}},"arcs":[[[4752,8995],[22,169],[84,11],[35,26],[25,37],[12,72],[-5,45],[-85,207],[-21,129],[19,54],[-6,29],[-62,41],[-6,78],[-18,13],[-31,-19],[-64,66],[2,37]],[[4653,9990],[838,9],[208,-2]],[[5699,9997],[-10,-993]],[[5689,9004],[-937,-9]],[[23,7884],[-8,1940],[1,173],[1383,-5],[63,2]],[[1462,9994],[-21,-2114]],[[1441,7880],[-1418,4]],[[5699,9997],[932,-10],[362,-3]],[[6993,9984],[-2,-990]],[[6991,8994],[-1281,8]],[[5710,9002],[-21,2]],[[2699,7395],[-1257,-10]],[[1442,7385],[-1,495]],[[1462,9994],[1238,2]],[[2700,9996],[1,-1353]],[[2701,8643],[-2,-1248]],[[4875,8643],[-1482,5]],[[3393,8648],[-692,-5]],[[2700,9996],[1953,-6]],[[4752,8995],[-62,-89],[-6,-32],[14,-72],[30,-43],[113,-38],[34,-78]],[[6997,7984],[4,1011],[-10,-1]],[[6993,9984],[939,-20],[48,-2]],[[7980,9962],[-2,-988]],[[7978,8974],[-5,-998]],[[7973,7976],[-976,8]],[[8957,9979],[5,-1094]],[[8962,8885],[-191,3],[-10,85],[-783,1]],[[7980,9962],[977,17]],[[9949,8219],[-684,8],[-19,-84],[-282,0]],[[8964,8143],[-2,742]],[[8957,9979],[875,-7],[-28,-337],[-22,-28],[-69,-200],[-230,-256],[-29,-120],[15,-72],[97,-193],[41,-172],[59,-137],[116,-41],[95,-62],[72,-135]],[[5700,8001],[-728,-7]],[[4972,7994],[-7,52],[-60,144],[13,63],[39,65],[4,58],[-21,82],[-54,113],[-11,72]],[[5710,9002],[-10,-1001]],[[6997,7984],[-1110,14]],[[5887,7998],[-187,3]],[[7971,7721],[2,255]],[[8964,8143],[-1,-425]],[[8963,7718],[-357,6]],[[8606,7724],[-635,-3]],[[3838,6543],[-98,-134],[-152,-55],[-15,27],[-37,-12],[-7,-84],[-46,-6],[-24,-38],[-31,4],[-20,-104],[-29,-5],[-21,-57],[-37,-35],[-187,37],[-22,-28],[-68,-16],[-21,-44],[-39,-45],[-23,-3],[-17,-37],[-16,19],[-156,7],[-54,-32],[-16,-33]],[[2702,5869],[-3,1526]],[[3393,8648],[-3,-255],[-15,3],[-3,-994],[-15,-2],[1,-135],[480,-8],[0,-714]],[[4385,6605],[-25,-10],[-13,22],[-23,-36],[-35,36],[-32,-13],[-61,33],[-40,-30],[-33,21],[-25,-34],[-33,-2],[-12,-37],[-58,-67],[-66,43],[-91,12]],[[4972,7994],[-26,-287],[-35,-61],[-19,-77],[1,-66],[28,-80],[38,-48],[-3,-21],[-25,-21],[-98,27],[-45,-25],[-18,-32],[-4,-182],[28,-149]],[[4794,6972],[12,-51],[-13,-70],[-80,-86],[-96,-175],[-77,0],[-29,28],[-58,136],[-46,25],[-21,-15],[-17,-56],[16,-103]],[[9412,7190],[-1,525],[-448,3]],[[9949,8219],[26,-86],[4,-68],[-2,-878]],[[9977,7187],[-565,3]],[[5887,7998],[-2,-1029]],[[5885,6969],[-131,1]],[[5754,6970],[-960,2]],[[7004,6955],[-777,8]],[[6227,6963],[-342,6]],[[6997,7984],[7,-1029]],[[7027,6207],[2,747],[-25,1]],[[7971,7721],[0,-1526]],[[7971,6195],[-944,12]],[[653,6134],[-350,-7],[-21,-31],[-71,9],[-42,-42],[-90,-26],[-37,21],[-40,-21]],[[2,6037],[0,1224],[22,1],[-1,622]],[[1442,7385],[-9,-1261],[-780,10]],[[8138,5945],[-2,248],[-165,2]],[[8606,7724],[8,-1027]],[[8614,6697],[-9,-759]],[[8605,5938],[-467,7]],[[9412,7190],[1,-502]],[[9413,6688],[-799,9]],[[2702,5869],[-51,-26],[-20,-48],[-27,-19],[-53,-128],[-34,20],[-19,-7],[-14,-41],[-34,8],[-38,40],[-7,31],[-72,-10],[-29,-32],[1,-177],[-51,-76],[-38,-262],[4,-86],[-34,-59],[-11,-62],[-1,-28],[18,1],[-18,-68],[11,-40],[-1391,-4]],[[794,4796],[0,337],[-161,7],[5,243],[9,1],[6,750]],[[9407,5943],[6,745]],[[9977,7187],[1,-494],[-2,-499],[2,-262]],[[9978,5932],[-571,11]],[[5746,5968],[-1103,-6]],[[4643,5962],[-15,26],[-45,17],[-41,-11],[-47,45],[-15,135],[38,189],[-21,144],[-112,98]],[[5754,6970],[-8,-1002]],[[6246,4952],[-365,-8]],[[5881,4944],[-44,52],[-65,19]],[[5772,5015],[-6,951],[-20,2]],[[6227,6963],[-2,-1000],[23,-2],[-2,-1009]],[[7027,6207],[1,-1255]],[[7028,4952],[-296,0]],[[6732,4952],[-486,0]],[[9092,5941],[-487,-3]],[[9407,5943],[-315,-2]],[[3955,4885],[-168,3],[-4,493],[23,2],[8,992],[23,2],[1,166]],[[4643,5962],[-7,-76],[-69,-41],[-17,-37],[8,-93],[47,-32],[140,38],[59,-32],[22,-74],[-7,-94],[26,-127],[162,-62],[214,-47],[82,-92],[69,-42],[76,-6],[17,-87],[-37,-51],[-11,-52]],[[5417,4955],[-576,-4],[-1,-76]],[[4840,4875],[-885,10]],[[3927,4356],[-1240,8]],[[2687,4364],[0,1053],[20,-1],[-5,453]],[[3955,4885],[-2,-529],[-26,0]],[[7508,4947],[-480,5]],[[8138,5945],[2,-1005]],[[8140,4940],[-632,7]],[[794,4796],[-792,0]],[[2,4796],[-2,105],[2,1136]],[[5772,5015],[-52,-24],[-15,-60],[18,-54],[29,-18],[53,10],[42,-73],[-5,-76],[-49,-34],[-182,91],[-68,-32],[-48,4],[-65,129],[-13,77]],[[9092,5941],[-3,-1006]],[[9089,4935],[-317,5]],[[8772,4940],[-632,0]],[[9975,4950],[-569,-12]],[[9406,4938],[-317,-3]],[[9978,5932],[-3,-982]],[[2512,3513],[-39,-11],[-3,-34],[-836,-4]],[[1634,3464],[15,80],[26,26],[93,184],[27,200],[-1793,-5]],[[2,3949],[0,847]],[[2687,4364],[-10,-2],[-5,-813],[-59,-73],[-48,13],[-20,-14],[-12,61],[-21,-23]],[[5939,2939],[-113,2],[-4,693],[-22,-11],[-14,65],[-18,-2],[-10,-95],[-20,9],[4,72],[-16,6],[-40,-108],[-22,17],[6,60],[-13,5],[-16,-38],[5,-69],[-47,-13],[-49,-42],[-35,19],[-13,-81],[-11,-3],[-30,84],[-45,-25],[-9,18],[-97,-7],[-2,25],[-25,-15],[-9,20],[-67,-41],[-39,6],[-15,30],[-69,14],[-31,-31],[-17,54],[-13,-7]],[[5023,3550],[-72,-30],[-22,47],[-52,17]],[[4877,3584],[-2,347],[-35,-1],[0,945]],[[5881,4944],[44,-99],[-26,-150],[21,-85],[41,-59],[75,-29],[102,-86],[44,-135],[-13,-123]],[[6169,4178],[1,-69],[62,-108],[2,-57],[-65,-166],[-80,-55],[-4,-34],[25,-132],[-70,-65],[-10,-68],[21,-37],[80,3],[31,-22],[22,-74],[8,-150],[73,-131],[-18,-76]],[[6247,2937],[-308,2]],[[6730,4173],[-561,5]],[[6732,4952],[-2,-779]],[[7511,4181],[-621,-7]],[[6890,4174],[-160,-1]],[[7508,4947],[3,-766]],[[9976,3937],[-571,-12]],[[9405,3925],[1,1013]],[[9975,4950],[1,-1013]],[[8141,3924],[-146,0]],[[7995,3924],[-478,-1]],[[7517,3923],[-6,258]],[[8140,4940],[1,-1016]],[[8775,3923],[-313,0]],[[8462,3923],[-321,1]],[[8772,4940],[3,-1017]],[[9405,3925],[-313,-3]],[[9092,3922],[-317,1]],[[4877,3584],[-29,28],[-30,-17],[-26,16],[-12,-44],[-41,29],[-37,-30],[1,50],[-53,-16],[-19,40],[-34,-19],[-5,60],[-19,-6],[-16,25],[-23,-8],[-29,-52],[-44,-4],[2,-30],[-27,-42],[-32,15],[-56,-14],[-6,61],[-50,-35],[-18,48],[10,33],[-28,35],[-35,-7],[-26,59],[-18,-9],[-7,49],[-21,-13],[-10,53],[-23,6],[-16,39],[-38,-44],[-1,53],[-38,55],[-45,-17],[-2,32],[-33,12],[-20,-42]],[[3923,3933],[4,423]],[[3713,2622],[-1164,-5]],[[2549,2617],[-1,251],[-37,4],[1,641]],[[3923,3933],[-94,-31],[-8,-42],[-29,12],[-4,-59],[-51,5],[-25,-51],[1,-1145]],[[7016,2926],[-115,3]],[[6901,2929],[3,994],[-16,0],[2,251]],[[7517,3923],[2,-1003]],[[7519,2920],[-503,6]],[[6901,2929],[-654,8]],[[5042,2622],[-1329,0]],[[5023,3550],[-2,-683],[23,-3],[-2,-242]],[[1390,2856],[-1388,11]],[[2,2867],[2,71],[-2,1011]],[[1634,3464],[-24,-61],[-38,-10],[-18,25],[-40,9],[-26,-32],[-29,-128],[-39,-3],[-30,-31],[0,-377]],[[9369,2932],[-270,-3]],[[9099,2929],[-7,993]],[[9976,3937],[-5,-1010],[-180,0]],[[9791,2927],[-422,5]],[[7996,2919],[-197,-1]],[[7799,2918],[-280,2]],[[7995,3924],[1,-1005]],[[8463,2918],[-467,1]],[[8462,3923],[1,-1005]],[[8736,2919],[-273,-1]],[[9099,2929],[-363,-10]],[[5941,1458],[-873,-3]],[[5068,1455],[-7,414],[-21,0],[2,753]],[[5939,2939],[2,-1481]],[[1384,1479],[6,1377]],[[2549,2617],[0,-733],[38,-3],[3,-430]],[[2590,1451],[-920,16],[-286,12]],[[7299,1457],[-993,1],[-365,0]],[[6247,2937],[-5,-70],[40,-77],[139,-52],[117,-297],[96,-158],[40,-54],[91,-25],[24,-28],[30,-207],[111,-57],[81,-139],[78,-64],[90,-1],[22,-18],[49,-80],[49,-153]],[[7016,2926],[1,-359],[36,-1],[749,-517]],[[7802,2049],[48,-38],[-7,-34]],[[7843,1977],[-39,-130],[-9,-106],[12,-159],[-11,-79],[19,-96],[-22,-105],[3,-51],[-13,-25],[7,-55],[-31,-92],[-21,3],[-7,-66]],[[7731,1016],[-187,122],[-106,111],[-87,50],[-52,158]],[[9361,1733],[-315,-4]],[[9046,1729],[2,246],[-308,2]],[[8740,1977],[-4,942]],[[9369,2932],[-8,-1199]],[[9791,2927],[19,-52],[-7,-134],[41,-101],[43,-48],[2,-79],[-23,-142],[-50,-51],[11,-77],[14,-30],[-9,-39],[11,-41],[93,-22],[19,-26],[28,-239],[-12,-111]],[[9971,1735],[-461,-7]],[[9510,1728],[-149,5]],[[7799,2918],[3,-869]],[[8740,1977],[-311,-2]],[[8429,1975],[-586,2]],[[1384,1479],[-650,-3],[-728,13],[-4,1378]],[[3712,1442],[-1122,9]],[[3713,2622],[-1,-1180]],[[5068,1455],[-1356,-13]],[[8431,1079],[-2,896]],[[9046,1729],[6,-831]],[[9052,898],[-66,40],[-17,83],[-25,31],[-37,-6],[-52,34],[-102,17],[-89,-49],[-34,19],[-30,9],[-85,-36],[-84,39]],[[8431,1079],[-67,-71],[-52,61],[-62,-34],[-32,10],[-28,49],[-92,-31],[-2,-71],[-52,-113],[-45,-54],[-41,-19],[-50,6],[-116,114],[-2,34],[-28,45],[-31,11]],[[9513,624],[-3,1104]],[[9971,1735],[-2,-36],[-23,-40],[-53,-30],[28,-114],[-24,-74],[3,-98],[-39,-112],[9,-49],[-24,-145],[-22,-36],[-19,3],[-18,-104],[-42,-65],[-10,-82],[18,-117],[84,-115],[28,-18],[38,-94],[32,-143],[-17,-19],[15,-28],[12,-136],[54,-81],[-73,-2],[-68,93],[-50,-7],[-27,-32],[-31,45],[-10,81],[-101,178],[-2,28],[27,56],[-6,48],[-31,31],[-100,4],[-15,33],[1,66]],[[9513,624],[-129,80],[-82,-31],[-9,18],[10,72],[-13,18],[-46,4],[-152,41],[-40,72]]],"transform":{"scale":[0.0007622403671556912,0.0003455433618606137],"translate":[-104.06103615920378,42.488459242896994]}}
