{"type":"Topology","objects":{"Virginia.geo":{"type":"GeometryCollection","geometries":[{"type":"Polygon","properties":{"name":"Frederick","fips":"51069"},"id":"Frederick","arcs":[[0,1,2,3],[4]]},{"type":"Polygon","properties":{"name":"Loudoun","fips":"51107"},"id":"Loudoun","arcs":[[5,6,7,8,9]]},{"type":"Polygon","properties":{"name":"Clarke","fips":"51043"},"id":"Clarke","arcs":[[10,-4,11,-7,12]]},{"type":"Polygon","properties":{"name":"Winchester","fips":"51840"},"id":"Winchester","arcs":[[-5]]},{"type":"Polygon","properties":{"name":"Shenandoah","fips":"51171"},"id":"Shenandoah","arcs":[[13,14,-2,15,16]]},{"type":"Polygon","properties":{"name":"Fairfax","fips":"51059"},"id":"Fairfax","arcs":[[17,18,-9,19,20,21,22,23],[24]]},{"type":"Polygon","properties":{"name":"Warren","fips":"51187"},"id":"Warren","arcs":[[-16,-1,-11,25,26,27]]},{"type":"Polygon","properties":{"name":"Fauquier","fips":"51061"},"id":"Fauquier","arcs":[[28,29,30,-26,-13,-6,31]]},{"type":"Polygon","properties":{"name":"Prince William","fips":"51153"},"id":"Prince William","arcs":[[-32,-10,-19,32,33],[34,35]]},{"type":"Polygon","properties":{"name":"Arlington","fips":"51013"},"id":"Arlington","arcs":[[36,37,-23,38,-21]]},{"type":"Polygon","properties":{"name":"Falls Church","fips":"51610"},"id":"Falls Church","arcs":[[-22,-39]]},{"type":"Polygon","properties":{"name":"Fairfax City","fips":"51600"},"id":"Fairfax City","arcs":[[-25]]},{"type":"Polygon","properties":{"name":"Rappahannock","fips":"51157"},"id":"Rappahannock","arcs":[[39,40,-27,-31,41]]},{"type":"Polygon","properties":{"name":"Alexandria","fips":"51510"},"id":"Alexandria","arcs":[[-24,-38,42]]},{"type":"Polygon","properties":{"name":"Rockingham","fips":"51165"},"id":"Rockingham","arcs":[[43,44,45,-14,46,47],[48]]},{"type":"Polygon","properties":{"name":"Page","fips":"51139"},"id":"Page","arcs":[[49,-47,-17,-28,-41,50]]},{"type":"Polygon","properties":{"name":"Manassas Park","fips":"51685"},"id":"Manassas Park","arcs":[[-36,51]]},{"type":"Polygon","properties":{"name":"Manassas","fips":"51683"},"id":"Manassas","arcs":[[-52,-35]]},{"type":"Polygon","properties":{"name":"Culpeper","fips":"51047"},"id":"Culpeper","arcs":[[52,53,-42,-30,54,55]]},{"type":"Polygon","properties":{"name":"Madison","fips":"51113"},"id":"Madison","arcs":[[56,-51,-40,-54,57]]},{"type":"Polygon","properties":{"name":"Stafford","fips":"51179"},"id":"Stafford","arcs":[[58,59,60,-55,-29,-34,61,62,63]]},{"type":"Polygon","properties":{"name":"Highland","fips":"51091"},"id":"Highland","arcs":[[64,65,66]]},{"type":"Polygon","properties":{"name":"Augusta","fips":"51015"},"id":"Augusta","arcs":[[67,68,69,-67,70,-45,71],[72],[73]]},{"type":"Polygon","properties":{"name":"Greene","fips":"51079"},"id":"Greene","arcs":[[74,-48,-50,-57,75]]},{"type":"Polygon","properties":{"name":"Harrisonburg","fips":"51660"},"id":"Harrisonburg","arcs":[[-49]]},{"type":"Polygon","properties":{"name":"Orange","fips":"51137"},"id":"Orange","arcs":[[76,-76,-58,-53,77,78]]},{"type":"Polygon","properties":{"name":"Spotsylvania","fips":"51177"},"id":"Spotsylvania","arcs":[[79,-78,-56,-61,80,-59,81,82]]},{"type":"Polygon","properties":{"name":"King George","fips":"51099"},"id":"King George","arcs":[[83,-63,84,85,86]]},{"type":"Polygon","properties":{"name":"Fredericksburg","fips":"51630"},"id":"Fredericksburg","arcs":[[-81,-60]]},{"type":"Polygon","properties":{"name":"Westmoreland","fips":"51193"},"id":"Westmoreland","arcs":[[87,88,-86,89,90]]},{"type":"Polygon","properties":{"name":"Albemarle","fips":"51003"},"id":"Albemarle","arcs":[[91,92,-72,-44,-75,-77,93,94],[95]]},{"type":"Polygon","properties":{"name":"Bath","fips":"51017"},"id":"Bath","arcs":[[96,-65,-70,97,98]]},{"type":"Polygon","properties":{"name":"Caroline","fips":"51033"},"id":"Caroline","arcs":[[99,100,-82,-64,-84,101,102]]},{"type":"Polygon","properties":{"name":"Staunton","fips":"51790"},"id":"Staunton","arcs":[[-74]]},{"type":"Polygon","properties":{"name":"Essex","fips":"51057"},"id":"Essex","arcs":[[103,-102,-87,-89,104,105,106]]},{"type":"Polygon","properties":{"name":"Louisa","fips":"51109"},"id":"Louisa","arcs":[[107,-94,-79,-80,108,109]]},{"type":"Polygon","properties":{"name":"Richmond","fips":"51159"},"id":"Richmond","arcs":[[110,-105,-88,111,112]]},{"type":"Polygon","properties":{"name":"Waynesboro","fips":"51820"},"id":"Waynesboro","arcs":[[-73]]},{"type":"Polygon","properties":{"name":"Rockbridge","fips":"51163"},"id":"Rockbridge","arcs":[[113,114,115,-98,-69,116,117],[118],[119]]},{"type":"Polygon","properties":{"name":"Charlottesville","fips":"51540"},"id":"Charlottesville","arcs":[[-96]]},{"type":"Polygon","properties":{"name":"Nelson","fips":"51125"},"id":"Nelson","arcs":[[120,121,-117,-68,-93,122]]},{"type":"MultiPolygon","properties":{"name":"Accomack","fips":"51001"},"id":"Accomack","arcs":[[[123]],[[124,125]]]},{"type":"Polygon","properties":{"name":"Northumberland","fips":"51133"},"id":"Northumberland","arcs":[[126,-112,-91,127]]},{"type":"Polygon","properties":{"name":"Hanover","fips":"51085"},"id":"Hanover","arcs":[[128,129,130,-109,-83,-101,131]]},{"type":"Polygon","properties":{"name":"Fluvanna","fips":"51065"},"id":"Fluvanna","arcs":[[132,-95,-108,133,134]]},{"type":"Polygon","properties":{"name":"King and Queen","fips":"51097"},"id":"King and Queen","arcs":[[135,136,-103,-104,137,138,139]]},{"type":"Polygon","properties":{"name":"Alleghany","fips":"51005"},"id":"Alleghany","arcs":[[140,141,-99,-116,142],[143]]},{"type":"Polygon","properties":{"name":"King William","fips":"51101"},"id":"King William","arcs":[[144,-132,-100,-137]]},{"type":"Polygon","properties":{"name":"Goochland","fips":"51075"},"id":"Goochland","arcs":[[145,-134,-110,-131,146,147]]},{"type":"Polygon","properties":{"name":"Lancaster","fips":"51103"},"id":"Lancaster","arcs":[[-113,-127,148]]},{"type":"Polygon","properties":{"name":"Amherst","fips":"51009"},"id":"Amherst","arcs":[[149,150,151,-118,-122,152]]},{"type":"Polygon","properties":{"name":"Covington","fips":"51580"},"id":"Covington","arcs":[[-144]]},{"type":"Polygon","properties":{"name":"Lexington","fips":"51678"},"id":"Lexington","arcs":[[-120]]},{"type":"Polygon","properties":{"name":"Botetourt","fips":"51023"},"id":"Botetourt","arcs":[[153,154,-143,-115,155]]},{"type":"Polygon","properties":{"name":"Buckingham","fips":"51029"},"id":"Buckingham","arcs":[[156,-123,-92,-133,157,158]]},{"type":"Polygon","properties":{"name":"Middlesex","fips":"51119"},"id":"Middlesex","arcs":[[159,-138,-107,160]]},{"type":"Polygon","properties":{"name":"Cumberland","fips":"51049"},"id":"Cumberland","arcs":[[161,-158,-135,-146,162,163]]},{"type":"Polygon","properties":{"name":"Buena Vista","fips":"51530"},"id":"Buena Vista","arcs":[[-119]]},{"type":"Polygon","properties":{"name":"Henrico","fips":"51087"},"id":"Henrico","arcs":[[164,165,-147,-130,166,167,168]]},{"type":"Polygon","properties":{"name":"Powhatan","fips":"51145"},"id":"Powhatan","arcs":[[-163,-148,169,170]]},{"type":"Polygon","properties":{"name":"Craig","fips":"51045"},"id":"Craig","arcs":[[171,172,173,-141,-155,174]]},{"type":"Polygon","properties":{"name":"New Kent","fips":"51127"},"id":"New Kent","arcs":[[175,176,-167,-129,-145,-136]]},{"type":"Polygon","properties":{"name":"Bedford","fips":"51019"},"id":"Bedford","arcs":[[177,178,179,-156,-114,-152,180,181],[182]]},{"type":"Polygon","properties":{"name":"Richmond City","fips":"51760"},"id":"Richmond City","arcs":[[183,-165]]},{"type":"Polygon","properties":{"name":"Gloucester","fips":"51073"},"id":"Gloucester","arcs":[[184,-139,-160,185,186,187]]},{"type":"Polygon","properties":{"name":"Chesterfield","fips":"51041"},"id":"Chesterfield","arcs":[[188,189,190,191,-170,-166,-184,-169,192,193,194]]},{"type":"Polygon","properties":{"name":"Appomattox","fips":"51011"},"id":"Appomattox","arcs":[[195,196,-153,-121,-157,197]]},{"type":"Polygon","properties":{"name":"Northampton","fips":"51131"},"id":"Northampton","arcs":[[-125,198]]},{"type":"Polygon","properties":{"name":"Buchanan","fips":"51027"},"id":"Buchanan","arcs":[[199,200,201,202]]},{"type":"Polygon","properties":{"name":"Mathews","fips":"51115"},"id":"Mathews","arcs":[[-187,203]]},{"type":"Polygon","properties":{"name":"Amelia","fips":"51007"},"id":"Amelia","arcs":[[204,205,206,-164,-171,-192]]},{"type":"Polygon","properties":{"name":"Charles City","fips":"51036"},"id":"Charles City","arcs":[[207,-193,-168,-177,208,209,210]]},{"type":"Polygon","properties":{"name":"Giles","fips":"51071"},"id":"Giles","arcs":[[211,212,213,-173,214]]},{"type":"Polygon","properties":{"name":"Lynchburg","fips":"51680"},"id":"Lynchburg","arcs":[[215,-181,-151]]},{"type":"Polygon","properties":{"name":"James City","fips":"51095"},"id":"James City","arcs":[[216,217,-209,-176,-140,-185,218,219,220,221]]},{"type":"Polygon","properties":{"name":"Campbell","fips":"51031"},"id":"Campbell","arcs":[[222,-182,-216,-150,-197,223,224]]},{"type":"Polygon","properties":{"name":"Roanoke","fips":"51161"},"id":"Roanoke","arcs":[[225,226,-175,-154,-180,227],[228],[229]]},{"type":"Polygon","properties":{"name":"Prince Edward","fips":"51147"},"id":"Prince Edward","arcs":[[230,231,-198,-159,-162,-207,232]]},{"type":"Polygon","properties":{"name":"York","fips":"51199"},"id":"York","arcs":[[233,234,-222,235,-220,236,237]]},{"type":"Polygon","properties":{"name":"Montgomery","fips":"51121"},"id":"Montgomery","arcs":[[238,-215,-172,-227,239,240,241]]},{"type":"Polygon","properties":{"name":"Bedford City","fips":"51515"},"id":"Bedford City","arcs":[[-183]]},{"type":"Polygon","properties":{"name":"Tazewell","fips":"51185"},"id":"Tazewell","arcs":[[242,243,244,-203,245]]},{"type":"Polygon","properties":{"name":"Prince George","fips":"51149"},"id":"Prince George","arcs":[[246,247,248,-195,249,-208,250]]},{"type":"Polygon","properties":{"name":"Roanoke City","fips":"51770"},"id":"Roanoke City","arcs":[[-229]]},{"type":"Polygon","properties":{"name":"Hopewell","fips":"51670"},"id":"Hopewell","arcs":[[-250,-194]]},{"type":"Polygon","properties":{"name":"Salem","fips":"51775"},"id":"Salem","arcs":[[-230]]},{"type":"Polygon","properties":{"name":"Bland","fips":"51021"},"id":"Bland","arcs":[[251,-213,252,253,254,-243]]},{"type":"Polygon","properties":{"name":"Dickenson","fips":"51051"},"id":"Dickenson","arcs":[[255,256,257,-201]]},{"type":"Polygon","properties":{"name":"Nottoway","fips":"51135"},"id":"Nottoway","arcs":[[258,259,-233,-206,260]]},{"type":"Polygon","properties":{"name":"Colonial Heights","fips":"51570"},"id":"Colonial Heights","arcs":[[-189,261]]},{"type":"Polygon","properties":{"name":"Williamsburg","fips":"51830"},"id":"Williamsburg","arcs":[[-221,-236]]},{"type":"Polygon","properties":{"name":"Dinwiddie","fips":"51053"},"id":"Dinwiddie","arcs":[[262,-261,-205,-191,263,-248,264,265]]},{"type":"Polygon","properties":{"name":"Charlotte","fips":"51037"},"id":"Charlotte","arcs":[[266,267,-224,-196,-232,268]]},{"type":"Polygon","properties":{"name":"Surry","fips":"51181"},"id":"Surry","arcs":[[269,-251,-211,270,271,272]]},{"type":"Polygon","properties":{"name":"Petersburg","fips":"51730"},"id":"Petersburg","arcs":[[-249,-264,-190,-262]]},{"type":"Polygon","properties":{"name":"Pulaski","fips":"51155"},"id":"Pulaski","arcs":[[273,274,-253,-212,-239,275,-241,276]]},{"type":"Polygon","properties":{"name":"Newport News","fips":"51700"},"id":"Newport News","arcs":[[277,-217,-235,278]]},{"type":"Polygon","properties":{"name":"Franklin","fips":"51067"},"id":"Franklin","arcs":[[279,280,281,-228,-179,282]]},{"type":"Polygon","properties":{"name":"Wise","fips":"51195"},"id":"Wise","arcs":[[283,284,285,286,-257],[287]]},{"type":"Polygon","properties":{"name":"Poquoson","fips":"51735"},"id":"Poquoson","arcs":[[-238,288]]},{"type":"Polygon","properties":{"name":"Radford","fips":"51750"},"id":"Radford","arcs":[[-276,-242]]},{"type":"Polygon","properties":{"name":"Isle of Wight","fips":"51093"},"id":"Isle of Wight","arcs":[[289,290,291,-272,292,293]]},{"type":"Polygon","properties":{"name":"Russell","fips":"51167"},"id":"Russell","arcs":[[-256,-200,-245,294,295,296,-284]]},{"type":"Polygon","properties":{"name":"Floyd","fips":"51063"},"id":"Floyd","arcs":[[297,298,-277,-240,-226,-282]]},{"type":"Polygon","properties":{"name":"Lunenburg","fips":"51111"},"id":"Lunenburg","arcs":[[299,-269,-231,-260,300]]},{"type":"Polygon","properties":{"name":"Sussex","fips":"51183"},"id":"Sussex","arcs":[[301,-265,-247,-270,302]]},{"type":"Polygon","properties":{"name":"Hampton","fips":"51650"},"id":"Hampton","arcs":[[-279,-234,303]]},{"type":"Polygon","properties":{"name":"Wythe","fips":"51197"},"id":"Wythe","arcs":[[304,-254,-275,305,306]]},{"type":"Polygon","properties":{"name":"Halifax","fips":"51083"},"id":"Halifax","arcs":[[307,-225,-268,308,309]]},{"type":"Polygon","properties":{"name":"Brunswick","fips":"51025"},"id":"Brunswick","arcs":[[310,311,-301,-259,-263,312]]},{"type":"Polygon","properties":{"name":"Smyth","fips":"51173"},"id":"Smyth","arcs":[[313,314,-295,-244,-255,-305]]},{"type":"Polygon","properties":{"name":"Southampton","fips":"51175"},"id":"Southampton","arcs":[[315,316,-303,-273,-292,317,-290,318]]},{"type":"Polygon","properties":{"name":"Norfolk","fips":"51710"},"id":"Norfolk","arcs":[[319,320,321]]},{"type":"Polygon","properties":{"name":"Norton","fips":"51720"},"id":"Norton","arcs":[[-288]]},{"type":"Polygon","properties":{"name":"Virginia Beach","fips":"51810"},"id":"Virginia Beach","arcs":[[322,-320,323]]},{"type":"Polygon","properties":{"name":"Carroll","fips":"51035"},"id":"Carroll","arcs":[[324,325,326,-306,-274,-299,327,328]]},{"type":"Polygon","properties":{"name":"Washington","fips":"51191"},"id":"Washington","arcs":[[329,330,-296,-315,331,332,333]]},{"type":"Polygon","properties":{"name":"Suffolk","fips":"51800"},"id":"Suffolk","arcs":[[-319,-294,334,335,336,337]]},{"type":"Polygon","properties":{"name":"Greensville","fips":"51081"},"id":"Greensville","arcs":[[338,-313,-266,-302,-317],[339]]},{"type":"Polygon","properties":{"name":"Mecklenburg","fips":"51117"},"id":"Mecklenburg","arcs":[[340,-309,-267,-300,-312]]},{"type":"Polygon","properties":{"name":"Lee","fips":"51105"},"id":"Lee","arcs":[[-286,341,342]]},{"type":"Polygon","properties":{"name":"Scott","fips":"51169"},"id":"Scott","arcs":[[-285,-297,-331,343,-342]]},{"type":"Polygon","properties":{"name":"Patrick","fips":"51141"},"id":"Patrick","arcs":[[-328,-298,-281,344,345]]},{"type":"Polygon","properties":{"name":"Chesapeake","fips":"51550"},"id":"Chesapeake","arcs":[[-337,346,347,348,-321,-323,349]]},{"type":"Polygon","properties":{"name":"Henry","fips":"51089"},"id":"Henry","arcs":[[-345,-280,350,351],[352]]},{"type":"MultiPolygon","properties":{"name":"Portsmouth","fips":"51740"},"id":"Portsmouth","arcs":[[[-347,-336,353]],[[-349,354]]]},{"type":"Polygon","properties":{"name":"Grayson","fips":"51077"},"id":"Grayson","arcs":[[-332,-314,-307,-327,355,-325,356]]},{"type":"Polygon","properties":{"name":"Emporia","fips":"51595"},"id":"Emporia","arcs":[[-340]]},{"type":"Polygon","properties":{"name":"Martinsville","fips":"51690"},"id":"Martinsville","arcs":[[-353]]},{"type":"Polygon","properties":{"name":"Galax","fips":"51640"},"id":"Galax","arcs":[[-356,-326]]},{"type":"Polygon","properties":{"name":"Franklin City","fips":"51620"},"id":"Franklin City","arcs":[[-291,-318]]},{"type":"Polygon","properties":{"name":"Bristol","fips":"51520"},"id":"Bristol","arcs":[[-334,357]]},{"type":"Polygon","properties":{"name":"Pittsylvania","fips":"51143"},"id":"Pittsylvania","arcs":[[-351,-283,-178,-223,-308,358,359,360]]},{"type":"Polygon","properties":{"name":"Danville","fips":"51590"},"id":"Danville","arcs":[[361,-360]]}]}},"arcs":[[[6546,8571],[-16,-64],[-170,-38]],[[6360,8469],[-9,37],[6,42],[-29,26],[2,26],[-14,22],[25,121],[-20,42],[-12,-33],[-45,24],[-5,-47],[-45,-63],[-25,-139],[-96,101]],[[6093,8628],[41,125],[20,63],[44,24],[21,101],[33,76],[-26,92],[1,50],[29,113],[-17,43],[86,288],[-4,32],[-25,37],[18,66],[3,261],[84,-115],[56,-111],[233,-430]],[[6690,9343],[-79,-415],[-11,-138],[-50,-166],[-4,-53]],[[6572,9089],[-59,38],[-27,-101],[0,-53],[51,-66],[27,90],[8,92]],[[7136,8229],[-361,243]],[[6775,8472],[30,85],[26,21],[29,86],[31,36],[12,118],[27,67]],[[6930,8885],[12,33],[18,188],[44,171],[10,131],[38,114],[57,3],[75,-65],[57,-5],[31,-101],[57,-65],[35,-71],[3,-36],[-19,-143],[-45,-67],[4,-140],[40,-43],[23,-80],[32,-48],[102,6],[26,-20]],[[7530,8647],[-253,-727]],[[7277,7920],[-12,17],[-9,101],[-40,32],[-44,143],[-36,16]],[[6726,8361],[-63,137],[-52,-18],[-65,91]],[[6690,9343],[240,-458]],[[6775,8472],[-49,-111]],[[5964,7090],[-262,530]],[[5702,7620],[60,241],[27,160],[52,107],[13,61],[16,4],[7,-87],[46,57],[39,99],[19,100],[38,-43],[54,160],[5,33],[-18,40],[33,76]],[[6360,8469],[-18,-49],[17,-60],[-16,-4],[-1,-23],[26,-62],[3,-57],[-35,-130],[-12,-93],[-56,-149]],[[6268,7842],[-61,-134],[-47,-158],[-41,-64],[-45,25],[-42,-111],[-43,-241],[-25,-69]],[[7861,7705],[-1,-238],[-13,-23],[-29,11],[-13,-38],[-38,-90],[-6,-102],[-80,-87],[3,131],[-39,-35]],[[7645,7234],[-51,136],[-51,47],[-17,54],[-37,15],[-25,-28],[-5,98],[-17,31],[-8,-39],[-10,6],[-16,120],[-26,62],[-56,-18],[2,65],[-12,17],[-5,87],[-24,-23],[-10,56]],[[7530,8647],[82,-120],[14,-178],[109,-38],[35,-112]],[[7770,8199],[-66,-132]],[[7704,8067],[-24,-26],[3,-59],[49,-14],[9,28]],[[7741,7996],[39,-85]],[[7780,7911],[-38,-88],[5,-84],[53,17],[61,-51]],[[7570,7986],[-7,-25],[-57,-15],[-9,-59],[72,-67],[12,32],[19,-6],[3,133],[-33,7]],[[6726,8361],[-47,-152],[-29,-17],[-10,-66],[14,-66],[-5,-28],[-28,15],[-19,-28],[-16,7],[-25,-69]],[[6561,7957],[-32,-78],[-47,-206],[-57,-72],[-26,24],[-2,-19]],[[6397,7606],[-15,90],[-43,26],[-71,120]],[[7285,6940],[-115,-328],[2,-130],[-11,-50]],[[7161,6432],[-43,4],[-26,34],[-17,-39],[-32,-14],[-26,59],[-7,92],[-48,209],[-72,183],[-10,83],[13,85],[-23,65],[7,41],[-20,65],[-18,-13],[4,55],[-14,62],[-32,-16]],[[6797,7387],[-71,74],[-4,74],[-29,82],[6,78],[-7,54],[-23,3],[-5,36],[-103,169]],[[7136,8229],[-25,-192],[-34,-26],[-17,-126],[225,-945]],[[7645,7234],[-90,-510]],[[7555,6724],[-86,76],[-64,154],[-65,92],[-55,-106]],[[7351,7681],[-24,-36],[-37,-131],[3,-50],[22,-34],[-10,97],[9,15],[16,-52],[5,24],[21,-15],[22,24],[6,89],[-14,40]],[[7370,7652],[26,-50],[7,73],[-11,11],[-5,-41],[-17,26],[1,29],[-17,5],[-3,-24]],[[7770,8199],[52,-56],[13,-102],[34,-81],[-2,-82]],[[7867,7878],[-54,42],[-24,-35],[-9,26]],[[7741,7996],[-37,71]],[[6455,6827],[-130,320]],[[6325,7147],[22,93],[1,123],[-12,76],[6,47],[10,36],[38,28],[7,56]],[[6797,7387],[-183,-344],[-83,-216],[-25,-24],[-33,37],[-18,-13]],[[7867,7878],[-5,-31],[11,-53],[-12,-89]],[[5949,5942],[-13,-79],[-66,-55],[-32,-96]],[[5838,5712],[-163,328],[-29,10],[-377,600]],[[5269,6650],[123,609],[8,19],[38,-15],[2,165],[36,188],[2,98],[25,32],[55,160],[144,-286]],[[5964,7090],[-48,-301],[4,-38],[27,-44],[32,-8],[8,-93],[75,-72],[13,-63],[28,13],[46,-47]],[[6149,6437],[-85,-305],[-57,-36],[-55,-116],[-3,-38]],[[5740,6521],[-56,77],[-38,-155],[12,-88],[44,81],[34,7],[4,78]],[[6190,6620],[-41,-183]],[[6325,7147],[-20,-18],[-34,-108],[-11,-120],[-61,-107],[-9,-174]],[[7370,7652],[-19,29]],[[7075,6253],[-44,48],[-6,56],[-6,-16],[-8,23],[-31,-58],[7,-35],[-43,43],[-78,-7],[-12,34],[-21,-68],[-46,-40],[-32,3],[-4,-40],[-24,6],[-37,-68],[-6,-45],[-63,4],[-10,-22]],[[6611,6071],[2,100],[-23,72],[28,147],[-33,69],[-6,67],[-124,301]],[[7161,6432],[6,-72],[13,-21],[-1,-58]],[[7179,6281],[-26,-48],[4,74],[-8,7],[-34,-33],[-8,-38],[-32,10]],[[6388,5926],[-43,-6],[-45,97],[5,58],[-25,12],[-66,180],[6,64],[-13,65],[7,116],[-24,108]],[[6611,6071],[-39,-100],[-32,-8],[-4,-49],[-20,14],[-3,-59],[-34,-53],[-35,-18],[-56,128]],[[7477,5836],[-49,22],[-33,83]],[[7395,5941],[-3,45],[-27,71]],[[7365,6057],[-9,39],[-30,13],[-25,0],[-23,-41],[-35,78],[6,36],[-8,18],[-45,-56],[-7,31],[10,44],[-20,62]],[[7555,6724],[-41,-224],[58,-254],[-38,-64]],[[7534,6182],[-6,-82],[-33,-69],[5,-111],[20,-71]],[[7520,5849],[-19,15],[-24,-28]],[[4949,5625],[-251,134],[-96,164]],[[4602,5923],[9,57],[-19,47],[2,53],[44,136],[36,-7],[16,147],[42,121],[-10,241],[32,70],[-4,101],[32,144],[125,-132],[60,-314],[201,-170]],[[5168,6417],[-2,-118],[-24,-26],[1,-50],[-30,-52],[-22,-151],[-27,-69],[-9,-148],[-33,-64],[-38,14],[-35,-128]],[[5734,5148],[-52,-42],[-18,-136],[2,-132],[-36,-65],[-28,-3],[-47,-155],[-53,7],[-33,80],[-43,-41],[-34,5],[-26,-43]],[[5366,4623],[-34,83],[-361,589]],[[4971,5295],[-5,82],[50,116],[3,45],[-70,87]],[[5168,6417],[52,85],[49,148]],[[5838,5712],[-7,-101],[-30,-152],[4,-178],[-71,-133]],[[5712,5287],[-24,32],[-59,-39],[15,-98],[23,-26],[41,22],[11,75],[-7,34]],[[5495,5500],[-7,16],[9,68],[-32,9],[-16,32],[-22,-1],[-20,-127],[22,-68],[43,-24],[23,95]],[[6290,5633],[-341,309]],[[6388,5926],[-98,-293]],[[6484,5438],[-194,195]],[[7075,6253],[-20,-119],[-277,-717]],[[6778,5417],[-25,0],[-25,60],[-26,9],[-35,-30],[-57,60],[-27,-35],[-18,11],[-56,-55],[-25,1]],[[7097,5040],[-32,16],[-19,51],[-18,-20],[-2,79],[-45,57],[0,25],[-28,21],[-30,81],[-20,12],[-9,-21],[-29,41],[-87,35]],[[7365,6057],[-36,-7],[-3,-133],[45,-10],[17,43],[7,-9]],[[7477,5836],[-329,-848]],[[7148,4988],[-20,3],[-16,48],[-15,1]],[[7772,5499],[-34,79],[-46,-2],[-45,115],[-19,-46],[-29,21],[26,36],[-12,70],[31,31],[-1,36],[-33,25],[-22,-17],[-19,-75],[-6,59],[-43,18]],[[7534,6182],[96,-43],[220,151],[66,-326]],[[7916,5964],[-15,-34],[-49,-29],[-7,-303],[-16,-19],[0,-43]],[[7829,5536],[-17,-24],[-17,44],[-23,-57]],[[8343,4895],[-24,49],[-51,-1],[-21,47],[-51,14],[1,93],[-47,94],[-21,16],[-70,169],[-59,-43],[-26,-61]],[[7974,5272],[-39,32],[-23,60],[-21,-39],[-21,7],[-19,43],[-2,118],[-20,43]],[[7916,5964],[74,-267],[405,-282],[55,-159],[-11,-167]],[[8439,5089],[-28,-4],[-16,-73],[-29,-12],[-23,-105]],[[6146,4292],[-14,-114],[-20,-15],[-47,19],[-25,-39],[-55,19],[-30,-87]],[[5955,4075],[-38,38],[-5,40],[21,20],[-26,43],[16,22],[-15,46],[-7,113],[-24,62],[-143,689]],[[6484,5438],[-117,-400]],[[6367,5038],[-221,-746]],[[6176,5233],[-38,-7],[-26,-69],[-11,-72],[11,-37],[20,11],[39,-30],[31,136],[-26,68]],[[4293,4850],[64,117],[40,167],[11,99],[35,123],[-9,62],[30,142],[-7,57],[101,243],[44,63]],[[4971,5295],[-50,-138],[8,-66],[-32,-131],[-82,-181],[-38,-198]],[[4777,4581],[-48,-119],[-85,159],[-72,-13],[-82,43],[-53,201],[-84,20],[-34,-55],[-26,33]],[[7692,4648],[-6,-25],[-24,-6],[3,50],[-39,32],[-4,-122],[-44,-76],[-12,-69],[-59,-111],[-3,-36]],[[7504,4285],[-11,-9],[-11,26],[-27,-67],[-19,7],[-3,88],[-13,-6],[-13,30],[9,32],[-15,94],[15,57],[-24,92],[-51,-33],[-50,125],[-15,-13],[-16,30],[4,37],[-31,98],[-15,-41],[-18,24],[-18,-14],[-34,146]],[[7772,5499],[4,-67],[-33,-20],[-28,-158],[47,-127],[-5,-46],[61,-57],[9,-123]],[[7827,4901],[-27,-16],[-13,20],[-53,-6],[-19,-21],[-19,-95],[7,-104],[-11,-31]],[[8204,4105],[-19,90],[-25,48],[-7,68],[-42,-15],[-19,21],[-34,-37],[-37,41],[-39,-31],[-2,122],[-79,46],[-31,107],[10,23],[-2,123],[-46,116],[-5,74]],[[7974,5272],[22,-40],[22,-146],[4,-145],[38,-10],[23,-131],[47,-74]],[[8130,4726],[103,-415],[60,-81]],[[8293,4230],[-56,-43],[-33,-82]],[[6654,4688],[-165,155],[-29,88],[-93,107]],[[7097,5040],[-140,-949]],[[6957,4091],[-37,57],[-82,35],[-21,64],[-30,219],[-48,55],[-42,124],[-43,43]],[[8352,4304],[-166,413],[-56,9]],[[8343,4895],[92,-146],[25,-156],[-7,-67],[28,-30],[15,-47]],[[8496,4449],[-74,-11],[-16,-87],[-54,-47]],[[5025,3685],[-25,-43],[18,-116],[-28,-62],[-44,-45]],[[4946,3419],[-94,154],[14,60],[-133,215],[24,102],[-12,19],[-13,136],[11,89]],[[4743,4194],[71,316],[17,27],[-54,44]],[[5366,4623],[11,-97],[-25,-175],[-24,-43]],[[5328,4308],[-22,-37],[-38,76],[-31,-21],[-24,-67],[-4,-68],[-29,-73],[1,-54],[-17,-43],[-9,-78],[-16,-26],[-8,-78],[-61,-108],[-45,-46]],[[5138,4009],[8,108],[-33,-8],[-29,-78],[-1,-28],[20,-10],[35,16]],[[5038,4306],[-49,15],[-3,-95],[12,-38],[32,14],[8,104]],[[5743,3489],[-17,-86],[-41,24]],[[5685,3427],[-2,31],[-38,36],[-42,300],[-41,157],[-22,35],[-41,8],[-30,50],[-4,169],[-13,37],[-62,60],[-62,-2]],[[5955,4075],[-18,-89],[10,-55],[-9,-21],[-37,58],[-9,-90],[-18,-13],[-14,-108],[-106,15],[4,-124],[-27,-53],[12,-106]],[[9966,5097],[33,3],[-67,-225],[-48,-254],[-55,-45],[49,90],[-40,-3],[38,61],[90,373]],[[9323,3181],[19,93],[-10,47],[14,63],[-45,77],[-43,5]],[[9258,3466],[-87,33],[13,83],[51,-19],[-23,41],[126,410],[21,267],[102,119],[11,116],[-56,248],[90,37],[12,99],[26,90],[301,70],[-291,-1096],[33,-69],[-130,-301],[59,-102],[-92,-5],[-34,-163],[60,-59],[-127,-84]],[[8678,3974],[-23,34],[12,119],[-6,83],[-44,55],[-24,125],[-12,13],[-25,-24],[-31,61],[-29,9]],[[8439,5089],[-18,-76],[58,33],[186,-191],[129,-230],[8,-137],[-86,-176],[17,-273],[-55,-65]],[[7759,3731],[-19,-132],[-42,13],[-42,-155],[-14,6],[-9,-38]],[[7633,3425],[-44,64],[-108,75],[-31,53],[-45,149],[-19,131],[-30,26],[-16,-23],[-29,74],[-59,-71],[-53,88],[-35,0]],[[7164,3991],[-25,27],[-41,-25],[-141,98]],[[7504,4285],[16,-11],[8,-42],[-13,-54],[36,-11],[-15,-61],[26,9],[-4,-48],[15,-42],[18,22],[23,-47],[13,56],[13,-36],[-15,-50],[1,-45],[33,8],[16,-39],[1,40],[15,-3],[5,-44],[-13,-54],[38,34],[16,-19],[6,47],[7,-42],[25,-4],[-1,-96],[-15,-22]],[[6432,3949],[-27,46],[-51,28],[-50,64],[-54,19],[-85,85],[-19,101]],[[6654,4688],[-107,-468],[-13,-103]],[[6534,4117],[-45,-41],[-32,-58],[-7,-59],[-18,-10]],[[8227,3161],[-68,180]],[[8159,3341],[2,92],[14,58],[-16,30],[-4,55],[-28,30],[8,40],[-19,-9],[-11,37],[-37,20],[15,54],[-30,69],[-35,5],[3,65],[-24,49],[-44,0],[-14,45],[-31,23],[-14,49],[-21,5],[-35,89],[-28,-4],[11,82],[-34,44],[13,79],[-21,-15],[-5,50],[-16,26],[10,36],[-17,37],[7,64],[-35,8],[20,44],[-16,6],[-7,39],[-28,5]],[[8204,4105],[37,-246],[25,-32],[5,-84],[56,-111]],[[8327,3632],[-17,-67],[-10,-163],[30,-169],[-8,-51],[-56,-84],[-15,-54]],[[8251,3044],[-24,117]],[[4330,3799],[-20,24],[-119,-180],[-37,41],[-42,-1],[-14,30]],[[4098,3713],[-42,57],[-55,-1],[-5,40],[11,66],[-9,39],[63,148],[-5,107],[40,74],[-4,81],[62,139],[-1,59],[15,59],[49,48],[14,80],[62,141]],[[4743,4194],[-153,105],[-47,-26],[-4,-65],[-83,-223],[-126,-186]],[[4390,4181],[10,28],[-9,130],[-34,-2],[-27,-138],[22,-55],[38,37]],[[8159,3341],[-32,117],[-44,-86],[-20,11],[24,97],[-9,75],[-18,-6],[0,-74],[-10,-28],[-19,8],[-18,50],[-21,-3],[-12,-76],[-20,-15],[-14,37],[18,57],[-10,49],[-20,11],[-7,-53],[-29,2],[-34,100],[-35,30],[-13,-31],[-9,23],[3,45],[-51,50]],[[6632,3822],[-46,71],[29,87],[-4,44],[-77,93]],[[7164,3991],[-33,-232],[23,-138],[18,-51],[-46,-78]],[[7126,3492],[-43,85],[-43,14],[-37,81],[-75,-10],[-5,70],[-73,117],[-25,104],[-48,-69],[12,-113],[-12,-58],[-29,2],[-39,63],[-77,44]],[[8678,3974],[40,-77],[-26,-188],[-192,115],[-87,390],[-61,90]],[[5518,3060],[-22,1],[-13,-57],[-18,4],[8,-68],[-8,-28],[-24,13]],[[5441,2925],[-56,96],[-49,94],[-14,57]],[[5322,3172],[-35,66],[-12,76],[-33,-50],[-12,59],[-40,-25],[-52,67],[-57,265],[-56,55]],[[5685,3427],[-13,-40],[-12,9],[-5,-68],[-27,-59],[-27,12],[-2,-69],[-38,-40],[-43,-112]],[[4539,2626],[-21,72],[-257,302]],[[4261,3000],[45,101],[38,164],[7,80],[43,103],[-70,310],[6,41]],[[4946,3419],[4,-34],[-13,-43],[-26,-48],[-39,-14],[-19,-87],[1,-70],[-68,22],[-12,71],[-24,20],[-129,-249],[-33,-22],[-7,-39],[35,-58],[3,-66],[-16,-66],[-49,-51],[-15,-59]],[[6030,2941],[-28,-44],[-27,11],[-16,101],[-37,39],[-179,441]],[[6432,3949],[-4,-208],[-261,-1010]],[[6167,2731],[-16,4],[-10,-25],[-31,25],[-21,49],[-19,-4],[-8,53],[-15,1],[1,34],[-13,8],[-5,65]],[[8493,3468],[-29,44],[-22,-23],[-17,13],[-25,86],[-19,-6],[-54,50]],[[8293,4230],[133,-456],[302,-311],[-40,-89],[-195,94]],[[6445,2833],[-25,-23],[-4,-49],[-4,25],[-15,-6],[-1,-60],[-13,5],[-7,-52],[-13,5],[-25,-43],[-15,23],[-17,-62],[-11,31],[-29,-2],[-47,89],[-52,17]],[[6632,3822],[-22,-49],[-50,-636]],[[6560,3137],[-24,-43],[-24,0],[-5,-45],[-15,-13],[-42,-144],[-5,-59]],[[7412,3069],[10,92],[-12,168],[33,-6],[14,81],[-20,67],[-12,-5],[-10,39],[9,64],[-36,51],[-1,39],[-28,3],[-1,-30],[-38,5],[-4,-76],[-41,51],[-11,-70],[19,-11],[2,-39],[-49,-11],[-14,18],[-21,-22]],[[7201,3477],[-75,15]],[[7633,3425],[22,-2],[6,-87],[27,-28],[13,-55]],[[7701,3253],[-59,-292],[13,-62],[-15,-12],[-22,37],[-5,-42]],[[7613,2882],[-33,-88],[-35,19],[-4,28],[22,86],[-8,39],[-32,-96],[-33,-9],[-18,-53],[-21,2],[1,34],[32,17],[4,47],[-34,-11],[1,60],[-22,69],[-19,8],[-2,35]],[[7126,3492],[-149,-307],[-24,-153],[-21,-11],[-8,17],[-10,-37],[-16,1]],[[6898,3002],[-14,125],[-27,-15],[-4,75],[-29,32],[-81,10],[-25,27],[-12,-22],[1,-44],[-37,-10],[-14,-62],[-22,11],[-20,-41],[-54,49]],[[4050,2747],[-90,71],[-37,-78],[-69,-68]],[[3854,2672],[-59,350]],[[3795,3022],[58,42],[44,105],[43,36],[6,52],[70,68],[9,86],[-33,-27],[-21,18],[11,114],[84,103],[32,94]],[[4261,3000],[-83,-112],[-62,-26],[-66,-115]],[[8227,3161],[-19,-14],[-12,-74],[-15,-11],[-60,52],[-80,-62],[2,-149],[-13,-27]],[[8030,2876],[-7,11],[5,55],[-26,6],[-1,-35],[-22,-20],[6,71],[-22,-17],[-15,58],[-20,13],[-28,-28],[-9,45],[-35,1],[-19,36],[-27,11],[-47,100],[-62,70]],[[5027,1799],[-52,1],[24,-150],[-17,-34],[-88,138],[-13,1],[-19,-46],[-21,30]],[[4841,1739],[-30,102],[3,55],[-42,82],[-21,114],[-31,7],[-14,37],[-6,87],[-54,19],[-30,116],[-23,-35],[-18,27],[-25,-30],[-14,15]],[[4536,2335],[3,291]],[[5322,3172],[-27,6],[-69,-91],[41,-157],[-26,-129]],[[5241,2801],[-214,-1002]],[[4957,2716],[-39,45],[-28,-12],[13,-101],[50,-8],[4,76]],[[7412,3069],[-34,58],[-56,34],[-24,86],[1,119],[-41,36],[-49,3],[-8,72]],[[8265,3008],[-14,36]],[[8493,3468],[93,-128]],[[8586,3340],[-21,-106],[6,-91]],[[8571,3143],[-20,-134],[55,-23],[16,-134],[-61,15],[74,-288],[-81,-130],[-228,537],[-61,22]],[[7457,2421],[13,162],[-28,-58],[-52,14],[25,-99],[2,-55]],[[7417,2385],[-47,-34]],[[7370,2351],[-67,-29],[-29,31],[-22,-16],[-48,75],[-18,81],[-26,34],[-18,-38]],[[7142,2489],[-26,93],[-21,-43],[-26,56],[-6,-45],[-17,-1],[-21,-63],[-71,131],[15,59],[-5,60],[-55,24],[-8,33],[-32,26],[16,126],[-11,17],[-1,40],[25,0]],[[7613,2882],[13,-48],[-30,-75],[-14,-88]],[[7582,2671],[-55,-37]],[[7527,2634],[-18,8],[-52,-221]],[[5916,2438],[-38,-41],[-23,-77],[-50,11],[-31,-75],[-28,17]],[[5746,2273],[-29,34],[-23,94],[-58,13],[-3,87],[-25,46],[-90,513]],[[6030,2941],[-15,-209],[-55,-82],[-44,-212]],[[9323,3181],[-9,-147],[35,-62],[-43,35],[-83,-174],[-41,-772],[-47,-55],[-56,626],[100,603],[-37,-18],[13,145],[28,121],[75,-17]],[[2097,2057],[-122,-72],[-8,-79],[6,-49],[-32,-98],[-44,-36],[-23,33],[-15,-34],[-43,-10]],[[1816,1712],[16,50],[-25,119],[4,85],[-29,4],[-1,75],[-14,59],[-19,18],[-34,178],[-22,219],[-48,99]],[[1644,2618],[390,776],[29,-84],[-15,-47],[-34,-35],[-14,-56],[80,-175],[-7,-150],[35,-107],[40,-52],[6,-63],[23,-74],[28,-20],[27,26],[48,-51],[16,-75]],[[2296,2431],[-29,-158],[-38,-54],[-40,-3],[-6,-31],[-43,-53],[-11,-56],[-16,9],[-16,-28]],[[8586,3340],[93,1],[120,-430],[-24,-205],[-31,14],[-45,202],[-128,221]],[[7142,2489],[-37,-127],[-16,-35],[-39,-22],[-24,-76],[-70,-7]],[[6956,2222],[-510,366]],[[6446,2588],[-1,245]],[[7945,2438],[-25,154],[-28,50],[-66,-128],[-25,140],[-44,-33],[-48,7],[-23,-31],[-29,69],[-20,12],[-25,-31],[-30,24]],[[8030,2876],[-20,-91],[16,-6],[4,41],[17,-14],[18,25],[-12,-47],[10,-104]],[[8063,2680],[-4,-218],[-74,-78]],[[7985,2384],[-40,54]],[[3634,2418],[-145,-163],[-80,-57],[-60,-101]],[[3349,2097],[-25,56],[24,52],[-19,51],[-27,-54],[-139,317],[34,70]],[[3197,2589],[13,-16],[40,33],[93,130],[9,40],[-35,129],[32,119],[61,-35],[0,-73],[35,-19],[8,-51],[18,26],[2,30],[19,17],[30,-15],[127,198],[65,79],[40,20],[25,-49],[1,-92],[15,-38]],[[3854,2672],[-110,-174],[-110,-80]],[[5441,2925],[-38,-86],[-69,-99],[-47,-25],[-46,86]],[[8400,2367],[0,-144],[-22,-38]],[[8378,2185],[-46,162],[-58,23],[-58,-134],[-59,161],[-72,12],[-22,271]],[[8265,3008],[41,-161]],[[8306,2847],[-35,-29],[-33,24],[-18,-12],[-2,-78],[36,-186]],[[8254,2566],[-14,-23],[9,-76],[35,-8],[17,24]],[[8301,2483],[24,-45],[64,-39],[11,-32]],[[5426,1764],[-33,99],[-25,-54],[-30,-14],[-17,34],[-15,-32],[-9,166],[-27,-43],[-6,68],[-26,40],[-18,-82],[-22,-12],[-57,119],[-13,-46],[-28,-21],[6,-57],[-33,-117],[-46,-13]],[[5746,2273],[-102,-628]],[[5644,1645],[-77,87],[-22,-60],[-25,21],[-21,-18],[-73,89]],[[4210,2002],[-19,11],[-16,-49],[-16,-6],[-9,41]],[[4150,1999],[-20,374],[-79,259],[-1,115]],[[4536,2335],[-39,-38],[-48,-178],[-41,-65],[-41,32],[-16,74],[-25,12],[-84,-66],[-32,-104]],[[4480,2410],[-5,119],[9,32],[-49,117],[-86,-61],[-4,-74],[4,-41],[13,4],[-2,-89],[21,-8],[28,-61],[31,-14],[21,13],[19,63]],[[4330,2488],[-19,172],[-91,-90],[10,-49],[28,19],[26,-56],[46,4]],[[6440,1987],[-33,-13],[-18,-58],[-30,26],[-55,-18],[-109,-82]],[[6195,1842],[-21,56],[-34,32],[-10,83],[-61,75],[-38,-29],[-45,66],[-14,115],[-57,26],[1,172]],[[6446,2588],[-6,-601]],[[8632,1942],[-9,-59],[-37,-5]],[[8586,1878],[-35,49],[-125,428],[-26,12]],[[8301,2483],[-14,84],[-33,-1]],[[8306,2847],[89,-275],[202,-288],[14,-189]],[[8611,2095],[0,-81],[21,-72]],[[3730,2045],[-4,62],[-23,10],[-14,59],[15,57],[41,-1],[-1,40],[-33,4],[-53,-51],[-36,105],[12,88]],[[4150,1999],[-52,-81],[-99,-93],[-57,-164],[-35,-6],[-16,-35],[-15,42],[-10,-56],[-20,34],[-12,-26],[-11,32],[-35,-76],[-7,-59],[-13,19],[-12,83],[-11,4],[-1,-62],[-13,-43]],[[3731,1512],[-15,55],[-10,130],[-17,39],[6,14],[25,-23],[-8,71],[-13,46],[-19,0],[-21,47],[-6,35],[7,12]],[[3660,1938],[47,26],[23,81]],[[2908,2396],[-71,-83],[19,-133],[-52,-31],[-25,-62],[8,-32],[64,-56],[9,-31],[-12,-74],[-69,-89],[-74,-27],[-67,-56],[-7,-28],[25,-82]],[[2656,1612],[-45,-74],[-1,91],[-97,-73],[-130,-199],[-23,21],[-20,108],[-81,-47]],[[2259,1439],[-28,164],[-59,212],[-52,116],[-23,126]],[[2296,2431],[44,-51],[42,-105],[130,5],[61,96],[11,63],[24,6],[86,96],[14,98],[39,96],[55,-156],[106,-183]],[[7728,1960],[-36,-25],[-247,-366]],[[7445,1569],[-6,561]],[[7439,2130],[15,10],[9,43],[41,-20],[14,144],[-61,114]],[[7527,2634],[11,-64],[-6,-36],[16,-34],[23,-8],[43,89],[-26,46],[-6,44]],[[7945,2438],[-42,-68],[-17,-89],[-56,-52],[-102,-269]],[[2908,2396],[97,119],[137,38],[47,69],[8,-33]],[[3349,2097],[-56,-95],[-38,-31],[21,-147]],[[3276,1824],[-110,-59],[-118,-116],[-31,55],[-43,-33],[-41,68],[-19,-1],[-81,-99],[-78,-180],[-40,-16]],[[2715,1443],[-59,169]],[[1816,1712],[-63,-32],[-50,-119],[-42,22],[-49,-77]],[[1612,1506],[-47,-77],[-16,55],[-76,124],[-69,63],[0,123],[-60,226],[-10,236]],[[1334,2256],[171,176],[62,34],[77,152]],[[6846,1547],[-16,-24],[-74,26],[-20,35],[-7,90],[-16,-31]],[[6713,1643],[-56,-25],[-30,12],[-10,51],[-26,-2],[3,36],[-9,-15],[-34,26],[-33,126],[-41,33],[-13,69],[-24,33]],[[6956,2222],[-16,-77],[-42,-1],[-34,-78],[-26,-11],[8,-508]],[[7457,2421],[-40,-36]],[[7132,1211],[-59,88],[-11,-17],[-21,132],[-21,22],[-21,65],[-20,-3],[-67,60],[-44,-31],[-22,20]],[[7370,2351],[8,-56],[-10,-74],[32,-32],[6,-45],[33,-14]],[[7445,1569],[-259,-404]],[[7186,1165],[-26,20],[-3,-53],[-11,81],[-14,-2]],[[6141,1210],[-178,-658]],[[5963,552],[-49,145],[28,74],[-18,128],[11,33],[-16,53],[17,44],[0,40],[-26,48],[-2,38],[-40,119],[-28,43],[23,46],[-23,254],[-10,6],[-5,-27],[12,-48],[-25,-8],[0,-83],[-15,-17],[-34,94],[-97,-16],[7,103],[-29,24]],[[6195,1842],[-54,-632]],[[7967,1391],[-17,199],[9,160],[-43,-6],[-53,74],[-16,-46],[-5,48],[-16,-22],[-6,67],[-14,19],[-14,-19],[-7,44],[-23,-4],[-34,55]],[[7985,2384],[48,-122],[122,22],[81,-195],[52,163],[17,-173]],[[8305,2079],[-14,-37],[3,-97],[-31,-124],[-1,-48],[-171,-210]],[[8091,1563],[-124,-172]],[[3620,1337],[-61,-85],[-12,-77],[-55,1]],[[3492,1176],[-193,508],[-23,140]],[[3730,2045],[-22,38],[-24,-11],[-38,-89],[14,-45]],[[3731,1512],[-111,-175]],[[8645,1540],[-49,-87],[-125,352],[19,71],[-58,101],[-5,-129],[-67,178],[18,159]],[[8586,1878],[-17,-34],[-1,-127],[9,-49],[13,14],[26,-113],[11,16],[18,-45]],[[4783,1047],[-137,-218],[-277,159],[-48,-135]],[[4321,853],[-40,106],[-5,89],[-137,45],[-70,55]],[[4069,1148],[12,40],[42,29],[0,48],[32,113],[36,17],[10,37],[-1,46],[16,67],[-8,47],[22,87],[-14,87],[13,105],[-17,62],[-2,69]],[[4841,1739],[-58,-692]],[[1612,1506],[26,-259],[-20,5],[-6,-42],[-14,18],[-47,-16],[-41,-47]],[[1510,1165],[-10,33],[-252,-25],[-74,-200],[-55,39],[-41,-104]],[[1078,908],[-89,154],[-1,56],[-43,90]],[[945,1208],[21,131],[-7,146],[64,106],[105,98],[4,109],[13,33],[-14,60],[3,58],[179,288],[21,19]],[[1298,1412],[-40,13],[-33,-79],[9,-30],[21,-9],[16,43],[31,7],[-4,55]],[[8611,2095],[19,71],[40,-91],[31,105],[61,-189],[-130,-49]],[[8036,346],[-21,49]],[[8015,395],[1,102]],[[8016,497],[-3,47],[-14,24],[18,111],[19,14],[-2,56],[13,67],[29,68],[-6,53],[19,143],[20,12],[19,156],[-5,52],[-31,56],[-8,88],[7,119]],[[8305,2079],[7,-321],[104,-101],[-42,-102],[69,39],[77,-153],[-32,-170]],[[8488,1271],[-18,33],[-434,-958]],[[2259,1439],[-53,-51],[-20,-64]],[[2186,1324],[-63,-117],[-63,-80],[-22,-7],[-36,35],[-99,-88],[-43,-80],[0,-92],[-12,-42],[-142,-109],[-117,-157]],[[1589,587],[-79,578]],[[4069,1148],[-120,-189],[-10,-53],[-29,-47],[-30,-167],[-17,-20],[-27,23],[-16,-12],[-3,-120]],[[3817,563],[-197,774]],[[6691,836],[-16,15],[-13,-30],[-49,59],[-14,43],[-14,-56],[-62,53],[-75,7],[-11,31],[-40,13],[-54,133],[-20,-52],[-16,53],[-47,22],[-8,-39],[-7,18],[-16,-11],[-10,47],[-54,6],[-24,62]],[[6713,1643],[-22,-807]],[[7398,571],[-65,51],[33,476],[-24,0],[-41,-44],[-26,14],[-25,-20],[-64,117]],[[7967,1391],[-569,-820]],[[8632,1942],[138,-114],[-17,-185],[-108,-103]],[[2868,758],[-80,440],[-73,245]],[[3492,1176],[-90,-98],[-67,-24],[-210,-142]],[[3125,912],[-47,-57],[-11,-76],[-72,-6],[-49,-34],[-78,19]],[[5286,28],[140,1736]],[[5963,552],[25,-88],[80,-94],[9,-37],[-6,-18],[-28,10],[-47,66],[-30,113],[-20,13],[-26,-21],[-16,-45],[-25,-309],[-29,-88],[5,-38]],[[5855,16],[-70,-9],[-412,9],[-87,12]],[[7009,41],[-160,-2],[-181,-1]],[[6668,38],[23,798]],[[7132,1211],[2,-650],[-125,-520]],[[2868,758],[-141,-78],[-79,-88],[-115,-28],[10,-68],[-15,-85],[-73,-85]],[[2455,326],[-18,-7],[-87,514],[-164,491]],[[8008,44],[-3,-1],[-300,8],[-169,-8]],[[7536,43],[-22,25],[-10,-23],[-19,51],[-4,120],[-15,87],[-12,2],[-12,54],[-128,87],[84,125]],[[8016,497],[-23,7],[-23,-37],[23,-64],[22,-8]],[[8036,346],[0,-59],[-16,-31],[-4,-105],[-25,-68],[17,-39]],[[8874,1245],[3,-16],[-25,-63],[17,-21],[-8,-35],[28,-17],[-30,-103],[-23,10]],[[8836,1000],[-13,18],[-28,-68],[-41,34]],[[8754,984],[-18,390],[28,71],[97,-95],[13,-105]],[[8950,54],[5,387],[56,32],[5,52],[-12,53],[-40,42],[-12,58],[-33,69],[-63,24],[-25,206],[5,23]],[[8874,1245],[86,93],[146,-29],[139,-1260],[-28,2],[11,146],[-69,421],[-57,-566],[-33,0],[-41,161],[18,-160],[-96,1]],[[3364,75],[-80,273]],[[3284,348],[-7,26],[21,35],[8,57],[-7,63],[-48,-69]],[[3251,460],[-126,452]],[[3817,563],[-3,-86],[-39,-90],[-67,-50],[-12,47],[-43,3],[-15,-61],[-24,-18],[-4,-112],[18,-44],[5,-98]],[[3633,54],[-269,21]],[[1729,180],[-95,-8]],[[1634,172],[-45,415]],[[2455,326],[-1,-55],[-55,-44]],[[2399,227],[-210,13],[-106,7],[-13,-61],[-267,-2]],[[1803,184],[3,50],[-22,41],[-60,-55],[5,-40]],[[8488,1271],[41,24],[-5,-81],[-88,-184],[-1,-158],[65,253],[114,109]],[[8614,1234],[2,-69],[-16,-46]],[[8600,1119],[-43,-147],[-46,-923]],[[8511,49],[-78,-2],[-425,-3]],[[7536,43],[-527,-2]],[[7281,579],[-34,-52],[18,-76],[21,19],[12,46],[-17,63]],[[6668,38],[-319,-24],[-164,-14],[-330,16]],[[1078,908],[-17,-69],[-43,-85],[-2,-93],[-148,-213],[-52,-278]],[[816,170],[-266,-11],[-44,7],[-32,36],[-224,-6],[-250,0],[34,62],[137,153],[84,1],[66,36],[22,55],[76,73],[140,85],[77,20],[17,38],[-4,96],[71,246],[25,27],[114,18],[86,102]],[[1634,172],[-372,-1],[-283,-2],[-163,1]],[[4321,853],[-42,-12],[-30,-70],[7,-170],[15,-122],[22,-71],[15,-163],[-7,-226]],[[4301,19],[-459,14],[-209,21]],[[8600,1119],[27,-57],[7,-52]],[[8634,1010],[-9,-34]],[[8625,976],[-10,-43],[41,-117],[90,48],[8,120]],[[8950,54],[-241,-4],[-198,-1]],[[4783,1047],[-90,-1025]],[[4693,22],[-364,-10],[-28,7]],[[4554,546],[-51,30],[-30,-95],[9,-36],[60,-55],[12,156]],[[8614,1234],[74,41],[7,-182],[-61,-83]],[[8625,976],[100,68],[29,-60]],[[3251,460],[-14,-68],[3,-46],[21,-28],[11,-68],[12,98]],[[3364,75],[-77,6],[-524,27],[-385,57],[21,62]],[[1803,184],[-74,-4]],[[5286,28],[-154,-3]],[[5132,25],[5,53],[41,11],[9,50],[-71,89],[-9,89],[-35,31],[-32,-144],[-91,68],[-22,-79],[73,-73],[-12,-98]],[[4988,22],[-49,-1],[-246,1]],[[5132,25],[-144,-3]]],"transform":{"scale":[0.0008433800875670904,0.00029156662505689946],"translate":[-83.67517676660295,36.54162349814192]}}