[{"matterId":"1","matterName":"J. Jasinksi vs Boudreau Contractors","phase":"L500","spentAmount":"234345","ageInDays":"236","dormantInDays":"18"},
{"matterId":"1","matterName":"J. Jasinksi vs Boudreau Contractors","phase":"L500","spentAmount":"234345","ageInDays":"236","dormantInDays":"18"},
{"matterId":"1","matterName":"T Grissom vs State of Connecticut","phase":"L500","spentAmount":"123237","ageInDays":"184","dormantInDays":"37"}
,{"matterId":"1","matterName":"D. Conant L. McCaffrey","phase":"L500","spentAmount":"101237","ageInDays":"134","dormantInDays":"47"}
,{"matterId":"1","matterName":"J. Jasinksi vs Boudreau Contractors","phase":"L500","spentAmount":"234345","ageInDays":"236","dormantInDays":"18"}
,{"matterId":"1","matterName":"J. Jasinksi vs Boudreau Contractors","phase":"L500","spentAmount":"234345","ageInDays":"236","dormantInDays":"18"}
,{"matterId":"1","matterName":"J. Jasinksi vs Boudreau Contractors","phase":"L500","spentAmount":"234345","ageInDays":"236","dormantInDays":"18"}
,{"matterId":"1","matterName":"J. Jasinksi vs Boudreau Contractors","phase":"L500","spentAmount":"234345","ageInDays":"236","dormantInDays":"18"}
]
