{"type":"Topology","objects":{"Arkansas.geo":{"type":"GeometryCollection","geometries":[{"type":"Polygon","properties":{"name":"Clay","fips":"05021"},"id":"Clay","arcs":[[0,1,2]]},{"type":"Polygon","properties":{"name":"Baxter","fips":"05005"},"id":"Baxter","arcs":[[3,4,5,6,7,8]]},{"type":"Polygon","properties":{"name":"Fulton","fips":"05049"},"id":"Fulton","arcs":[[9,10,11,-6]]},{"type":"Polygon","properties":{"name":"Sharp","fips":"05135"},"id":"Sharp","arcs":[[-11,12,13,14,15,16]]},{"type":"Polygon","properties":{"name":"Randolph","fips":"05121"},"id":"Randolph","arcs":[[-14,17,-2,18,19]]},{"type":"Polygon","properties":{"name":"Benton","fips":"05007"},"id":"Benton","arcs":[[20,21,22,23]]},{"type":"Polygon","properties":{"name":"Marion","fips":"05089"},"id":"Marion","arcs":[[24,25,26,-4]]},{"type":"Polygon","properties":{"name":"Carroll","fips":"05015"},"id":"Carroll","arcs":[[27,-21,28,29,30]]},{"type":"Polygon","properties":{"name":"Boone","fips":"05009"},"id":"Boone","arcs":[[31,-30,32,-26,33]]},{"type":"Polygon","properties":{"name":"Madison","fips":"05087"},"id":"Madison","arcs":[[-22,-28,34,35,36,37,38]]},{"type":"Polygon","properties":{"name":"Greene","fips":"05055"},"id":"Greene","arcs":[[-19,-1,39,40,41]]},{"type":"Polygon","properties":{"name":"Lawrence","fips":"05075"},"id":"Lawrence","arcs":[[42,-15,-20,-42,43,44]]},{"type":"Polygon","properties":{"name":"Izard","fips":"05065"},"id":"Izard","arcs":[[45,46,-7,-12,-17]]},{"type":"Polygon","properties":{"name":"Washington","fips":"05143"},"id":"Washington","arcs":[[47,-23,-39,48]]},{"type":"Polygon","properties":{"name":"Newton","fips":"05101"},"id":"Newton","arcs":[[-35,-31,-32,49,50,51]]},{"type":"Polygon","properties":{"name":"Searcy","fips":"05129"},"id":"Searcy","arcs":[[-50,-34,-25,-9,52,53,54]]},{"type":"Polygon","properties":{"name":"Stone","fips":"05137"},"id":"Stone","arcs":[[-53,-8,-47,55,56,57]]},{"type":"Polygon","properties":{"name":"Mississippi","fips":"05093"},"id":"Mississippi","arcs":[[58,59,60,61]]},{"type":"Polygon","properties":{"name":"Craighead","fips":"05031"},"id":"Craighead","arcs":[[62,-44,-41,63,-61,64]]},{"type":"Polygon","properties":{"name":"Independence","fips":"05063"},"id":"Independence","arcs":[[65,-56,-46,-16,-43,66,67]]},{"type":"Polygon","properties":{"name":"Jackson","fips":"05067"},"id":"Jackson","arcs":[[68,-67,-45,-63,69,70,71]]},{"type":"Polygon","properties":{"name":"Van Buren","fips":"05141"},"id":"Van Buren","arcs":[[72,73,-54,-58,74,75]]},{"type":"Polygon","properties":{"name":"Franklin","fips":"05047"},"id":"Franklin","arcs":[[76,77,78,-37,79]]},{"type":"Polygon","properties":{"name":"Johnson","fips":"05071"},"id":"Johnson","arcs":[[80,-80,-36,-52,81]]},{"type":"Polygon","properties":{"name":"Crawford","fips":"05033"},"id":"Crawford","arcs":[[-79,82,83,-49,-38]]},{"type":"Polygon","properties":{"name":"Pope","fips":"05115"},"id":"Pope","arcs":[[84,-82,-51,-55,-74,85,86]]},{"type":"Polygon","properties":{"name":"Cleburne","fips":"05023"},"id":"Cleburne","arcs":[[87,-75,-57,-66,88]]},{"type":"Polygon","properties":{"name":"Poinsett","fips":"05111"},"id":"Poinsett","arcs":[[-70,-65,-60,89,90]]},{"type":"Polygon","properties":{"name":"White","fips":"05145"},"id":"White","arcs":[[-89,-68,-69,91,92,93,94]]},{"type":"Polygon","properties":{"name":"Conway","fips":"05029"},"id":"Conway","arcs":[[95,-86,-73,96,97]]},{"type":"Polygon","properties":{"name":"Sebastian","fips":"05131"},"id":"Sebastian","arcs":[[98,99,-83,-78,100]]},{"type":"Polygon","properties":{"name":"Cross","fips":"05037"},"id":"Cross","arcs":[[101,102,103,-71,-91]]},{"type":"Polygon","properties":{"name":"Woodruff","fips":"05147"},"id":"Woodruff","arcs":[[104,105,-92,-72,-104,106]]},{"type":"Polygon","properties":{"name":"Crittenden","fips":"05035"},"id":"Crittenden","arcs":[[107,108,-102,-90,-59,109]]},{"type":"Polygon","properties":{"name":"Logan","fips":"05083"},"id":"Logan","arcs":[[-77,-81,-85,110,111,-101]]},{"type":"Polygon","properties":{"name":"Faulkner","fips":"05045"},"id":"Faulkner","arcs":[[112,113,114,-97,-76,-88,-95]]},{"type":"Polygon","properties":{"name":"Yell","fips":"05149"},"id":"Yell","arcs":[[115,-111,-87,-96,116,117,118]]},{"type":"Polygon","properties":{"name":"St. Francis","fips":"05123"},"id":"St. Francis","arcs":[[119,120,-107,-103,-109]]},{"type":"Polygon","properties":{"name":"Perry","fips":"05105"},"id":"Perry","arcs":[[-117,-98,-115,121,122,123]]},{"type":"Polygon","properties":{"name":"Scott","fips":"05127"},"id":"Scott","arcs":[[-99,-112,-116,124,125,126]]},{"type":"Polygon","properties":{"name":"Prairie","fips":"05117"},"id":"Prairie","arcs":[[-93,-106,127,128,129]]},{"type":"Polygon","properties":{"name":"Lonoke","fips":"05085"},"id":"Lonoke","arcs":[[-130,130,131,132,-113,-94]]},{"type":"Polygon","properties":{"name":"Pulaski","fips":"05119"},"id":"Pulaski","arcs":[[133,134,-122,-114,-133,135]]},{"type":"Polygon","properties":{"name":"Monroe","fips":"05095"},"id":"Monroe","arcs":[[-128,-105,-121,136,137,138]]},{"type":"Polygon","properties":{"name":"Lee","fips":"05077"},"id":"Lee","arcs":[[-137,-120,-108,139,140]]},{"type":"Polygon","properties":{"name":"Saline","fips":"05125"},"id":"Saline","arcs":[[141,142,143,-123,-135]]},{"type":"Polygon","properties":{"name":"Garland","fips":"05051"},"id":"Garland","arcs":[[-118,-124,-144,144,145]]},{"type":"Polygon","properties":{"name":"Montgomery","fips":"05097"},"id":"Montgomery","arcs":[[146,147,-125,-119,-146,148,149]]},{"type":"Polygon","properties":{"name":"Polk","fips":"05113"},"id":"Polk","arcs":[[150,151,152,-126,-148]]},{"type":"Polygon","properties":{"name":"Phillips","fips":"05107"},"id":"Phillips","arcs":[[153,154,-138,-141,155]]},{"type":"Polygon","properties":{"name":"Arkansas","fips":"05001"},"id":"Arkansas","arcs":[[156,-131,-129,-139,-155,157,158]]},{"type":"Polygon","properties":{"name":"Hot Spring","fips":"05059"},"id":"Hot Spring","arcs":[[159,-149,-145,-143,160,161]]},{"type":"Polygon","properties":{"name":"Grant","fips":"05053"},"id":"Grant","arcs":[[162,163,164,-161,-142,-134]]},{"type":"Polygon","properties":{"name":"Jefferson","fips":"05069"},"id":"Jefferson","arcs":[[165,166,-163,-136,-132,-157]]},{"type":"Polygon","properties":{"name":"Howard","fips":"05061"},"id":"Howard","arcs":[[167,-151,168,169]]},{"type":"Polygon","properties":{"name":"Pike","fips":"05109"},"id":"Pike","arcs":[[170,171,-169,-147,172]]},{"type":"Polygon","properties":{"name":"Clark","fips":"05019"},"id":"Clark","arcs":[[173,174,-173,-150,-160,175]]},{"type":"Polygon","properties":{"name":"Sevier","fips":"05133"},"id":"Sevier","arcs":[[176,177,-152,-168]]},{"type":"Polygon","properties":{"name":"Lincoln","fips":"05079"},"id":"Lincoln","arcs":[[178,179,-166,-159,180]]},{"type":"Polygon","properties":{"name":"Dallas","fips":"05039"},"id":"Dallas","arcs":[[181,-176,-162,-165,182,183]]},{"type":"Polygon","properties":{"name":"Desha","fips":"05041"},"id":"Desha","arcs":[[184,-181,-158,-154,185,186]]},{"type":"Polygon","properties":{"name":"Cleveland","fips":"05025"},"id":"Cleveland","arcs":[[187,-183,-164,-167,-180,188,189]]},{"type":"Polygon","properties":{"name":"Hempstead","fips":"05057"},"id":"Hempstead","arcs":[[190,-170,-172,191,192,193]]},{"type":"Polygon","properties":{"name":"Nevada","fips":"05099"},"id":"Nevada","arcs":[[194,195,196,-192,-171,-175]]},{"type":"Polygon","properties":{"name":"Little River","fips":"05081"},"id":"Little River","arcs":[[197,-177,-191,198]]},{"type":"Polygon","properties":{"name":"Ouachita","fips":"05103"},"id":"Ouachita","arcs":[[199,-195,-174,-182,200,201]]},{"type":"Polygon","properties":{"name":"Calhoun","fips":"05013"},"id":"Calhoun","arcs":[[202,-201,-184,-188,203]]},{"type":"Polygon","properties":{"name":"Drew","fips":"05043"},"id":"Drew","arcs":[[204,-189,-179,-185,205,206]]},{"type":"Polygon","properties":{"name":"Bradley","fips":"05011"},"id":"Bradley","arcs":[[207,-204,-190,-205,208]]},{"type":"Polygon","properties":{"name":"Miller","fips":"05091"},"id":"Miller","arcs":[[-199,-194,209,210]]},{"type":"Polygon","properties":{"name":"Chicot","fips":"05017"},"id":"Chicot","arcs":[[211,-206,-187,212]]},{"type":"Polygon","properties":{"name":"Lafayette","fips":"05073"},"id":"Lafayette","arcs":[[213,214,-210,-193,-197]]},{"type":"Polygon","properties":{"name":"Columbia","fips":"05027"},"id":"Columbia","arcs":[[-214,-196,-200,215,216]]},{"type":"Polygon","properties":{"name":"Ashley","fips":"05003"},"id":"Ashley","arcs":[[217,-209,-207,-212,218]]},{"type":"Polygon","properties":{"name":"Union","fips":"05139"},"id":"Union","arcs":[[-216,-202,-203,-208,-218,219]]}]}},"arcs":[[[8961,9150],[-318,16],[7,172],[-998,27]],[[7652,9365],[2,49],[24,18],[87,-21],[2,372],[-12,29],[-32,2],[-5,161],[-50,14]],[[7668,9989],[448,5],[719,5],[149,-3],[26,-98],[40,-11],[-13,-90],[14,-50],[74,-22],[56,-42],[4,-58],[-35,-107],[36,-71],[-33,-81],[-88,-41],[-43,-132],[-61,-43]],[[4433,8782],[9,201],[-19,32],[28,48],[-74,15],[-60,65],[-4,46],[29,34],[-20,36],[3,65],[-133,27],[26,90],[-8,28],[-75,1],[5,62],[57,8],[2,48],[-68,-26],[-38,12],[-1,56],[111,94],[9,270]],[[4212,9994],[757,2]],[[4969,9996],[-11,-668]],[[4958,9328],[-9,-228],[-98,-11],[-2,-107],[31,-12],[2,-54]],[[4882,8916],[-5,-146],[-221,3],[-2,-254],[-224,-4]],[[4430,8515],[3,267]],[[4969,9996],[38,-1],[883,-1],[474,-2]],[[6364,9992],[-11,-443],[-218,11],[0,-240],[-257,-4]],[[5878,9316],[-920,12]],[[6364,9992],[83,2]],[[6447,9994],[-2,-30],[30,-17],[64,-6],[22,-153],[80,-1],[4,-84],[33,3],[6,-44],[26,-2],[-2,-128],[40,12],[-2,-211]],[[6746,9333],[-2,-58],[-140,8],[1,-39],[-41,1],[-14,-965]],[[6550,8280],[-212,0],[0,122],[-503,6]],[[5835,8408],[3,183],[74,8],[-2,48],[-40,0],[0,60],[33,5],[13,468],[-38,11],[0,125]],[[6447,9994],[558,-9],[663,4]],[[7652,9365],[-6,-325]],[[7646,9040],[-483,-13],[-14,-34],[-39,-6],[-25,44],[-93,53],[-26,89],[-66,26],[-81,79],[-15,-46],[-19,6],[-2,86],[-37,9]],[[1528,9990],[-7,-521]],[[1521,9469],[-8,-209],[-34,0]],[[1479,9260],[-251,4],[-5,-86],[-648,21],[-8,-203],[-109,3],[-5,-118],[-302,10]],[[151,8891],[-22,165],[-109,903],[-20,30],[1078,5],[450,-4]],[[4433,8782],[-844,19],[4,122],[-103,3]],[[3490,8926],[3,825],[-20,28],[26,58],[0,131],[47,-34],[4,57]],[[3550,9991],[150,0],[512,3]],[[2313,8955],[-146,2],[1,73],[-69,1],[2,89],[-48,3],[1,34],[-30,1],[7,173],[-46,6],[-1,47],[-52,-7],[7,80],[-418,12]],[[1528,9990],[525,1],[539,1],[63,1]],[[2655,9993],[11,-1050]],[[2666,8943],[-353,12]],[[3382,8921],[-716,22]],[[2655,9993],[895,-2]],[[3490,8926],[-108,-5]],[[2313,8955],[-4,-129],[69,-4],[-16,-341],[-37,2],[-4,-34],[-50,-1],[7,-93],[-32,0],[4,-108],[-37,3],[3,-333]],[[2216,7917],[-346,9]],[[1870,7926],[-432,13],[-4,-45]],[[1434,7894],[-116,12]],[[1318,7906],[6,195],[23,6],[14,740],[118,413]],[[8961,9150],[-116,-70],[-26,-33],[-5,-69],[-59,-53],[-42,-8],[-61,-70],[-128,-293]],[[8524,8554],[-16,-17],[6,-32],[-938,13]],[[7576,8518],[-13,52],[25,153],[41,38],[13,68],[48,25],[91,179],[-135,7]],[[6854,8276],[-304,4]],[[7576,8518],[-34,-99],[13,-48],[-49,-13],[-9,-35],[22,-70],[-318,15]],[[7201,8268],[-347,8]],[[5835,8408],[-78,1],[-180,-197]],[[5577,8212],[-25,23],[-69,-1],[-124,116],[-25,53],[-30,1],[-23,-40],[-38,-17],[-43,78],[-71,-46],[-63,11],[-16,42],[36,42],[12,55],[-28,118],[44,28],[25,47],[-70,41],[-64,137],[-31,17],[-48,-17],[-44,16]],[[264,7896],[-113,995]],[[1318,7906],[-324,2],[-2,-25],[-728,13]],[[3382,8921],[10,-124],[-31,-994]],[[3361,7803],[-426,9]],[[2935,7812],[-721,13],[2,92]],[[4430,8515],[2,-519]],[[4432,7996],[-420,6],[-5,-208],[-352,2]],[[3655,7796],[-294,7]],[[5577,8212],[-5,-76],[-36,-58],[6,-69],[-15,-18],[25,-74],[61,-56],[3,-130]],[[5616,7731],[-821,29]],[[4795,7760],[-369,18],[6,218]],[[9010,6984],[-301,0]],[[8709,6984],[-1,757]],[[8708,7741],[8,818]],[[8716,8559],[644,16],[485,9],[18,-96],[98,-82],[38,-69],[-8,-56],[-31,-25],[-100,74],[-47,10],[-50,-52],[-7,-36],[17,-37],[113,-84],[2,-42],[-71,-59],[-48,30],[-62,-34],[-19,-90],[-54,-46],[-66,-29],[-101,19],[-83,-59],[-2,-62],[45,-104],[73,-58],[57,49],[16,-6],[16,-74],[-29,-45],[-28,11],[-160,-87],[-2,-71],[73,-93],[-19,-48],[-33,-7],[-29,16],[-55,84],[-88,-27],[-15,-27],[-2,-87],[85,-193],[-95,-81],[-27,-11],[-28,38],[-2,131],[-15,17],[-39,-13],[-71,-89]],[[7198,7755],[3,513]],[[8524,8554],[192,5]],[[8708,7741],[-1510,14]],[[5681,7264],[16,503],[-50,-36],[-31,0]],[[6854,8276],[-1,-32],[-28,-16],[20,-15],[-8,-22],[30,-15],[-72,-49],[7,-50],[-43,-16],[-2,-14],[44,-20],[-92,-27],[-16,-68],[-57,-23],[-25,-40],[-4,-104],[-27,6],[-22,-49],[39,-151],[31,15],[7,-17],[-17,-28],[-82,-11],[-4,-304],[-412,13]],[[6120,7239],[-439,25]],[[6563,6973],[-445,6],[2,260]],[[7198,7755],[-1,-773]],[[7197,6982],[-1,-240]],[[7196,6742],[-420,2],[-3,252],[-182,0],[-28,-23]],[[4304,6787],[3,251],[-736,20]],[[3571,7058],[9,250],[72,-2],[3,490]],[[4795,7760],[-32,-987]],[[4763,6773],[-459,14]],[[1839,6817],[-50,-26],[-96,34],[-58,83],[5,-292],[-223,11],[-8,-254],[-219,13],[-2,-43]],[[1188,6343],[-23,-1],[-5,-34],[-36,-4],[0,38],[-40,3],[10,650]],[[1094,6995],[51,54],[4,69],[22,11],[11,45],[-14,120],[26,38],[-2,37],[-107,7],[9,243],[184,3],[4,109],[42,1],[0,72],[105,0],[1,43],[32,-2],[3,47],[-31,2]],[[1870,7926],[-31,-1109]],[[2668,6645],[-80,38],[-156,4],[16,50],[-52,130],[-35,36],[-63,23],[-68,-65],[-36,25],[-159,-60],[-127,22],[-69,-31]],[[2935,7812],[-11,-383],[-103,4],[-4,-370],[-146,0],[-3,-418]],[[1094,6995],[-73,9],[-82,-28],[-7,-47],[28,-65],[-10,-54],[-75,4],[-35,-60],[-66,-31],[-94,1],[-82,40],[-35,41],[-11,132],[-35,52],[-50,24],[-40,2],[-27,-129],[-20,-23]],[[380,6863],[-81,691],[-35,342]],[[2702,6597],[-34,48]],[[3571,7058],[-22,-855],[-51,13],[-111,-25]],[[3387,6191],[-32,15],[-136,-7],[-26,-49],[10,-70],[-64,-14],[-25,40],[9,78],[-96,33],[-75,170],[-77,83],[-173,127]],[[5043,6760],[-280,13]],[[5681,7264],[-9,-243],[-53,-1],[-49,-55],[-2,-210],[-525,5]],[[8709,6984],[-434,0]],[[8275,6984],[-214,1],[1,16],[-210,-3],[-4,-17],[-651,1]],[[6563,6973],[19,-44],[-12,-18],[-32,8],[-14,-67],[-37,-15],[13,-34],[-54,-2],[-12,-23],[18,-10],[-6,-17],[-39,19],[6,-27],[-25,-31],[29,-56],[-26,-79],[61,13],[18,-49],[47,2],[-1,-29],[-39,-16],[-4,-24],[42,13],[13,-18],[-30,-36],[19,-72],[-25,-7],[20,-96],[-17,-5],[-23,70],[-13,-35],[-41,0],[-14,-95],[-53,2],[42,-67],[0,-32],[-23,27],[-10,-12],[28,-32],[-1,-45],[39,-13],[-15,-17],[-31,17],[-8,-38],[-15,34],[-13,-29]],[[6344,5988],[-235,-5],[-2,-169],[-12,-5],[-79,-11],[-48,72],[-124,41],[-174,-74]],[[5670,5837],[-144,-43],[-97,55],[-66,0],[-126,76],[-105,5],[-56,-19],[-51,13]],[[5025,5924],[18,836]],[[3172,5942],[37,34],[-3,56],[90,14],[91,145]],[[4304,6787],[-7,-248],[-63,-88],[10,-44],[-40,-75],[17,-26],[-19,-21],[3,-31],[51,-71],[-5,-38],[-43,-112],[-44,12],[-14,-16]],[[4150,6029],[-46,-3],[-109,-95],[-47,4],[2,72],[-133,-57],[1,-24],[-646,16]],[[954,6023],[-52,-1],[4,-30],[-31,3],[10,-20],[-147,-32],[1,-40],[45,-7],[0,-288],[-85,0],[-124,-36],[-64,24],[-96,-78],[-57,-8]],[[358,5510],[22,1353]],[[1188,6343],[3,-210],[-230,11],[-7,-121]],[[8275,6984],[8,-851]],[[8283,6133],[-1088,3]],[[7195,6136],[1,606]],[[6978,5733],[-183,2],[-6,-76],[-88,2],[-1,-196],[-151,-1]],[[6549,5464],[10,413],[-219,21],[-22,15],[60,-1],[12,22],[-46,54]],[[7195,6136],[-4,-409],[-213,6]],[[8473,5257],[-1,184]],[[8472,5441],[3,288],[19,0],[1,398],[-212,6]],[[9010,6984],[-71,-54],[9,-114],[56,-3],[15,71],[41,28],[55,2],[19,-34],[-23,-71],[-38,-45],[14,-59],[-15,-88],[-102,-24],[-26,-68],[36,-54],[93,0],[32,-27],[42,-120],[-9,-60],[22,-71],[-4,-57],[-37,-64],[-122,33],[-42,-20],[-28,-60],[19,-88],[-54,-106],[-193,21],[-27,-137],[11,-63],[104,-83],[12,-31],[-2,-52],[-48,-70],[-59,-40],[-6,-50],[-5,-38],[-42,-5],[-38,30],[-126,-56]],[[2702,6597],[0,-282],[-370,11],[2,-23],[-42,3],[2,-21],[-27,-2],[3,-73],[-34,-3],[3,-35],[-43,-1],[-1,-37],[-245,0],[1,-50],[-103,2],[2,-294]],[[1850,5792],[-750,24],[0,84],[-144,2],[-2,121]],[[5025,5924],[-3,-147]],[[5022,5777],[-213,5],[-9,-274],[-361,16],[-5,-38],[-27,-27],[-28,-144],[-22,25],[8,114],[-29,101],[-31,22],[-129,15]],[[4176,5592],[-82,37],[-46,75],[9,41],[108,129],[16,78],[-31,77]],[[1837,5007],[13,785]],[[3172,5942],[-5,-49],[-39,0],[3,-44],[-39,2],[3,-51],[-46,10],[5,-48],[-42,-2],[-2,-47],[-35,5],[0,-30],[-37,0],[2,-53],[-49,1],[-3,-45],[-37,-1],[1,-30],[-34,2],[5,-48],[-32,1],[1,-35],[-37,-2],[-1,-43],[-36,-3],[-4,-30],[-32,1],[1,-48],[-28,3],[-1,-41],[30,-4],[-1,-241]],[[2683,5072],[-206,6],[-2,-81]],[[2475,4997],[-638,10]],[[8472,5441],[-1386,24],[-6,-120]],[[7080,5345],[-45,2],[-2,121],[-52,2],[-3,263]],[[4176,5592],[-7,-63],[-208,13],[-4,-85],[-207,-3],[0,-159],[23,-2]],[[3773,5293],[2,-65],[-78,21],[-88,59],[-502,10],[-5,-249]],[[3102,5069],[-419,3]],[[1837,5007],[-70,6],[4,-46],[-68,7],[-1,-40],[-75,-2],[-4,-42],[-106,1],[4,-43],[-20,3],[-1,-61],[-107,2]],[[1393,4792],[2,25],[-205,6],[-5,16],[-573,21],[5,74],[-272,20]],[[345,4954],[13,556]],[[6549,5464],[-28,-45],[75,-58],[-12,-25],[-21,0],[9,-38],[-34,-22],[-4,-511],[-134,-2],[-2,-167],[68,-5],[-3,-34],[69,-2],[-3,-73]],[[6529,4482],[-440,4],[-3,-264],[-176,7]],[[5910,4229],[10,88],[82,131],[-50,94],[43,78],[-10,46],[-105,114],[7,693],[-221,8],[4,356]],[[5910,4229],[-44,-1]],[[5866,4228],[-31,16],[-35,-15],[-592,29]],[[5208,4258],[-6,390],[-147,4],[19,170],[32,117],[8,830],[-92,8]],[[4857,4263],[-67,4]],[[4790,4267],[1,253],[-207,8],[1,118],[-198,8],[-1,130],[-97,6],[-2,42],[-116,2],[2,209],[-215,8],[-1,238],[-184,4]],[[5208,4258],[-351,5]],[[7080,5345],[-5,-382],[103,-5],[-1,-246]],[[7177,4712],[0,-507],[113,0],[3,-381],[-101,0]],[[7192,3824],[-106,27],[-79,134],[-57,27],[8,96],[-101,8],[-3,119],[-25,-22],[-51,34],[-21,126],[-58,4],[0,100],[-170,5]],[[8473,5257],[-37,-25],[-22,9],[11,107],[-20,39],[-65,-16],[-9,-66],[46,-94],[-30,-73],[36,-112],[-5,-56],[-69,-41],[-38,9],[-25,53],[37,50],[-5,69],[-30,45],[-23,5],[-41,-49],[29,-221],[40,-32],[88,6],[7,-92],[-85,-98],[-61,-3],[-17,43],[17,98],[-45,41],[-36,-157]],[[8121,4696],[-944,16]],[[4790,4267],[-323,2],[-8,-115],[-356,-1],[-25,-9],[-9,-38],[-43,-38],[2,-43],[-108,-1]],[[3920,4024],[-37,7],[12,165],[-93,8],[-6,108],[-117,0]],[[3679,4312],[9,163],[-35,-3],[0,85],[-145,2],[0,127],[-216,-3],[6,125],[21,2],[-4,252],[-213,7]],[[3679,4312],[-251,-1],[-1,-177],[-70,1],[0,-174],[-910,37]],[[2447,3998],[28,999]],[[2307,3835],[-919,19]],[[1388,3854],[5,938]],[[2447,3998],[-5,-166]],[[2442,3832],[-135,3]],[[1388,3854],[-660,9],[6,-229],[20,-1],[-3,-226]],[[751,3407],[-438,0]],[[313,3407],[18,895],[14,652]],[[7391,3204],[-336,-4]],[[7055,3200],[78,62],[-15,144],[8,40],[48,49],[-30,84],[0,63],[13,59],[21,-29],[12,16],[-14,33],[24,33],[-18,18],[10,52]],[[8121,4696],[-18,-51],[21,-66],[95,-141],[-13,-36],[-58,-31],[-29,-35],[-20,-68],[32,-122],[-10,-61],[-50,-81],[-107,-111],[-1,-103],[-43,-35],[-21,6],[17,125],[-13,41],[-136,-16],[-13,-24],[28,-133],[-21,-111],[-69,60],[-28,-1],[-35,-63],[-15,-138],[-65,-30],[-130,90],[-11,-45],[25,-86],[198,-41],[31,-70],[-43,-50],[-36,-3],[-165,109],[-50,-85],[23,-86]],[[6378,3080],[21,28],[-16,130],[-29,15],[-49,-12],[-16,50],[-22,-21],[-24,15],[-7,121],[-27,79],[-52,17],[-56,-42],[-23,44],[-45,12],[-181,3],[14,709]],[[7055,3200],[-30,-34],[-28,19],[-16,-67],[-29,2],[-49,-56],[13,-159],[41,-34],[12,-82],[46,-54],[-39,-86],[-29,-1],[-24,68],[-148,12],[-41,-40],[-73,46],[-98,0],[-4,46],[60,25],[7,30],[-43,12],[-90,-41],[-25,46]],[[6468,2852],[-67,81],[-23,147]],[[3487,3306],[-291,7],[-14,24],[32,96],[-16,81],[-65,-1],[-107,52],[-150,3],[-6,84],[-314,12],[-1,162],[-113,6]],[[3920,4024],[-5,-737]],[[3915,3287],[-428,19]],[[4857,4263],[-7,-747],[-32,-5],[-7,-475]],[[4811,3036],[-213,-5]],[[4598,3031],[-9,18],[-42,5],[-88,130],[-73,15],[-131,69],[-340,19]],[[6378,3080],[-32,21],[-115,-2],[-53,51],[-120,-1],[-53,105],[-70,35],[-71,70],[-36,4],[-10,-311],[-26,2],[-4,64],[-411,-3],[-3,-66]],[[5374,3049],[-563,-13]],[[1331,2133],[-28,157],[-53,73],[-50,129],[-48,53],[-36,125],[-38,291],[8,86],[-18,31],[6,133],[-27,138],[12,44],[-308,14]],[[1388,3854],[-5,-238],[31,1],[-4,-241],[210,-17],[-11,-484]],[[1609,2875],[-13,-752],[-265,10]],[[2497,2738],[-147,-2]],[[2350,2736],[-65,6],[-24,-38],[-47,-9],[-20,32],[-156,8],[-90,63],[-136,44],[-25,29],[-178,4]],[[2307,3835],[-3,-268],[-45,-2],[-3,-94],[115,-52],[-18,-18],[13,-37],[-15,-61],[22,-39],[-25,-17],[28,-21],[11,-146],[21,-30],[3,-68],[36,-34],[1,-56],[40,-66],[9,-88]],[[3475,2327],[-52,28],[-46,-37],[-5,-28],[-32,0],[-56,-56],[-84,-28],[-32,4],[-51,46],[-70,-26]],[[3047,2230],[-32,24],[-37,75],[-82,-31],[-17,45],[-118,25],[-19,34],[-57,16],[-29,73],[-3,75],[-156,172]],[[3487,3306],[-13,-486],[-122,1],[-20,-31],[44,-27],[18,-60],[-9,-32],[39,2],[36,-76],[-20,-41],[9,-63],[50,-64],[-24,-102]],[[1331,2133],[-165,5],[-2,92],[-139,34],[-40,-26],[-57,1],[-14,41],[-32,-30],[-11,15],[2,51],[-44,-13],[-31,26],[-25,-43],[-72,58],[-64,3],[-12,84],[-26,22],[-23,-6],[-17,63],[-28,-24],[-30,6],[-6,33],[-37,28],[-31,77],[42,14],[1,34],[-95,13],[17,-58],[-93,35]],[[299,2668],[14,739]],[[6180,2222],[-851,16]],[[5329,2238],[-4,543],[48,-3],[1,271]],[[6468,2852],[-112,-5],[0,-102],[-161,6],[-15,-529]],[[4098,2293],[-623,34]],[[4598,3031],[-266,-9],[-1,-242],[37,-12],[55,-63],[53,-109],[20,-88],[21,-37],[48,-27],[29,-104],[-12,-68]],[[4582,2272],[-484,21]],[[6382,1586],[14,627],[-216,9]],[[7391,3204],[72,-67],[80,-5],[-40,-173],[-129,-27],[-46,-58],[-4,-47],[29,-45],[-8,-33],[-44,-19],[-27,21],[-19,64],[-43,-14],[-78,59],[-38,-34],[26,-57],[116,-110],[-87,-198],[13,-68],[53,-77],[77,-51],[13,-39],[-23,-40],[-46,-21],[-51,16],[-46,48],[-78,-29],[-64,11],[-12,-24],[10,-139],[18,-31],[49,-12],[98,32],[35,-40],[2,-64],[-93,-59],[-75,42],[-85,118],[-97,-27],[-7,-53],[20,-59],[102,-95],[8,-60],[-35,-112],[-40,-7],[-78,45],[-2,-97]],[[6817,1569],[-31,5],[-9,-125],[-123,8],[-1,30],[-25,0],[1,20],[-21,-1],[-8,-43],[-19,2],[4,113],[-203,8]],[[4623,2020],[-8,61],[-24,36],[17,59],[-26,96]],[[5329,2238],[-5,-222]],[[5324,2016],[-701,4]],[[1628,1710],[-73,26],[-38,40],[-55,17],[-30,-15],[-6,28],[27,35],[-34,24],[-33,-24],[-54,53],[3,90],[29,79],[-15,14],[-25,-16],[-7,52],[14,20]],[[2350,2736],[-6,-372],[-28,2],[-16,-1019]],[[2300,1347],[-494,22]],[[1806,1369],[-63,99],[-25,18],[-30,-9],[8,72],[-49,-26],[4,68],[-30,29],[31,50],[-24,40]],[[3047,2230],[-16,-948]],[[3031,1282],[-204,9],[-4,-46],[-292,10]],[[2531,1255],[-236,14],[5,78]],[[1169,1567],[-52,61],[-50,20],[-24,-32],[-114,-17],[-9,77],[-92,-25],[-11,-78],[-49,10],[24,70],[-28,19],[-75,-88],[5,66],[-14,13],[-40,-27],[-7,-66],[-53,47],[-85,-73],[-49,36],[46,35],[4,50],[-17,10],[-29,-53],[-27,-4],[-44,68],[-30,-2],[-16,22],[30,36],[1,56],[-81,-12],[16,882]],[[1628,1710],[-33,-16],[-71,8],[-85,-98],[-29,25],[-22,-6],[-32,-51],[-36,42],[-23,-3],[-7,-24],[17,-21],[-28,-47],[-33,28],[2,56],[-79,-36]],[[3316,1060],[-285,15],[0,207]],[[4098,2293],[-5,-260],[-68,-52],[-77,-111],[-134,-19],[-28,-83],[46,-65],[-5,-116],[-31,10],[-24,-20],[-53,1],[-15,-62],[39,-5],[3,-35],[-21,-35],[33,-13],[-20,-24],[27,-28],[30,26],[31,-19],[-1,-68],[6,-20],[38,-10],[-2,-50],[81,-9],[48,-59],[-5,-42],[38,25],[58,-12],[20,-61],[19,0],[13,-31]],[[4139,1046],[-191,-33],[-27,38],[-14,-5],[5,-23],[-147,74],[-106,-50],[-343,13]],[[4579,839],[-61,-63],[-99,-21],[-69,53],[-14,56],[34,30],[-58,24],[-11,-29],[-28,27],[-46,-18],[-14,100],[-74,48]],[[4623,2020],[14,-103],[-12,-43],[13,-99],[-6,-187],[20,-48],[2,-121],[-21,-154],[-41,-68],[11,-33],[-22,-6],[-27,-94],[-28,-9],[0,-165],[17,-26],[44,-11],[-8,-14]],[[5305,1119],[-9,99],[-47,49],[36,119],[-22,106],[59,5],[2,519]],[[6382,1586],[-9,-495]],[[6373,1091],[-1068,28]],[[5003,449],[-18,18],[-31,-18],[-16,14],[-18,125],[-13,-19],[-60,-1],[-18,30],[9,21],[-22,96],[-99,28],[-17,11],[6,25],[-36,-8],[-13,-37],[-23,36],[-43,17],[-12,52]],[[5305,1119],[53,-57],[-13,-60],[-33,-21],[28,-135],[-61,4],[-3,-65],[-64,-9],[-53,-114],[-100,-49],[-3,-42],[-40,-10],[-13,-112]],[[1806,1369],[-23,-85],[11,-38],[-29,1],[-4,-41],[21,-12],[37,29],[-16,-76],[35,-56],[63,-42],[-32,-35],[-16,-76],[9,-16],[66,-1],[-47,-49],[14,-36],[-27,-55],[-12,-14],[-37,7],[-21,-32],[18,-72],[-39,-44],[52,-23],[-58,-33],[22,-75],[-60,-36],[43,-20],[3,-21],[-76,12],[-16,-61],[-33,57],[-23,0],[-16,-79],[-56,41],[-18,-20],[-17,-121],[29,-42],[-2,-67],[47,-30],[3,-44],[23,-28]],[[1624,36],[-461,2],[5,709],[1,820]],[[6361,11],[12,1080]],[[6817,1569],[28,-50],[19,-2],[43,-43],[5,-33],[-55,-111],[-39,-40],[-12,-46],[103,12],[20,55],[-5,108],[19,22],[73,-54],[19,-67],[-1,-49],[-22,-28],[-137,-60],[-11,-22],[39,-65],[95,-8],[77,74],[27,138],[24,10],[26,-18],[-1,-81],[-35,-62],[-56,-48],[-48,-98],[-22,-106],[38,-155],[40,-55],[53,124],[45,3],[27,-33],[-28,-104],[-75,-58],[11,-184],[-19,-47],[-51,-40],[-114,55],[-36,-29],[10,-78],[88,-65],[59,-72],[-13,-52],[-65,-20],[-9,-53],[-2,-25],[-186,1],[-348,0],[-54,1]],[[2531,1255],[-80,-240],[-52,-225],[10,-65],[-101,-2],[-19,-690]],[[2289,33],[-66,-1],[-599,4]],[[3316,1060],[-21,-1037]],[[3295,23],[-510,3],[-496,7]],[[5136,0],[-21,84],[-52,27],[-9,68],[-47,61],[-2,41],[33,47],[7,56],[29,26],[-71,39]],[[6361,11],[-1225,-11]],[[5136,0],[-1315,19],[-526,4]]],"transform":{"scale":[0.0004972275114461512,0.0003483007884528696],"translate":[-94.6172571101314,33.01015155824476]}}