{"type":"Topology","objects":{"Colorado.geo":{"type":"GeometryCollection","geometries":[{"type":"Polygon","properties":{"name":"Moffat","fips":"08081"},"id":"Moffat","arcs":[[0,1,2]]},{"type":"Polygon","properties":{"name":"Weld","fips":"08123"},"id":"Weld","arcs":[[3,4,5,6,7,8,9]]},{"type":"Polygon","properties":{"name":"Jackson","fips":"08057"},"id":"Jackson","arcs":[[10,11,12,13]]},{"type":"Polygon","properties":{"name":"Logan","fips":"08075"},"id":"Logan","arcs":[[14,15,-9,16,17,18,19]]},{"type":"Polygon","properties":{"name":"Sedgwick","fips":"08115"},"id":"Sedgwick","arcs":[[-18,20,21]]},{"type":"Polygon","properties":{"name":"Routt","fips":"08107"},"id":"Routt","arcs":[[22,23,24,-3,25,-11,26]]},{"type":"Polygon","properties":{"name":"Larimer","fips":"08069"},"id":"Larimer","arcs":[[27,28,-13,29,-7]]},{"type":"Polygon","properties":{"name":"Phillips","fips":"08095"},"id":"Phillips","arcs":[[30,-19,-22,31]]},{"type":"Polygon","properties":{"name":"Morgan","fips":"08087"},"id":"Morgan","arcs":[[32,-10,-16,33]]},{"type":"Polygon","properties":{"name":"Grand","fips":"08049"},"id":"Grand","arcs":[[34,35,36,-27,-14,-29,37,38]]},{"type":"Polygon","properties":{"name":"Yuma","fips":"08125"},"id":"Yuma","arcs":[[39,40,-20,-31,41]]},{"type":"Polygon","properties":{"name":"Washington","fips":"08121"},"id":"Washington","arcs":[[42,43,-34,-15,-41,44,45]]},{"type":"Polygon","properties":{"name":"Boulder","fips":"08013"},"id":"Boulder","arcs":[[46,-38,-28,-6,47,48]]},{"type":"Polygon","properties":{"name":"Rio Blanco","fips":"08103"},"id":"Rio Blanco","arcs":[[-1,-25,49,50]]},{"type":"Polygon","properties":{"name":"Garfield","fips":"08045"},"id":"Garfield","arcs":[[51,-50,-24,52,53,54]]},{"type":"Polygon","properties":{"name":"Adams","fips":"08001"},"id":"Adams","arcs":[[55,56,57,-4,-33,-44,58]]},{"type":"Polygon","properties":{"name":"Gilpin","fips":"08047"},"id":"Gilpin","arcs":[[59,-39,-47,60]]},{"type":"Polygon","properties":{"name":"Summit","fips":"08117"},"id":"Summit","arcs":[[61,-36,62,63,64]]},{"type":"Polygon","properties":{"name":"Eagle","fips":"08037"},"id":"Eagle","arcs":[[-53,-23,-37,-62,65,66]]},{"type":"Polygon","properties":{"name":"Jefferson","fips":"08059"},"id":"Jefferson","arcs":[[67,-61,-49,68,-57,69,70,71,72]]},{"type":"Polygon","properties":{"name":"Clear Creek","fips":"08019"},"id":"Clear Creek","arcs":[[73,-63,-35,-60,-68]]},{"type":"Polygon","properties":{"name":"Denver","fips":"08031"},"id":"Denver","arcs":[[-70,-56,74]]},{"type":"Polygon","properties":{"name":"Arapahoe","fips":"08005"},"id":"Arapahoe","arcs":[[-71,-75,-59,-43,75,76,77]]},{"type":"Polygon","properties":{"name":"Kit Carson","fips":"08063"},"id":"Kit Carson","arcs":[[78,79,-45,-40,80]]},{"type":"Polygon","properties":{"name":"Lincoln","fips":"08073"},"id":"Lincoln","arcs":[[81,82,-76,-46,-80,83,84,85]]},{"type":"Polygon","properties":{"name":"Elbert","fips":"08039"},"id":"Elbert","arcs":[[86,87,-77,-83]]},{"type":"Polygon","properties":{"name":"Park","fips":"08093"},"id":"Park","arcs":[[88,89,-64,-74,-73,90,91]]},{"type":"Polygon","properties":{"name":"Douglas","fips":"08035"},"id":"Douglas","arcs":[[92,-72,-78,-88,93]]},{"type":"Polygon","properties":{"name":"Lake","fips":"08065"},"id":"Lake","arcs":[[94,-66,-65,-90,95]]},{"type":"Polygon","properties":{"name":"Mesa","fips":"08077"},"id":"Mesa","arcs":[[96,97,-55,98,99,100]]},{"type":"Polygon","properties":{"name":"Pitkin","fips":"08097"},"id":"Pitkin","arcs":[[101,102,-99,-54,-67,-95]]},{"type":"Polygon","properties":{"name":"Gunnison","fips":"08051"},"id":"Gunnison","arcs":[[103,104,105,106,-100,-103,107,108]]},{"type":"Polygon","properties":{"name":"Delta","fips":"08029"},"id":"Delta","arcs":[[-101,-107,109]]},{"type":"Polygon","properties":{"name":"El Paso","fips":"08041"},"id":"El Paso","arcs":[[110,111,-94,-87,-82,112]]},{"type":"Polygon","properties":{"name":"Teller","fips":"08119"},"id":"Teller","arcs":[[113,-91,-93,-112]]},{"type":"Polygon","properties":{"name":"Chaffee","fips":"08015"},"id":"Chaffee","arcs":[[114,-108,-102,-96,-89,115]]},{"type":"Polygon","properties":{"name":"Cheyenne","fips":"08017"},"id":"Cheyenne","arcs":[[-84,-79,116,117]]},{"type":"Polygon","properties":{"name":"Fremont","fips":"08043"},"id":"Fremont","arcs":[[118,119,-116,-92,-114,-111,120]]},{"type":"Polygon","properties":{"name":"Montrose","fips":"08085"},"id":"Montrose","arcs":[[121,122,-97,-110,-106,123]]},{"type":"Polygon","properties":{"name":"Kiowa","fips":"08061"},"id":"Kiowa","arcs":[[124,-85,-118,125,126,127,128]]},{"type":"Polygon","properties":{"name":"Pueblo","fips":"08101"},"id":"Pueblo","arcs":[[129,-121,-113,130,131,132,133]]},{"type":"Polygon","properties":{"name":"Crowley","fips":"08025"},"id":"Crowley","arcs":[[-131,-86,-125,134]]},{"type":"Polygon","properties":{"name":"Saguache","fips":"08109"},"id":"Saguache","arcs":[[135,136,137,138,-109,-115,-120,139,140]]},{"type":"Polygon","properties":{"name":"Ouray","fips":"08091"},"id":"Ouray","arcs":[[141,-124,-105,142,143]]},{"type":"Polygon","properties":{"name":"Prowers","fips":"08099"},"id":"Prowers","arcs":[[144,-127,145,146]]},{"type":"Polygon","properties":{"name":"Bent","fips":"08011"},"id":"Bent","arcs":[[147,148,-128,-145,149]]},{"type":"Polygon","properties":{"name":"Otero","fips":"08089"},"id":"Otero","arcs":[[150,-132,-135,-129,-149]]},{"type":"Polygon","properties":{"name":"Custer","fips":"08027"},"id":"Custer","arcs":[[-140,-119,-130,151]]},{"type":"Polygon","properties":{"name":"San Miguel","fips":"08113"},"id":"San Miguel","arcs":[[152,153,-122,-142,154]]},{"type":"Polygon","properties":{"name":"Hinsdale","fips":"08053"},"id":"Hinsdale","arcs":[[155,156,-143,-104,-139,157,158]]},{"type":"Polygon","properties":{"name":"Huerfano","fips":"08055"},"id":"Huerfano","arcs":[[159,-141,-152,-134,160,161]]},{"type":"Polygon","properties":{"name":"San Juan","fips":"08111"},"id":"San Juan","arcs":[[162,163,-155,-144,-157]]},{"type":"Polygon","properties":{"name":"Mineral","fips":"08079"},"id":"Mineral","arcs":[[164,-158,-138,165]]},{"type":"Polygon","properties":{"name":"Dolores","fips":"08033"},"id":"Dolores","arcs":[[-153,-164,166,167]]},{"type":"Polygon","properties":{"name":"Rio Grande","fips":"08105"},"id":"Rio Grande","arcs":[[168,-166,-137,169,170]]},{"type":"Polygon","properties":{"name":"Las Animas","fips":"08071"},"id":"Las Animas","arcs":[[171,-161,-133,-151,-148,172,173]]},{"type":"Polygon","properties":{"name":"Alamosa","fips":"08003"},"id":"Alamosa","arcs":[[174,-170,-136,-160,175]]},{"type":"Polygon","properties":{"name":"Baca","fips":"08009"},"id":"Baca","arcs":[[-173,-150,-147,176]]},{"type":"Polygon","properties":{"name":"Costilla","fips":"08023"},"id":"Costilla","arcs":[[177,178,-176,-162,-172]]},{"type":"Polygon","properties":{"name":"Montezuma","fips":"08083"},"id":"Montezuma","arcs":[[-167,179,180]]},{"type":"Polygon","properties":{"name":"La Plata","fips":"08067"},"id":"La Plata","arcs":[[181,-180,-163,-156,182]]},{"type":"Polygon","properties":{"name":"Archuleta","fips":"08007"},"id":"Archuleta","arcs":[[-183,-159,-165,-169,183,184]]},{"type":"Polygon","properties":{"name":"Conejos","fips":"08021"},"id":"Conejos","arcs":[[-184,-171,-175,-179,185]]},{"type":"Polygon","properties":{"name":"Broomfield","fips":"08014"},"id":"Broomfield","arcs":[[-5,-58,-69,-48]]}]}},"arcs":[[[2307,8029],[-2300,-5]],[[7,8024],[7,1133],[-3,830],[1609,12],[876,-8]],[[2496,9991],[-7,-997],[-88,-3],[-3,-155],[-69,-5],[-22,-802]],[[7002,7489],[-1175,-2]],[[5827,7487],[10,128],[-33,-6],[-14,-90],[-86,-25]],[[5704,7494],[-3,650]],[[5701,8144],[3,204],[157,10],[10,1618]],[[5871,9976],[1258,23],[683,-9]],[[7812,9990],[3,-766],[-13,-3],[2,-437]],[[7804,8784],[-789,-10],[-13,-1285]],[[3432,8541],[-35,61],[8,131],[-47,132],[-7,169],[35,62],[4,86],[22,65],[-2,130],[35,105],[-5,34],[-24,41],[-6,63],[-17,30],[-84,1],[-22,41],[-82,33],[-16,54],[-54,45],[-14,59],[18,61],[-18,43]],[[3121,9987],[764,7],[179,-3]],[[4064,9991],[10,-152],[24,-54],[59,-62],[-5,-41],[17,-79],[62,-65],[36,-14],[34,-134],[44,-22],[145,-476],[5,-109],[64,-17],[12,-81]],[[4571,8685],[-62,-42],[-13,-147],[-48,-55],[4,-47],[-22,-26],[-50,19],[-79,-1],[-44,-42],[-201,-40],[-79,58],[-57,-9],[-67,23],[-44,-25],[-83,12],[-69,126],[-68,-93],[-89,19],[-68,126]],[[8944,8575],[-966,-5]],[[7978,8570],[-4,213],[-170,1]],[[7812,9990],[270,1],[1041,-5]],[[9123,9986],[1,-643]],[[9124,9343],[0,-106],[-18,-2],[4,-657]],[[9110,8578],[-166,-3]],[[9123,9986],[44,5],[817,-5],[1,-635]],[[9985,9351],[-861,-8]],[[3451,7296],[-565,-7]],[[2886,7289],[-7,429]],[[2879,7718],[-1,312],[-571,-1]],[[2496,9991],[625,-4]],[[3432,8541],[-3,-215],[17,-3],[5,-1027]],[[5701,8144],[-407,-2],[-57,-18],[-397,10]],[[4840,8134],[-26,38],[-34,139],[-73,51],[-39,53],[-40,122],[1,103],[-58,45]],[[4064,9991],[1317,-9],[490,-6]],[[9984,8574],[-874,4]],[[9985,9351],[1,-114],[-2,-663]],[[7626,7484],[-624,5]],[[7978,8570],[-8,-1085],[-344,-1]],[[4800,7115],[-52,-93],[-38,-29],[-58,17],[-45,-34],[-63,19],[-26,-14],[8,-109],[-51,-148]],[[4475,6724],[-82,-14],[-80,10],[-41,89],[-8,112],[-30,100],[-35,44],[-105,60],[-76,134],[-41,17],[-167,-6],[-18,26],[-69,-2]],[[3723,7294],[-272,2]],[[4840,8134],[-23,-137],[4,-86],[50,-75],[8,-48],[-5,-86],[-21,-60],[6,-59],[-13,-39],[-51,-38],[9,-177]],[[4804,7329],[-12,-113],[8,-101]],[[9982,6426],[-1072,-9]],[[8910,6417],[-1,1062],[9,2],[8,867],[19,5],[-1,222]],[[9984,8574],[0,-221],[-5,-856],[3,-1071]],[[7622,6414],[-2,419]],[[7620,6833],[6,651]],[[8910,6417],[-487,-10]],[[8423,6407],[-801,7]],[[5230,7272],[3,48],[-429,9]],[[5704,7494],[-161,-222]],[[5543,7272],[-313,0]],[[2879,7718],[-378,-3],[-4,-210],[-19,-8],[-6,-204],[-152,-8],[-8,-230],[-706,-9],[-8,-315],[-873,-13],[-3,-99],[-493,-2],[-3,25],[-221,4]],[[5,6646],[2,1378]],[[6,5908],[-3,392],[2,346]],[[2886,7289],[-96,-4],[-19,-1392]],[[2771,5893],[-451,2]],[[2320,5895],[-2314,13]],[[5946,6834],[3,25],[54,7],[-12,51],[36,4],[0,27],[128,-8],[-1,117],[162,15],[34,179],[-189,-8],[-86,-224],[-74,-9],[-2,-29],[-24,-4],[0,29],[-33,6],[-11,-51],[-40,-2],[-20,19],[-159,-1]],[[5712,6977],[-1,296]],[[5711,7273],[42,26],[6,146],[68,42]],[[7620,6833],[-1674,1]],[[5221,6862],[-115,16],[-119,99],[-19,33],[1,41],[-31,-6],[-63,55],[-75,15]],[[5230,7272],[-9,-410]],[[4072,5943],[-64,209],[-8,62],[11,31],[-19,68],[17,46],[38,-25],[18,17],[-3,119],[47,55],[-4,61],[-19,34],[-58,28],[0,37],[-36,0],[-14,39],[-33,18],[-72,137],[-43,10],[-76,224],[-8,114],[-23,67]],[[4475,6724],[11,-57],[22,-30],[56,1],[45,-52],[64,-12],[2,-81],[-69,-83]],[[4606,6410],[14,-71],[-29,-37],[-29,3],[-9,-66],[-28,-6],[-30,-82],[-38,-9],[-37,-42],[-3,-54],[-102,-143],[-39,-9],[-57,39],[-50,3]],[[4169,5936],[-97,7]],[[4072,5943],[-129,-71],[-97,15],[-48,50],[-32,-12],[-19,-31]],[[3747,5894],[-976,-1]],[[5221,6402],[0,460]],[[5543,7272],[-3,-50],[116,27],[55,24]],[[5712,6977],[-18,-3],[-1,-16],[19,-13],[1,-278],[-40,-4],[14,-43],[-66,-28],[20,-52],[73,48]],[[5714,6588],[4,-182]],[[5718,6406],[-40,-66],[-20,-106],[-66,-57],[30,-90],[-59,-86],[-3,-97],[-74,-253],[-55,-62],[-27,-89],[-76,-134],[-6,-44]],[[5322,5322],[-95,0],[-6,1080]],[[5221,6402],[-615,8]],[[5946,6834],[-3,-17],[27,-23],[1,-49],[-53,0],[-1,-72],[44,16],[22,-54],[-31,-15],[-10,-47],[-21,15],[-12,-20],[-6,22],[-82,65],[-74,-23],[0,-64],[-33,20]],[[7622,6414],[-17,-3]],[[7605,6411],[-1329,-17]],[[6276,6394],[-558,12]],[[9982,5101],[-1582,-21]],[[8400,5080],[2,209],[11,1],[10,1117]],[[9982,6426],[0,-15],[2,-1086],[-2,-224]],[[7134,3801],[0,854]],[[7134,4655],[472,10],[-12,653],[12,2],[-1,1091]],[[8400,5080],[-6,-876],[-14,-1],[-1,-169]],[[8379,4034],[-1,-233],[-457,-6],[-4,-14]],[[7917,3781],[-783,20]],[[7134,4655],[-1,658],[-859,9]],[[6274,5322],[2,1072]],[[4433,4245],[3,125],[62,145],[-31,89],[-13,107],[-36,-16],[-27,92],[-36,41],[-32,12],[-24,-23],[-79,32],[-14,30],[4,70],[-94,75],[-22,42],[-1,77]],[[4093,5143],[19,69],[-31,76],[34,64],[-9,175],[22,33],[-32,73],[1,113],[17,46],[27,7],[18,33],[-9,78],[19,26]],[[5322,5322],[4,-1080]],[[5326,4242],[-893,3]],[[5747,5319],[-425,3]],[[6274,5322],[-527,-3]],[[3533,5136],[-6,85],[32,160],[63,26],[36,97],[-8,95],[22,49],[-27,90],[28,40],[19,-8],[22,22],[22,-11],[11,113]],[[4093,5143],[-560,-7]],[[974,4187],[-10,-423],[-961,-14]],[[3,3750],[3,2158]],[[2320,5895],[-40,-107],[73,-78],[11,-73]],[[2364,5637],[-44,-12],[-23,-38],[-56,-22],[-16,-29]],[[2225,5536],[-39,-36],[-15,-61],[-66,-17],[-25,-43],[-29,-1],[-45,-54],[-24,-61],[-22,-13],[-1,-26],[-42,-21],[-62,-75],[-83,67],[-40,5],[-188,-67],[-138,-141],[-49,-139],[-40,-25],[-35,-61],[-62,-48],[-237,-124],[-9,-408]],[[3533,5136],[-26,-47],[-6,-96]],[[3501,4993],[-35,31],[-32,79],[-71,34],[-68,-37],[5,-33],[-23,-25],[-19,-60],[-29,-30],[-42,0],[-68,59],[-37,-23],[-29,6],[-119,92],[6,78],[-73,125],[-37,15],[-289,1],[-40,92],[-100,82],[-13,112],[-24,46]],[[2932,2886],[-805,-2]],[[2127,2884],[-26,215],[-76,175]],[[2025,3274],[194,-5],[1,900]],[[2220,4169],[5,1367]],[[3501,4993],[59,-21],[47,-65],[22,-73],[51,-44],[75,0],[143,-37],[-18,-76],[-57,-72],[-10,-48],[-51,-12],[-8,-240],[-29,-38],[-1,-27],[28,-101],[53,-52],[51,-86],[-6,-148],[16,-68],[66,-43],[17,-33],[47,-13],[17,-106]],[[4013,3590],[2,-17],[-1078,-11],[-5,-676]],[[2220,4169],[-1246,18]],[[5877,3808],[0,327]],[[5877,4135],[-2,363],[-176,5],[-5,167],[52,6],[1,643]],[[7134,3801],[-1257,7]],[[5877,4135],[-422,-3],[-4,105],[-125,5]],[[4324,3642],[-42,22],[-21,-21],[-14,-54],[-234,1]],[[4433,4245],[56,-62],[5,-56],[31,-84],[1,-86],[-84,-186],[-118,-129]],[[9982,5101],[2,-858],[0,-192]],[[9984,4051],[-1605,-17]],[[5720,3157],[-1042,-17]],[[4678,3140],[-96,114],[-84,151],[-73,82],[-101,155]],[[5877,3808],[-1,-646],[-156,-5]],[[1557,2902],[-1539,-3]],[[18,2899],[-18,229],[3,622]],[[2025,3274],[2,75],[-702,9],[7,-50],[23,-8],[0,-62],[25,-6],[2,-67],[102,-8],[4,-29],[44,-3],[3,-19],[65,-57],[-2,-102],[-14,-43],[-27,-2]],[[7935,3157],[-18,624]],[[9984,4051],[3,-877]],[[9987,3174],[-966,-5]],[[9021,3169],[-948,-13]],[[8073,3156],[-138,1]],[[5715,2268],[5,889]],[[7134,3801],[2,-647],[-15,-7],[1,-260]],[[7122,2887],[6,-1044]],[[7128,1843],[-420,193]],[[6708,2036],[-430,204],[-478,-49],[-39,12],[-46,65]],[[7935,3157],[-13,-2],[1,-234],[-160,-11],[-4,-129],[-298,-3],[-110,44],[-106,1],[-123,64]],[[5135,1867],[-834,-2]],[[4301,1865],[-779,12],[-2,209],[-140,2]],[[3380,2088],[-4,101],[-52,32],[-55,9],[-18,40],[-100,67],[-47,78],[-44,10],[-31,-14],[-55,25],[-40,-20]],[[2934,2416],[-2,470]],[[4678,3140],[27,-94],[57,-68],[57,-142],[85,-293],[35,-62],[18,-90],[88,-46],[35,-57],[24,-87]],[[5104,2201],[33,-95],[-16,-107],[14,-132]],[[1875,2280],[8,64],[-24,64],[-73,79],[-133,84],[-9,38],[13,184],[-80,8],[-3,66],[-17,35]],[[2127,2884],[-12,-44],[24,-95],[66,-76],[-51,-149],[-55,1],[-2,-80]],[[2097,2441],[-66,-34],[-8,-87],[-23,-43],[-58,-29],[-67,32]],[[9015,1629],[-6,434],[16,4],[-4,1102]],[[9987,3174],[-1,-24],[3,-1293],[0,-232]],[[9989,1625],[-974,4]],[[8535,1624],[-463,2]],[[8072,1626],[1,1530]],[[9015,1629],[-480,-5]],[[8072,1626],[-941,-13],[-3,230]],[[5715,2268],[-42,92],[-58,23],[-48,129],[-37,26],[-115,-192],[-29,-90],[-26,-3],[-48,85],[-55,-30],[-91,-96],[-62,-11]],[[1700,1935],[-48,52],[-33,77],[-136,90],[-94,-49],[-51,27],[-96,-38],[-29,9],[-33,36],[-19,78],[-32,45],[-783,7],[-20,-32],[-308,1]],[[18,2238],[0,661]],[[1875,2280],[-54,-95],[9,-45],[-10,-40],[-60,-69],[-15,-74],[-45,-22]],[[2249,1087],[1,508]],[[2250,1595],[7,307],[26,65],[-18,66],[-62,55],[-16,47],[-14,233],[-45,57],[-31,16]],[[2934,2416],[-13,-32],[-115,16],[-87,-62],[-13,-1253]],[[2706,1085],[-457,2]],[[5087,1443],[-28,23],[-9,53],[25,85],[8,127],[42,82],[10,54]],[[6708,2036],[-147,-148],[-140,-345],[1,-88],[-139,-201],[-49,-32],[-23,-57],[-2,-53],[-32,-55],[-66,-55],[-148,-47],[-60,25],[-37,-6],[-73,-50],[-38,-41],[-14,-50],[-113,-101],[-55,-10]],[[5573,722],[3,224],[-12,21],[-1,129],[-26,52],[5,80],[-16,103],[-53,105],[30,53],[4,32],[-61,10],[-34,60],[-56,32],[-196,-109],[-46,-64],[-27,-7]],[[2250,1595],[-697,5]],[[1553,1600],[15,40],[-11,89],[49,63],[77,12],[17,131]],[[3340,1014],[-632,-3],[-2,74]],[[3380,2088],[-2,-383],[-6,-37],[-25,-15],[-7,-639]],[[1553,1600],[-1444,-18],[-12,15],[-82,2]],[[15,1599],[3,639]],[[3413,1013],[-73,1]],[[4301,1865],[7,-850]],[[4308,1015],[-895,-2]],[[5570,10],[3,712]],[[8535,1624],[1,-649],[-20,-2],[0,-946]],[[8516,27],[-1304,-13],[-1642,-4]],[[4719,898],[-408,-1],[-3,118]],[[5087,1443],[-12,-38],[-356,-507]],[[9989,1625],[3,-635],[7,-990],[-1368,24],[-115,3]],[[5570,10],[-95,-1],[-713,5]],[[4762,14],[-9,33],[-50,39],[-19,41],[0,58],[43,81],[-10,93],[20,40],[-8,90],[11,27],[-23,61],[8,59],[24,24],[10,77],[-37,99],[-3,62]],[[1553,1600],[-67,-122],[-32,-317],[-54,-50],[-55,-136],[-121,-105],[-65,-228],[-68,-90],[-3,-112],[11,-53],[-41,-107],[-22,-108],[-55,-95],[-7,-51]],[[974,26],[-963,-7],[4,1580]],[[2256,24],[-1282,2]],[[2249,1087],[7,-1063]],[[3413,1013],[1,-420],[85,-52],[6,-140],[176,-395]],[[3681,6],[-554,-5],[-42,24],[-741,-4],[-88,3]],[[4762,14],[-397,-6],[-684,-2]]],"transform":{"scale":[0.000701935548559221,0.00040147826959506934],"translate":[-109.05586114525775,36.98899390977297]}}