{"type":"Topology","objects":{"Iowa.geo":{"type":"GeometryCollection","geometries":[{"type":"Polygon","properties":{"name":"Worth","fips":"19195"},"id":"Worth","arcs":[[0,1,2,3]]},{"type":"Polygon","properties":{"name":"Mitchell","fips":"19131"},"id":"Mitchell","arcs":[[4,5,-4,6,7]]},{"type":"Polygon","properties":{"name":"Allamakee","fips":"19005"},"id":"Allamakee","arcs":[[8,9,10]]},{"type":"Polygon","properties":{"name":"Winnebago","fips":"19189"},"id":"Winnebago","arcs":[[11,12,13,-2]]},{"type":"Polygon","properties":{"name":"Winneshiek","fips":"19191"},"id":"Winneshiek","arcs":[[14,15,16,-9,17]]},{"type":"Polygon","properties":{"name":"Osceola","fips":"19143"},"id":"Osceola","arcs":[[18,19,20,21]]},{"type":"Polygon","properties":{"name":"Dickinson","fips":"19059"},"id":"Dickinson","arcs":[[22,-22,23,24]]},{"type":"Polygon","properties":{"name":"Kossuth","fips":"19109"},"id":"Kossuth","arcs":[[25,26,27,-13,28,29]]},{"type":"Polygon","properties":{"name":"Howard","fips":"19089"},"id":"Howard","arcs":[[30,-8,31,-16]]},{"type":"Polygon","properties":{"name":"Emmet","fips":"19063"},"id":"Emmet","arcs":[[32,-25,33,-27]]},{"type":"Polygon","properties":{"name":"Lyon","fips":"19119"},"id":"Lyon","arcs":[[34,-20,35]]},{"type":"Polygon","properties":{"name":"Sioux","fips":"19167"},"id":"Sioux","arcs":[[36,37,-36,38]]},{"type":"Polygon","properties":{"name":"O'Brien","fips":"19141"},"id":"O'Brien","arcs":[[39,-39,-19,40]]},{"type":"Polygon","properties":{"name":"Cerro Gordo","fips":"19033"},"id":"Cerro Gordo","arcs":[[41,42,-1,-6,43]]},{"type":"Polygon","properties":{"name":"Clay","fips":"19041"},"id":"Clay","arcs":[[44,-41,-23,45]]},{"type":"Polygon","properties":{"name":"Hancock","fips":"19081"},"id":"Hancock","arcs":[[-29,-12,-43,46]]},{"type":"Polygon","properties":{"name":"Palo Alto","fips":"19147"},"id":"Palo Alto","arcs":[[47,-46,-33,-26]]},{"type":"Polygon","properties":{"name":"Floyd","fips":"19067"},"id":"Floyd","arcs":[[-44,-5,48,49]]},{"type":"Polygon","properties":{"name":"Chickasaw","fips":"19037"},"id":"Chickasaw","arcs":[[-49,-31,-15,50,51]]},{"type":"Polygon","properties":{"name":"Fayette","fips":"19065"},"id":"Fayette","arcs":[[52,53,-51,-18,54]]},{"type":"Polygon","properties":{"name":"Clayton","fips":"19043"},"id":"Clayton","arcs":[[55,-55,-11,56,57]]},{"type":"Polygon","properties":{"name":"Plymouth","fips":"19149"},"id":"Plymouth","arcs":[[58,59,-37,60]]},{"type":"Polygon","properties":{"name":"Cherokee","fips":"19035"},"id":"Cherokee","arcs":[[61,62,-61,-40,63]]},{"type":"Polygon","properties":{"name":"Bremer","fips":"19017"},"id":"Bremer","arcs":[[64,-52,-54,65]]},{"type":"Polygon","properties":{"name":"Butler","fips":"19023"},"id":"Butler","arcs":[[66,-50,-65,67,68]]},{"type":"Polygon","properties":{"name":"Buena Vista","fips":"19021"},"id":"Buena Vista","arcs":[[69,-64,-45,70]]},{"type":"Polygon","properties":{"name":"Pocahontas","fips":"19151"},"id":"Pocahontas","arcs":[[71,-71,-48,72,73]]},{"type":"Polygon","properties":{"name":"Humboldt","fips":"19091"},"id":"Humboldt","arcs":[[74,-73,-30,75]]},{"type":"Polygon","properties":{"name":"Wright","fips":"19197"},"id":"Wright","arcs":[[76,77,-76,-47,78]]},{"type":"Polygon","properties":{"name":"Franklin","fips":"19069"},"id":"Franklin","arcs":[[-67,79,-79,-42]]},{"type":"Polygon","properties":{"name":"Dubuque","fips":"19061"},"id":"Dubuque","arcs":[[80,-58,81,82,83]]},{"type":"Polygon","properties":{"name":"Webster","fips":"19187"},"id":"Webster","arcs":[[84,-74,-75,-78,85,86,87]]},{"type":"Polygon","properties":{"name":"Delaware","fips":"19055"},"id":"Delaware","arcs":[[88,89,-56,-81,90]]},{"type":"Polygon","properties":{"name":"Buchanan","fips":"19019"},"id":"Buchanan","arcs":[[91,92,93,-53,-90]]},{"type":"Polygon","properties":{"name":"Black Hawk","fips":"19013"},"id":"Black Hawk","arcs":[[94,-68,-66,-94,95,96]]},{"type":"Polygon","properties":{"name":"Woodbury","fips":"19193"},"id":"Woodbury","arcs":[[-59,-63,97,98,99]]},{"type":"Polygon","properties":{"name":"Ida","fips":"19093"},"id":"Ida","arcs":[[100,-98,-62,101]]},{"type":"Polygon","properties":{"name":"Sac","fips":"19161"},"id":"Sac","arcs":[[102,103,-102,-70,104]]},{"type":"Polygon","properties":{"name":"Calhoun","fips":"19025"},"id":"Calhoun","arcs":[[105,-105,-72,-85,106]]},{"type":"Polygon","properties":{"name":"Hamilton","fips":"19079"},"id":"Hamilton","arcs":[[107,108,-86,-77,109]]},{"type":"Polygon","properties":{"name":"Hardin","fips":"19083"},"id":"Hardin","arcs":[[-110,-80,110,111,112]]},{"type":"Polygon","properties":{"name":"Grundy","fips":"19075"},"id":"Grundy","arcs":[[113,-111,-69,-95,114]]},{"type":"Polygon","properties":{"name":"Jackson","fips":"19097"},"id":"Jackson","arcs":[[115,-83,116,117]]},{"type":"Polygon","properties":{"name":"Jones","fips":"19105"},"id":"Jones","arcs":[[118,119,-91,-84,-116,120]]},{"type":"Polygon","properties":{"name":"Benton","fips":"19011"},"id":"Benton","arcs":[[121,122,-96,-93,123]]},{"type":"Polygon","properties":{"name":"Linn","fips":"19113"},"id":"Linn","arcs":[[-124,-92,-89,-120,124,125]]},{"type":"Polygon","properties":{"name":"Tama","fips":"19171"},"id":"Tama","arcs":[[126,127,-115,-97,-123]]},{"type":"Polygon","properties":{"name":"Monona","fips":"19133"},"id":"Monona","arcs":[[128,129,-99,130]]},{"type":"Polygon","properties":{"name":"Crawford","fips":"19047"},"id":"Crawford","arcs":[[-131,-101,-104,131,132,133]]},{"type":"Polygon","properties":{"name":"Carroll","fips":"19027"},"id":"Carroll","arcs":[[-132,-103,-106,134,135,136]]},{"type":"Polygon","properties":{"name":"Greene","fips":"19073"},"id":"Greene","arcs":[[137,-135,-107,-88,138,139]]},{"type":"Polygon","properties":{"name":"Boone","fips":"19015"},"id":"Boone","arcs":[[140,141,-139,-87,-109,142]]},{"type":"Polygon","properties":{"name":"Marshall","fips":"19127"},"id":"Marshall","arcs":[[143,144,-112,-114,-128]]},{"type":"Polygon","properties":{"name":"Story","fips":"19169"},"id":"Story","arcs":[[145,-143,-108,-113,-145,146]]},{"type":"Polygon","properties":{"name":"Clinton","fips":"19045"},"id":"Clinton","arcs":[[147,-121,-118,148,149]]},{"type":"Polygon","properties":{"name":"Cedar","fips":"19031"},"id":"Cedar","arcs":[[150,-125,-119,-148,151,152]]},{"type":"Polygon","properties":{"name":"Jasper","fips":"19099"},"id":"Jasper","arcs":[[153,154,-147,-144,155,156]]},{"type":"Polygon","properties":{"name":"Polk","fips":"19153"},"id":"Polk","arcs":[[157,158,159,-141,-146,-155]]},{"type":"Polygon","properties":{"name":"Poweshiek","fips":"19157"},"id":"Poweshiek","arcs":[[160,161,-156,-127,162]]},{"type":"Polygon","properties":{"name":"Harrison","fips":"19085"},"id":"Harrison","arcs":[[163,-129,-134,164,165]]},{"type":"Polygon","properties":{"name":"Guthrie","fips":"19077"},"id":"Guthrie","arcs":[[166,167,-136,-138,168]]},{"type":"Polygon","properties":{"name":"Shelby","fips":"19165"},"id":"Shelby","arcs":[[169,170,-165,-133,171]]},{"type":"Polygon","properties":{"name":"Audubon","fips":"19009"},"id":"Audubon","arcs":[[-172,-137,-168,172]]},{"type":"Polygon","properties":{"name":"Iowa","fips":"19095"},"id":"Iowa","arcs":[[173,-163,-122,174,175]]},{"type":"Polygon","properties":{"name":"Dallas","fips":"19049"},"id":"Dallas","arcs":[[-169,-140,-142,-160,176]]},{"type":"Polygon","properties":{"name":"Johnson","fips":"19103"},"id":"Johnson","arcs":[[177,178,-175,-126,-151,179]]},{"type":"Polygon","properties":{"name":"Scott","fips":"19163"},"id":"Scott","arcs":[[180,-152,-150,181]]},{"type":"Polygon","properties":{"name":"Muscatine","fips":"19139"},"id":"Muscatine","arcs":[[182,-180,-153,-181,183]]},{"type":"Polygon","properties":{"name":"Mahaska","fips":"19123"},"id":"Mahaska","arcs":[[184,185,-157,-162,186,187]]},{"type":"Polygon","properties":{"name":"Pottawattamie","fips":"19155"},"id":"Pottawattamie","arcs":[[188,189,-166,-171,190,191]]},{"type":"Polygon","properties":{"name":"Washington","fips":"19183"},"id":"Washington","arcs":[[192,193,-176,-179,194,195]]},{"type":"Polygon","properties":{"name":"Marion","fips":"19125"},"id":"Marion","arcs":[[196,197,-158,-154,-186,198]]},{"type":"Polygon","properties":{"name":"Madison","fips":"19121"},"id":"Madison","arcs":[[199,200,-177,201,202]]},{"type":"Polygon","properties":{"name":"Warren","fips":"19181"},"id":"Warren","arcs":[[203,204,-202,-159,-198]]},{"type":"Polygon","properties":{"name":"Keokuk","fips":"19107"},"id":"Keokuk","arcs":[[205,206,-187,-161,-174,-194]]},{"type":"Polygon","properties":{"name":"Cass","fips":"19029"},"id":"Cass","arcs":[[207,-191,-170,-173,208,209]]},{"type":"Polygon","properties":{"name":"Adair","fips":"19001"},"id":"Adair","arcs":[[210,-209,-167,-201,211]]},{"type":"Polygon","properties":{"name":"Louisa","fips":"19115"},"id":"Louisa","arcs":[[212,-195,-178,-183,213,214]]},{"type":"Polygon","properties":{"name":"Mills","fips":"19129"},"id":"Mills","arcs":[[215,216,-189,217]]},{"type":"Polygon","properties":{"name":"Montgomery","fips":"19137"},"id":"Montgomery","arcs":[[218,-218,-192,-208,219]]},{"type":"Polygon","properties":{"name":"Adams","fips":"19003"},"id":"Adams","arcs":[[220,221,-220,-210,-211]]},{"type":"Polygon","properties":{"name":"Clarke","fips":"19039"},"id":"Clarke","arcs":[[222,223,224,-203,-205]]},{"type":"Polygon","properties":{"name":"Wapello","fips":"19179"},"id":"Wapello","arcs":[[225,226,-188,-207,227]]},{"type":"Polygon","properties":{"name":"Jefferson","fips":"19101"},"id":"Jefferson","arcs":[[228,-228,-206,-193,229]]},{"type":"Polygon","properties":{"name":"Union","fips":"19175"},"id":"Union","arcs":[[230,-221,-212,-200,-225]]},{"type":"Polygon","properties":{"name":"Henry","fips":"19087"},"id":"Henry","arcs":[[231,232,-230,-196,-213,233]]},{"type":"Polygon","properties":{"name":"Lucas","fips":"19117"},"id":"Lucas","arcs":[[234,-223,-204,-197,235]]},{"type":"Polygon","properties":{"name":"Monroe","fips":"19135"},"id":"Monroe","arcs":[[-227,236,-236,-199,-185]]},{"type":"Polygon","properties":{"name":"Des Moines","fips":"19057"},"id":"Des Moines","arcs":[[237,-234,-215,238]]},{"type":"Polygon","properties":{"name":"Fremont","fips":"19071"},"id":"Fremont","arcs":[[239,240,-216]]},{"type":"Polygon","properties":{"name":"Page","fips":"19145"},"id":"Page","arcs":[[241,-240,-219,242]]},{"type":"Polygon","properties":{"name":"Taylor","fips":"19173"},"id":"Taylor","arcs":[[243,244,-243,-222]]},{"type":"Polygon","properties":{"name":"Ringgold","fips":"19159"},"id":"Ringgold","arcs":[[-244,-231,245,246]]},{"type":"Polygon","properties":{"name":"Davis","fips":"19051"},"id":"Davis","arcs":[[247,-226,248,249]]},{"type":"Polygon","properties":{"name":"Van Buren","fips":"19177"},"id":"Van Buren","arcs":[[-249,-229,-233,250,251]]},{"type":"Polygon","properties":{"name":"Decatur","fips":"19053"},"id":"Decatur","arcs":[[-246,-224,252,253]]},{"type":"Polygon","properties":{"name":"Wayne","fips":"19185"},"id":"Wayne","arcs":[[-253,-235,254,255]]},{"type":"Polygon","properties":{"name":"Appanoose","fips":"19007"},"id":"Appanoose","arcs":[[-255,-237,-248,256]]},{"type":"Polygon","properties":{"name":"Lee","fips":"19111"},"id":"Lee","arcs":[[-251,-232,-238,257]]}]}},"arcs":[[[5558,9210],[-729,-6]],[[4829,9204],[3,792]],[[4832,9996],[687,3],[41,-1]],[[5560,9998],[-2,-788]],[[6282,9087],[-723,-11]],[[5559,9076],[-1,134]],[[5560,9998],[722,-3]],[[6282,9995],[0,-908]],[[7742,8660],[0,833],[-12,1],[10,502]],[[7740,9996],[596,1],[-19,-115],[38,-130],[20,-171],[32,-53],[152,-130],[19,-104],[-4,-73],[-142,-353],[-11,-206]],[[8421,8662],[-679,-2]],[[4829,9204],[-734,3]],[[4095,9207],[9,788]],[[4104,9995],[492,2],[236,-1]],[[7013,8675],[1,409]],[[7014,9084],[8,908]],[[7022,9992],[534,1],[184,3]],[[7742,8660],[-729,15]],[[1910,9208],[-723,15]],[[1187,9223],[4,768]],[[1191,9991],[619,2],[105,2]],[[1915,9995],[-5,-787]],[[2646,9202],[-736,6]],[[1915,9995],[732,-3]],[[2647,9992],[-1,-790]],[[3363,8120],[-3,1083]],[[3360,9203],[3,785]],[[3363,9988],[321,3],[420,4]],[[4095,9207],[1,-1097]],[[4096,8110],[-733,10]],[[7014,9084],[-732,3]],[[6282,9995],[162,-2],[578,-1]],[[3360,9203],[-714,-1]],[[2647,9992],[93,2],[623,-6]],[[108,9239],[-13,85],[59,56],[27,157],[-3,87],[-50,53],[-49,111],[9,149],[-23,57],[212,-1],[615,-3],[299,1]],[[1187,9223],[-1079,16]],[[1188,8126],[-1040,-4]],[[148,8122],[46,123],[-4,109],[28,81],[-32,126],[62,34],[27,43],[2,40],[14,122],[-33,265],[-22,28],[-110,24],[-13,45],[12,44],[-17,33]],[[1187,9223],[1,-1097]],[[1908,8122],[-720,4]],[[1910,9208],[-2,-1086]],[[5562,8105],[-729,11]],[[4833,8116],[-4,1088]],[[5559,9076],[3,-971]],[[2648,8119],[-740,3]],[[2646,9202],[2,-1083]],[[4833,8116],[-737,-6]],[[3363,8120],[-715,-1]],[[6282,9087],[0,-965]],[[6282,8122],[-720,-17]],[[7013,8675],[-5,-551]],[[7008,8124],[-726,-2]],[[7740,7258],[-733,-11]],[[7007,7247],[1,877]],[[7742,8660],[-2,-1402]],[[8468,7270],[-728,-12]],[[8421,8662],[13,-6],[12,-255],[20,-241],[70,-174],[18,-281],[24,-123],[103,-121],[123,-84],[41,-8]],[[8845,7369],[-10,-101],[-367,2]],[[1189,7007],[-956,-3]],[[233,7004],[-18,31],[19,21],[-37,158],[-44,104],[-33,20],[-98,127],[-22,129],[12,90],[49,72],[21,115],[22,-3],[26,39],[29,160],[-11,55]],[[1188,8126],[1,-1119]],[[1913,7001],[-539,1]],[[1374,7002],[-185,5]],[[1908,8122],[5,-1121]],[[6283,7239],[-1,883]],[[7007,7247],[-724,-8]],[[5555,6965],[7,1140]],[[6283,7239],[-4,-271]],[[6279,6968],[-724,-3]],[[2647,6985],[-734,16]],[[2648,8119],[-1,-1134]],[[3365,6996],[-718,-11]],[[3363,8120],[3,-842]],[[3366,7278],[-1,-282]],[[4098,7270],[-732,8]],[[4096,8110],[2,-840]],[[4833,6970],[-735,14]],[[4098,6984],[0,286]],[[4833,8116],[0,-1146]],[[5555,6965],[-722,5]],[[8473,6152],[-5,1118]],[[8845,7369],[226,-68],[79,-61],[46,-213],[39,-50],[21,-86],[-20,-62],[-20,-47],[5,-61],[65,-48],[65,-123],[112,-106]],[[9463,6444],[-268,-16],[-1,-294],[-350,12]],[[8844,6146],[-371,6]],[[3435,5869],[-6,845],[-64,-1],[0,283]],[[4098,6984],[2,-275],[63,-1],[-7,-842]],[[4156,5866],[-358,1]],[[3798,5867],[-363,2]],[[8114,6142],[-357,3]],[[7757,6145],[1,560],[-18,0],[0,553]],[[8473,6152],[-359,-10]],[[7757,6145],[-365,1]],[[7392,6146],[-358,1]],[[7034,6147],[5,552],[-31,0],[-1,548]],[[6304,6142],[3,569],[-28,3],[0,254]],[[7034,6147],[-364,-6]],[[6670,6141],[-366,1]],[[1374,7002],[1,-283],[104,4],[2,-851]],[[1481,5872],[-1054,14]],[[427,5886],[39,49],[8,98],[-16,70],[-39,51],[-33,98],[-53,66],[19,101],[-9,108],[31,86],[2,82],[-66,70],[-63,89],[-14,150]],[[2011,5877],[-530,-5]],[[1913,7001],[5,-278],[92,5],[1,-851]],[[2732,5866],[-363,3]],[[2369,5869],[-358,8]],[[2647,6985],[2,-268],[81,1],[2,-852]],[[3074,5866],[-342,0]],[[3435,5869],[-361,-3]],[[4876,5862],[-359,1]],[[4517,5863],[-361,3]],[[4833,6970],[3,-278],[42,0],[-2,-830]],[[5555,6965],[-1,-289],[35,-1],[2,-809]],[[5591,5866],[-362,-2]],[[5229,5864],[-353,-2]],[[5943,5865],[-352,1]],[[6304,6142],[-362,-3],[1,-274]],[[8835,5316],[9,830]],[[9463,6444],[76,-92],[21,-62],[15,-245],[17,-68],[61,-104],[68,-41],[142,-120],[61,-118],[24,-7],[14,-54],[-2,-136],[27,-88]],[[9987,5309],[-1152,7]],[[8832,5037],[-723,-13]],[[8109,5024],[5,1118]],[[8835,5316],[-3,-279]],[[7396,4744],[-719,11]],[[6677,4755],[-7,1386]],[[7392,6146],[4,-1402]],[[8109,5024],[2,-296]],[[8111,4728],[-715,16]],[[6677,4755],[-720,9]],[[5957,4764],[-14,1101]],[[1483,4759],[-706,4]],[[777,4763],[-37,133],[21,66],[-2,132],[-58,46],[-27,51],[-51,15],[-4,87],[-42,65],[-30,238],[-103,143],[-17,147]],[[1481,5872],[2,-1113]],[[2369,5869],[6,-1110]],[[2375,4759],[-713,-3]],[[1662,4756],[-179,3]],[[3074,5866],[9,-1107]],[[3083,4759],[-176,-4]],[[2907,4755],[-532,4]],[[3618,4751],[-535,8]],[[3798,5867],[7,-1119]],[[3805,4748],[-187,3]],[[4520,4760],[-179,-5]],[[4341,4755],[-536,-7]],[[4517,5863],[3,-1103]],[[5957,4764],[-712,1]],[[5245,4765],[-16,1099]],[[5064,4765],[-544,-5]],[[5245,4765],[-181,0]],[[8832,4461],[0,576]],[[9987,5309],[12,-158],[-18,-170],[-64,-399],[-91,-78],[-77,-80],[-32,-108]],[[9717,4316],[-99,38],[-41,79],[-144,48],[-53,-38],[-181,-12],[-81,-77],[-33,20],[-55,88],[-198,-1]],[[8114,3910],[-3,818]],[[8832,4461],[-1,-556]],[[8831,3905],[-717,5]],[[5803,3636],[-706,0]],[[5097,3636],[-3,288],[-35,1],[5,840]],[[5957,4764],[-3,-834],[18,0],[-2,-285]],[[5970,3645],[-167,-9]],[[5097,3636],[-2,-53]],[[5095,3583],[-126,6],[-27,44],[-568,3]],[[4374,3636],[4,285],[-40,0],[3,834]],[[6681,3635],[-181,0]],[[6500,3635],[-530,10]],[[6677,4755],[4,-1120]],[[991,3641],[4,53],[-16,27],[-70,-39],[-55,42],[-10,82],[18,41],[-47,74],[18,177],[-32,94],[-3,35],[56,32],[-22,85],[1,68],[35,123],[-91,228]],[[1662,4756],[-3,-833],[92,-1],[-6,-292]],[[1745,3630],[-754,11]],[[3678,3617],[-707,6]],[[2971,3623],[-3,306],[-65,0],[4,826]],[[3618,4751],[-4,-828],[64,0],[0,-306]],[[2446,3622],[-169,3]],[[2277,3625],[-532,5]],[[2375,4759],[-14,-825],[81,0],[4,-312]],[[2971,3623],[-525,-1]],[[7224,3632],[-543,3]],[[7396,4744],[9,-1109]],[[7405,3635],[-181,-3]],[[4374,3636],[-171,-29],[-525,10]],[[8109,3364],[-168,-2]],[[7941,3362],[-35,68],[7,37],[-21,38],[11,86],[-21,10],[-14,38],[-463,-4]],[[8114,3910],[-5,-546]],[[9018,3444],[2,460],[-189,1]],[[9717,4316],[-23,-235],[2,-148],[-14,-51],[-114,-63],[-19,-75],[-31,-52],[-132,-5],[-92,-52],[-89,-151],[-76,-39],[-111,-1]],[[8567,3077],[-459,9],[1,278]],[[9018,3444],[-98,-17],[-163,-74],[-78,31],[-42,-24],[-43,-71],[-27,-212]],[[6151,2517],[-356,3]],[[5795,2520],[8,1116]],[[6500,3635],[2,-1119]],[[6502,2516],[-351,1]],[[1918,2528],[-742,3]],[[1176,2531],[26,9],[1,44],[-88,43],[-9,44],[17,55],[-30,246],[30,20],[21,-69],[13,47],[-83,123],[4,175],[8,216],[-28,32],[-83,31],[-10,35],[26,59]],[[2277,3625],[-5,-1103]],[[2272,2522],[-354,6]],[[7579,2521],[-354,2]],[[7225,2523],[-1,1109]],[[7941,3362],[-8,-843]],[[7933,2519],[-354,2]],[[5448,2521],[-358,-2]],[[5090,2519],[5,1064]],[[5795,2520],[-347,1]],[[4033,2520],[-351,3]],[[3682,2523],[-4,1094]],[[4374,3636],[-2,-1110]],[[4372,2526],[-339,-6]],[[5090,2519],[-354,1]],[[4736,2520],[-364,6]],[[7225,2523],[-370,1]],[[6855,2524],[-353,-8]],[[2624,2525],[-352,-3]],[[2971,3623],[5,-1095]],[[2976,2528],[-352,-3]],[[3324,2521],[-348,7]],[[3682,2523],[-358,-2]],[[8105,2243],[0,270],[-172,6]],[[8567,3077],[-45,-215],[1,-115],[70,-177],[59,-33],[43,-69],[50,-128],[5,-108]],[[8750,2232],[-645,11]],[[1917,1715],[-680,-24]],[[1237,1691],[-1,233],[-36,91],[2,104],[-30,98],[32,139],[-28,175]],[[1918,2528],[-1,-813]],[[2625,1711],[-708,4]],[[2624,2525],[1,-814]],[[3324,2521],[-2,-824]],[[3322,1697],[-697,14]],[[4736,2520],[1,-830]],[[4737,1690],[-700,2]],[[4037,1692],[-4,828]],[[6858,1692],[-706,-3]],[[6152,1689],[-1,828]],[[6855,2524],[3,-832]],[[7577,1677],[-719,15]],[[7579,2521],[-2,-844]],[[4037,1692],[-715,5]],[[8058,1408],[-480,-4]],[[7578,1404],[-1,273]],[[8105,2243],[-2,-838],[-45,3]],[[5449,1690],[-712,0]],[[5448,2521],[1,-831]],[[6152,1689],[-703,1]],[[8495,1066],[-69,43],[-48,-22],[-88,116],[-31,10],[-20,47],[-108,68],[-73,80]],[[8750,2232],[-10,-383],[-35,-85],[-101,-142],[-61,-146],[-6,-231],[-42,-179]],[[1917,1715],[-7,-558],[23,-2],[3,-476]],[[1936,679],[-592,15],[15,101],[-16,71],[-167,279],[38,199],[8,178],[19,70],[-4,99]],[[2647,656],[-457,15],[-254,8]],[[2625,1711],[-5,-560],[29,-6],[-2,-489]],[[3322,1697],[-5,-1051]],[[3317,646],[-238,5],[-432,5]],[[4037,1692],[-1,-1046]],[[4036,646],[-339,-10],[-380,10]],[[6146,701],[6,988]],[[6858,1692],[-14,-963]],[[6844,729],[-259,-2],[-439,-26]],[[7578,1404],[-1,-696]],[[7577,708],[-38,52],[-315,-5],[-380,-26]],[[4737,1690],[-1,-1023]],[[4736,667],[-344,-7],[-356,-14]],[[5449,1690],[-2,-1011]],[[5447,679],[-414,-13],[-297,1]],[[6146,701],[-109,-5],[-590,-17]],[[8495,1066],[-14,-75],[-51,-82],[-81,-40],[-73,-14],[-174,-115],[-55,-98],[-3,-79],[48,-63],[11,-79],[-16,-180],[19,-142],[-20,-34],[-51,-17],[-46,-48],[-43,61],[-21,-1],[-15,46],[-42,16],[-3,80],[-14,20],[8,45],[-71,26],[-10,67],[-47,65],[-9,89],[-107,60],[3,95],[-41,39]]],"transform":{"scale":[0.0006498562311944585,0.00031298238076493044],"translate":[-96.64070921416652,40.371946621442405]}}