{"type":"Topology","objects":{"Louisiana.geo":{"type":"GeometryCollection","geometries":[{"type":"Polygon","properties":{"name":"Caddo","fips":"22017"},"id":"Caddo","arcs":[[0,1,2,3]]},{"type":"Polygon","properties":{"name":"Bossier","fips":"22015"},"id":"Bossier","arcs":[[4,-4,5,6,7]]},{"type":"Polygon","properties":{"name":"Webster","fips":"22119"},"id":"Webster","arcs":[[-7,8,9,10]]},{"type":"Polygon","properties":{"name":"Claiborne","fips":"22027"},"id":"Claiborne","arcs":[[-10,11,12,13,14]]},{"type":"Polygon","properties":{"name":"Union","fips":"22111"},"id":"Union","arcs":[[15,-13,16,17,18]]},{"type":"Polygon","properties":{"name":"Morehouse","fips":"22067"},"id":"Morehouse","arcs":[[19,20,-18,21,22]]},{"type":"Polygon","properties":{"name":"West Carroll","fips":"22123"},"id":"West Carroll","arcs":[[23,-23,24,25]]},{"type":"Polygon","properties":{"name":"East Carroll","fips":"22035"},"id":"East Carroll","arcs":[[26,27,-26,28]]},{"type":"Polygon","properties":{"name":"Lincoln","fips":"22061"},"id":"Lincoln","arcs":[[29,-14,-16,30,31]]},{"type":"Polygon","properties":{"name":"Ouachita","fips":"22073"},"id":"Ouachita","arcs":[[32,33,-31,-19,-21,34]]},{"type":"Polygon","properties":{"name":"Richland","fips":"22083"},"id":"Richland","arcs":[[-35,-20,-24,-28,35,36,37]]},{"type":"Polygon","properties":{"name":"Bienville","fips":"22013"},"id":"Bienville","arcs":[[38,-8,-11,-15,-30,39,40,41]]},{"type":"Polygon","properties":{"name":"Madison","fips":"22065"},"id":"Madison","arcs":[[42,43,-36,-27,44]]},{"type":"Polygon","properties":{"name":"Jackson","fips":"22049"},"id":"Jackson","arcs":[[45,-40,-32,-34,46]]},{"type":"Polygon","properties":{"name":"Franklin","fips":"22041"},"id":"Franklin","arcs":[[47,48,-37,-44,49]]},{"type":"Polygon","properties":{"name":"De Soto","fips":"22031"},"id":"De Soto","arcs":[[-2,50,51,52,53]]},{"type":"Polygon","properties":{"name":"Caldwell","fips":"22021"},"id":"Caldwell","arcs":[[54,55,56,-47,-33,-38,-49]]},{"type":"Polygon","properties":{"name":"Tensas","fips":"22107"},"id":"Tensas","arcs":[[57,58,-50,-43,59]]},{"type":"Polygon","properties":{"name":"Red River","fips":"22081"},"id":"Red River","arcs":[[-51,-1,-5,-39,60]]},{"type":"Polygon","properties":{"name":"Winn","fips":"22127"},"id":"Winn","arcs":[[61,62,-41,-46,-57,63]]},{"type":"Polygon","properties":{"name":"Natchitoches","fips":"22069"},"id":"Natchitoches","arcs":[[64,-52,-61,-42,-63,65,66,67]]},{"type":"Polygon","properties":{"name":"Catahoula","fips":"22025"},"id":"Catahoula","arcs":[[68,-55,-48,-59,69,70]]},{"type":"Polygon","properties":{"name":"La Salle","fips":"22059"},"id":"La Salle","arcs":[[71,72,-64,-56,-69,73]]},{"type":"Polygon","properties":{"name":"Sabine","fips":"22085"},"id":"Sabine","arcs":[[74,75,-53,-65]]},{"type":"Polygon","properties":{"name":"Grant","fips":"22043"},"id":"Grant","arcs":[[76,-66,-62,-73]]},{"type":"Polygon","properties":{"name":"Concordia","fips":"22029"},"id":"Concordia","arcs":[[77,78,79,-70,-58,80]]},{"type":"Polygon","properties":{"name":"Rapides","fips":"22079"},"id":"Rapides","arcs":[[81,82,83,-67,-77,-72,84]]},{"type":"Polygon","properties":{"name":"Vernon","fips":"22115"},"id":"Vernon","arcs":[[85,86,-75,-68,-84,87]]},{"type":"Polygon","properties":{"name":"Avoyelles","fips":"22009"},"id":"Avoyelles","arcs":[[-85,-74,-71,-80,88,89,90,91]]},{"type":"Polygon","properties":{"name":"Pointe Coupee","fips":"22077"},"id":"Pointe Coupee","arcs":[[92,-90,93,94,95,96,97]]},{"type":"Polygon","properties":{"name":"Washington","fips":"22117"},"id":"Washington","arcs":[[98,99,100]]},{"type":"Polygon","properties":{"name":"Tangipahoa","fips":"22105"},"id":"Tangipahoa","arcs":[[101,102,103,104,-99,105,106]]},{"type":"Polygon","properties":{"name":"St. Helena","fips":"22091"},"id":"St. Helena","arcs":[[107,108,109,-104,110]]},{"type":"Polygon","properties":{"name":"East Feliciana","fips":"22037"},"id":"East Feliciana","arcs":[[111,112,-109,113,114]]},{"type":"MultiPolygon","properties":{"name":"West Feliciana","fips":"22125"},"id":"West Feliciana","arcs":[[[-78,115,-112,-95]],[[-89,-79,-94]]]},{"type":"Polygon","properties":{"name":"Evangeline","fips":"22039"},"id":"Evangeline","arcs":[[116,117,118,-82,-92]]},{"type":"Polygon","properties":{"name":"Allen","fips":"22003"},"id":"Allen","arcs":[[119,120,-88,-83,-119]]},{"type":"Polygon","properties":{"name":"Beauregard","fips":"22011"},"id":"Beauregard","arcs":[[121,122,123,-86,-121]]},{"type":"Polygon","properties":{"name":"St. Landry","fips":"22097"},"id":"St. Landry","arcs":[[124,125,-117,-91,-93,126]]},{"type":"Polygon","properties":{"name":"East Baton Rouge","fips":"22033"},"id":"East Baton Rouge","arcs":[[127,128,-114,-108,129,130]]},{"type":"Polygon","properties":{"name":"St. Tammany","fips":"22103"},"id":"St. Tammany","arcs":[[-106,-101,131]]},{"type":"Polygon","properties":{"name":"West Baton Rouge","fips":"22121"},"id":"West Baton Rouge","arcs":[[132,-96,-115,-129]]},{"type":"Polygon","properties":{"name":"Livingston","fips":"22063"},"id":"Livingston","arcs":[[133,134,-130,-111,-103]]},{"type":"MultiPolygon","properties":{"name":"St. Martin","fips":"22099"},"id":"St. Martin","arcs":[[[135,136,-127,-98,137]],[[138,139,140]]]},{"type":"Polygon","properties":{"name":"Iberville","fips":"22047"},"id":"Iberville","arcs":[[-138,-97,-133,-128,141,142,143]]},{"type":"Polygon","properties":{"name":"Calcasieu","fips":"22019"},"id":"Calcasieu","arcs":[[144,145,-123,146]]},{"type":"Polygon","properties":{"name":"Jefferson Davis","fips":"22053"},"id":"Jefferson Davis","arcs":[[-147,-122,-120,147,148,149]]},{"type":"Polygon","properties":{"name":"Acadia","fips":"22001"},"id":"Acadia","arcs":[[-148,-118,-126,150,151]]},{"type":"Polygon","properties":{"name":"Lafayette","fips":"22055"},"id":"Lafayette","arcs":[[152,153,-151,-125,-137]]},{"type":"Polygon","properties":{"name":"Ascension","fips":"22005"},"id":"Ascension","arcs":[[154,155,-142,-131,-135,156]]},{"type":"Polygon","properties":{"name":"St. John the Baptist","fips":"22095"},"id":"St. John the Baptist","arcs":[[157,-157,-134,-102,158,159,160]]},{"type":"Polygon","properties":{"name":"St. James","fips":"22093"},"id":"St. James","arcs":[[161,162,-155,-158]]},{"type":"Polygon","properties":{"name":"Orleans","fips":"22071"},"id":"Orleans","arcs":[[163,164,165,166]]},{"type":"Polygon","properties":{"name":"Vermilion","fips":"22113"},"id":"Vermilion","arcs":[[167,168,169,-149,-152,-154]]},{"type":"Polygon","properties":{"name":"St. Charles","fips":"22089"},"id":"St. Charles","arcs":[[170,-160,171,172]]},{"type":"Polygon","properties":{"name":"Assumption","fips":"22007"},"id":"Assumption","arcs":[[-141,173,-143,-156,-163,174,175,176]]},{"type":"Polygon","properties":{"name":"Cameron","fips":"22023"},"id":"Cameron","arcs":[[-170,177,-145,-150]]},{"type":"Polygon","properties":{"name":"St. Bernard","fips":"22087"},"id":"St. Bernard","arcs":[[178,-167,179]]},{"type":"Polygon","properties":{"name":"St. Mary","fips":"22101"},"id":"St. Mary","arcs":[[180,181,-139,-177,182]]},{"type":"Polygon","properties":{"name":"Lafourche","fips":"22057"},"id":"Lafourche","arcs":[[183,184,-175,-162,-161,-171,185,186,187]]},{"type":"Polygon","properties":{"name":"Plaquemines","fips":"22075"},"id":"Plaquemines","arcs":[[-164,-179,188,189]]},{"type":"MultiPolygon","properties":{"name":"Iberia","fips":"22045"},"id":"Iberia","arcs":[[[-153,-136,-144,-174,-140,-182,190,-168]],[[191]]]},{"type":"MultiPolygon","properties":{"name":"Terrebonne","fips":"22109"},"id":"Terrebonne","arcs":[[[-185,192,-183,-176]],[[193]],[[194]]]},{"type":"MultiPolygon","properties":{"name":"Jefferson","fips":"22051"},"id":"Jefferson","arcs":[[[-190,195,-186,-173,196,-165]],[[-188,197]]]}]}},"arcs":[[[1105,8088],[-235,3]],[[870,8091],[-23,116],[-109,74],[-113,16],[-69,48],[-57,-23],[-26,-63],[-87,-52],[-37,-100],[-87,-78],[-70,-47],[-178,0]],[[14,7982],[-1,465],[-10,748],[-3,459],[6,345],[456,-2]],[[462,9997],[-16,-29],[17,-25],[-4,-27],[-28,-53],[18,-49],[24,-17],[-8,-63],[-18,-11],[14,-67],[58,-73],[-37,-121],[36,-67],[-17,-34],[-61,-43],[-8,-32],[40,-29],[21,43],[23,-23],[-5,-131],[65,-133],[-9,-48],[39,-44],[-44,-67],[63,-33],[-23,-18],[-10,-57],[61,-14],[61,-72],[7,-91],[37,-15],[-33,-54],[7,-35],[38,-14],[50,32],[13,-92],[83,-37],[55,-54],[22,-56],[50,-28],[1,-47],[54,-15],[7,-66]],[[1243,8080],[-138,8]],[[462,9997],[593,-3]],[[1055,9994],[-27,-108],[34,-88],[76,-47],[8,-14],[-23,-36],[60,-89],[-21,-48],[12,-43],[-25,-87],[2,-64],[47,-5],[11,-862],[48,-2]],[[1257,8501],[-2,-33],[-30,-5],[-7,-19],[40,-21],[22,-41],[-49,-128],[39,-76],[1,-50],[-28,-48]],[[1055,9994],[66,0],[491,-5]],[[1612,9989],[3,-739],[105,-7],[9,-305]],[[1729,8938],[5,-119],[61,-165],[-9,-37],[-164,-8],[-2,-109],[-363,1]],[[1612,9989],[505,-3],[521,-3]],[[2638,9983],[-1,-626]],[[2637,9357],[-206,-8],[-3,-100],[-77,-88],[11,-141],[-38,-49],[4,-43]],[[2328,8928],[-599,10]],[[3254,8931],[-7,212],[-197,4],[1,123],[-43,-11],[-46,68],[-66,22],[-259,8]],[[2638,9983],[1303,-16]],[[3941,9967],[-34,-100],[39,-89],[-21,-37],[-6,-113],[39,-60],[-8,-66],[26,-56],[-20,-83],[15,-50],[-27,-31]],[[3944,9282],[-46,-96],[-96,-21],[10,-35],[-178,-135],[-29,-40],[-166,-26],[-185,2]],[[4808,9142],[-21,-77],[-43,-40],[-86,-17],[-86,-136],[-114,32],[-55,-52],[-35,-69],[-30,3],[-47,57],[-42,-83]],[[4249,8760],[12,53],[-35,111],[18,74],[-9,82],[20,36],[-36,25],[-22,-23],[-49,71],[-15,52],[-121,1],[-3,-44],[-19,-1],[-19,29],[5,23],[-32,33]],[[3941,9967],[1213,9],[53,-1]],[[5207,9975],[5,-26],[-28,-33],[23,-18],[-45,-34],[-78,-176],[-108,-60],[-74,-140],[0,-33],[-34,-26],[24,-69],[-74,-87],[-8,-41],[21,-35],[-23,-55]],[[5180,8933],[-301,-5],[4,214],[-75,0]],[[5207,9975],[344,0]],[[5551,9975],[-31,-137],[-53,-51],[-13,-145],[-52,-36],[-15,-67],[17,-61],[-13,-127],[-46,-78],[-13,-68],[-44,9],[-17,-190],[14,-15],[-56,-17],[-49,-59]],[[5913,8869],[-31,16],[-63,-9],[-8,-53],[-659,-4]],[[5152,8819],[45,77],[-17,37]],[[5551,9975],[185,-1],[0,-31],[-94,-158],[22,-53],[57,-23],[64,32],[15,48],[-5,92],[41,30],[38,1],[34,-83],[-8,-188],[-125,-88],[-28,-192],[40,-28],[77,-5],[77,-63],[-160,-148],[-14,-45],[70,-115],[94,21],[33,20],[40,66],[39,3],[23,-41],[-5,-26],[-67,-80],[-53,-15],[-28,-36]],[[2530,8611],[-214,2],[12,315]],[[3254,8931],[-6,-216]],[[3248,8715],[-408,4],[-2,-105],[-308,-3]],[[3999,8183],[-142,-4],[-5,-32],[-83,-6],[-22,42],[-285,-4]],[[3462,8179],[-1,108],[-211,209],[-2,219]],[[4249,8760],[-68,-104],[-15,-71],[-68,-73],[-39,-115],[-15,-128],[-45,-86]],[[5152,8819],[-50,-124],[19,-32],[-31,-119],[13,-46]],[[5103,8498],[-309,-7],[-72,-39],[-9,-29],[-38,8],[-22,-82],[-96,-33],[-29,-174],[-91,-99],[-25,-65],[-16,-19],[-76,-12],[-35,-51]],[[4285,7896],[-34,35],[-130,2],[-2,77],[-50,-28],[3,31],[46,27],[-44,8],[9,17],[-12,21],[23,44],[-18,6],[4,46],[-81,1]],[[1716,7867],[-17,88],[-30,41],[6,74],[-432,10]],[[2530,8611],[7,-501],[-90,-175],[15,-71]],[[2462,7864],[-252,3]],[[2210,7867],[-494,0]],[[5828,8046],[2,48],[-49,28],[-104,-26],[-85,-54],[-52,32],[-78,-34],[-19,-27],[-352,-3]],[[5091,8010],[-74,1],[-19,16],[6,25],[50,18],[8,37],[-30,-22],[-22,4],[-44,48],[7,12],[41,-16],[14,14],[-5,102],[51,-8],[2,40],[45,19],[1,49],[-48,-2],[0,16],[28,26],[24,-11],[41,18],[-46,36],[-18,66]],[[5913,8869],[20,-48],[135,-75],[6,-40],[-55,-11],[-35,15],[-102,127],[-60,-60],[2,-63],[118,-126],[63,-11],[79,26],[43,-32],[-9,-52],[-78,-53],[21,-76],[28,-24],[139,-26],[59,87],[20,-4],[-82,-182],[-26,-19],[-84,15],[-18,-15],[-6,-25],[25,-45],[-12,-111],[-128,63],[-42,-41],[-51,0],[-25,-43],[-30,26]],[[3451,7869],[-989,-5]],[[3462,8179],[-11,-310]],[[4930,7212],[-42,4],[3,210],[-97,5],[-46,-78],[-75,-80],[-40,-15],[-8,-28],[-64,-2],[-36,-29],[-47,51],[3,38],[-52,20],[-53,94],[-68,35]],[[4308,7437],[-35,180],[-51,72],[33,43],[23,-21],[23,28],[19,-2],[-4,34],[22,-4],[-2,50],[-42,36],[-9,43]],[[5091,8010],[-1,-92],[-34,-102],[7,-60],[32,-26],[-30,-59],[-7,-79],[23,-89],[-33,-32],[-16,-58],[27,-61],[-26,-50],[-44,-5],[-32,-28],[-27,-57]],[[870,8091],[48,-91],[123,-53],[22,-101],[24,-23],[-66,-51],[12,-29],[46,-50],[5,-33],[47,-26],[3,-44],[35,-19],[33,-100],[75,-9],[59,-56],[44,-72],[0,-76]],[[1380,7258],[-33,6],[-27,47],[-31,-11],[-26,31],[-60,-36],[-4,-169]],[[1199,7126],[-872,1]],[[327,7127],[-8,52],[-22,-4],[-13,60],[-49,-4],[11,42],[-35,-1],[-68,33],[-15,57],[-54,78],[-11,27],[-50,13],[1,502]],[[4308,7437],[-27,-3],[-14,-102],[-210,2]],[[4057,7334],[-602,-6]],[[3455,7328],[-4,541]],[[5321,6890],[-53,16],[-264,-6]],[[5004,6900],[-72,120],[-2,192]],[[5828,8046],[-83,-48],[-19,-83],[21,-67],[95,-24],[51,33],[58,-34],[17,59],[-18,63],[60,-35],[41,-2],[-15,-86],[-59,-65],[-65,-33],[17,-87],[-48,-4],[-73,77],[-39,-7],[5,-48],[111,-55],[28,-28],[1,-27],[-71,-71],[-109,-9],[-77,-181],[-85,-88],[-40,-32],[46,-74],[-19,-40],[-52,21],[-31,83],[-22,4],[-62,-48],[-25,-117],[-40,-61],[62,-18],[147,26],[-3,-35],[-37,-24],[-114,21],[-61,-12]],[[1716,7867],[58,-106],[-5,-47],[41,-84],[-31,-52],[0,-64],[71,-91],[-235,2],[1,-170],[-29,24],[-67,-53],[-41,16],[-54,-14],[-45,30]],[[3346,7005],[-513,5],[6,-215],[-675,-4]],[[2164,6791],[-23,34],[9,55],[-17,30],[63,111],[-9,37],[17,24],[-21,48],[11,17],[64,-17],[75,248],[-16,79],[-41,27],[40,60],[0,38],[-47,113],[10,37],[-54,72],[-15,63]],[[3455,7328],[1,-75],[-22,-34],[10,-26],[-20,-61],[-18,-7],[-4,-61],[-56,-59]],[[1626,5943],[-6,445],[-209,0],[-2,422],[-207,3],[-3,313]],[[2164,6791],[19,-76],[46,8],[55,-42],[8,-90],[202,-88],[154,-186]],[[2648,6317],[-106,-94],[-20,0],[-15,-38],[-56,-10],[2,-30],[-30,2],[2,-31],[-42,-4],[4,-27],[-44,-3],[0,-34],[-36,-9],[-4,-25],[-45,-2],[-1,-59],[-55,-3],[-1,-51],[-65,1]],[[2136,5900],[-19,31],[-85,9],[-406,3]],[[4064,5838],[8,14],[-22,31],[7,1451]],[[5004,6900],[-23,-50],[-49,17],[-54,57],[-81,-70],[-62,-9],[-45,25],[-41,-157],[10,-91],[-66,-52],[-27,12],[-18,51],[-29,9],[-77,-59],[-19,-57],[6,-87],[57,-42],[25,-63],[-5,-48],[-42,-52],[41,-23],[97,-17],[22,-43],[-20,-26],[-130,16],[-63,125],[-20,15],[-20,-18],[-6,-160],[14,-34],[27,-26],[84,-13],[31,-20],[-12,-15],[-106,-13],[-44,-56],[7,-112],[79,-49],[-41,-41]],[[4404,5724],[-41,4],[-77,59],[-54,4],[-46,-39],[16,-81],[34,-29],[-13,-22],[-30,0],[-30,35],[-35,-39],[-39,-8],[-22,48],[26,12],[-19,44],[-41,33],[9,42],[35,-7],[-13,58]],[[3892,5864],[23,19],[3,51],[-112,77],[-63,198],[-79,22]],[[3664,6231],[-21,23],[-57,-1],[-17,46],[-17,-34],[-34,8],[5,103],[-28,4],[15,13],[-59,64],[6,32],[-124,62],[-5,22],[21,15],[42,-3],[-33,25],[-11,65],[5,18],[24,-1],[4,59],[-62,23],[41,46],[11,69],[24,16],[-9,49],[-33,15],[-6,36]],[[4064,5838],[-39,37],[-56,-4],[-41,-29],[-36,22]],[[1626,5943],[-318,12],[-101,-217],[-187,-5],[-10,-50],[-30,-37],[16,-81],[-18,-52]],[[978,5513],[-52,-46],[-34,19],[-18,47],[24,75],[-40,30],[-2,68],[-9,14],[-29,-4],[-29,40],[-21,-9],[-51,64],[9,38],[84,111],[-52,-3],[-6,63],[-47,20],[-14,24],[-3,28],[18,26],[-29,20],[7,37],[-57,-5],[-49,64],[2,12],[63,12],[26,62],[-52,3],[-31,39],[-32,-17],[-33,7],[-61,62],[-11,44],[-33,32],[-6,61],[32,8],[10,73],[16,14],[-10,51],[39,90],[-33,-9],[-13,11],[10,44],[-42,57],[18,52],[-24,67],[-61,37],[-25,81]],[[3664,6231],[-849,-226],[-58,17],[-21,27],[-24,-21],[10,41],[-29,29],[11,46],[-7,17],[-33,3],[4,48],[22,10],[-23,14],[-19,81]],[[4799,5048],[-51,-28]],[[4748,5020],[32,82],[3,59],[-140,31]],[[4643,5192],[9,64],[-14,37],[38,44],[-35,45],[16,72],[43,39],[11,55],[-25,29],[-63,-7],[-47,36],[-63,20],[-109,98]],[[5321,6890],[11,-5],[-46,-86],[-2,-152],[-39,-71],[-97,4],[-81,58],[-20,-17],[-2,-53],[24,-44],[162,-4],[23,-40],[-39,-57],[-81,-49],[-77,-20],[-7,-22],[-3,-178],[69,-80],[15,-40],[-30,-64],[-28,-7],[-56,42],[-22,42],[-1,61],[-36,-3],[-30,-28],[17,-82],[49,-13],[-20,-34],[4,-54],[73,-57],[7,-61],[-29,-38],[-80,-31],[-153,18],[-19,-16],[13,-74],[72,-66],[19,-87],[-57,-125],[109,-111],[26,-59],[-41,-62],[-110,-51],[-9,-26]],[[3519,4969],[-109,-5],[-41,60],[-81,19],[-46,-60],[-128,-41],[-12,-26],[28,-40],[-3,-26],[-52,-57],[-33,-5],[-43,19],[-100,-11]],[[2899,4796],[-456,-18]],[[2443,4778],[-10,904],[-35,2],[-3,42],[-25,2],[-3,39],[-25,3],[-5,57],[-31,3],[-1,16],[-61,1],[-2,20],[-106,10],[0,23]],[[3892,5864],[-54,-44],[-59,-13],[-48,11],[-22,49],[-89,-4],[-2,-456],[-18,-33],[20,-9],[18,-334],[28,-40],[-7,-20],[-140,-2]],[[2138,4745],[-319,4],[-2,21],[-587,0],[-103,-58],[-127,53],[-42,-34]],[[958,4731],[-16,36],[8,38],[36,8],[-6,48],[39,5],[9,22],[-13,61],[-11,-9],[-22,32],[-48,15],[23,38],[-19,13],[6,39],[5,12],[36,-9],[79,60],[-36,45],[17,43],[-54,19],[2,30],[-34,14],[7,22],[43,16],[14,24],[-19,16],[-13,66],[31,9],[-17,33],[20,4],[-4,19],[-43,13]],[[2443,4778],[-2,-36],[-303,3]],[[4643,5192],[-55,-43],[-11,-46]],[[4577,5103],[-52,-15],[-11,-47],[-49,-46],[6,-262],[-25,-6],[-13,-29],[20,-17]],[[4453,4681],[-800,3]],[[3653,4684],[-48,6],[8,99],[-87,101],[-7,79]],[[4557,3819],[3,28],[30,4],[-33,140],[43,311],[-13,100],[-24,37],[1,64],[-33,55],[-31,4],[-41,35],[19,57],[-25,27]],[[4577,5103],[67,-17],[48,21],[33,-11],[24,-38],[-1,-38]],[[4748,5020],[-1,-60],[39,-105],[-45,-68],[-4,-73],[24,-33],[195,-9],[-4,90],[-24,31],[-86,17],[14,47],[124,-8],[33,-32],[20,-60],[-18,-162],[-27,-52],[-107,-54],[1,-30],[28,-40],[52,-12],[106,22],[92,-18],[113,57],[40,-12],[33,-42],[44,-144],[57,-62]],[[5447,4208],[-28,-92],[-78,-58],[1,-60],[-65,5],[-15,-20],[-27,-127],[-126,-2],[-3,-39]],[[5106,3815],[-106,4],[-62,-29],[-40,2],[0,28],[-225,2]],[[4673,3822],[-116,-3]],[[7544,4340],[-29,151],[-30,46],[-25,143],[-30,59],[2,67],[-30,-5],[-3,22],[-37,4],[4,231]],[[7366,5058],[168,5],[848,-1],[201,1],[18,-15],[-6,-41],[14,-22],[-40,-25],[-18,-38],[17,-58],[-35,-13],[24,-26],[-2,-18],[-33,-6],[-5,-94],[-38,-1],[20,-76],[-42,-4],[-1,-40],[-29,-2],[-27,-54],[22,-102],[-24,-13],[4,-24],[-24,-9],[-17,-41],[27,-22],[-21,-7],[-1,-52],[12,-9],[-20,-23]],[[8358,4228],[-266,-2],[-548,114]],[[7435,3340],[-64,15],[-43,-19],[-42,4],[-127,-63]],[[7159,3277],[-42,204],[-89,48],[12,7],[-2,33],[-60,105],[-47,131],[-3,395]],[[6928,4200],[7,849]],[[6935,5049],[35,1],[396,8]],[[7544,4340],[20,-65],[9,-746]],[[7573,3529],[-138,-189]],[[6241,4197],[8,33],[128,114],[-4,27]],[[6373,4371],[13,34],[-21,38],[25,142],[-13,72],[16,12],[-37,40],[12,88],[-20,138],[50,113]],[[6398,5048],[537,1]],[[6928,4200],[-687,-3]],[[5447,4208],[11,26],[-18,112],[32,16],[23,78],[54,43],[49,74],[30,211],[57,119],[-8,57],[25,102]],[[5702,5046],[243,0],[453,2]],[[6373,4371],[-812,-40],[-33,-59],[-38,-5],[-20,-71]],[[5470,4196],[-23,12]],[[4799,5048],[903,-2]],[[3653,4684],[1,-125],[82,-74],[2,-227],[-47,-14],[-22,-46],[-5,-205],[-106,-1],[-2,-67],[-362,0],[-27,-18],[-19,-65],[-49,-20],[-10,-28]],[[3089,3794],[-260,1]],[[2829,3795],[27,64],[-16,42],[38,31],[35,63],[-17,58],[3,743]],[[2829,3795],[-297,13],[-15,-127],[-571,7],[6,-35],[-128,0]],[[1824,3653],[0,424],[301,-4],[13,672]],[[1824,3653],[-2,-62]],[[1822,3591],[-495,2],[-9,211],[-207,7],[8,-220],[-523,7]],[[596,3598],[42,59],[49,24],[-13,48],[10,19],[-33,45],[15,19],[-15,21],[19,44],[-60,55],[35,56],[0,47],[49,28],[43,-2],[-42,43],[16,19],[-16,41],[29,-1],[36,81],[85,34],[10,58],[-11,54],[20,-1],[-21,34],[66,64],[7,73],[62,65],[-10,34],[-22,7],[28,37],[-16,28]],[[4101,3519],[-23,-21],[-32,24],[-29,-21],[-20,27],[-35,9],[-39,-38],[-24,-67],[-94,-85]],[[3805,3347],[1,54],[-40,-3],[2,74],[-30,-1],[-1,204],[-142,-1],[4,117],[-510,3]],[[4557,3819],[36,-96],[45,-17],[44,-99],[34,-25],[-260,-8],[-104,57],[-147,-49],[-60,33],[-18,-7],[-26,-89]],[[6036,3416],[-214,-34],[-54,25]],[[5768,3407],[-8,44],[-68,17],[-83,-5],[-15,27],[-1,40],[79,96],[1,206],[-19,52],[-16,6],[-71,-34],[-61,6],[3,32],[58,33],[17,31],[-33,51],[-107,26],[-6,39],[34,83],[-2,39]],[[6241,4197],[-42,-37],[-11,-52],[-91,-69],[26,-223],[-26,-100],[18,-35],[-11,-29],[45,-38],[-20,-20],[7,-17],[46,-9],[10,-49],[51,-13],[2,-19],[30,-20]],[[6275,3467],[-44,-17],[-161,4],[-34,-38]],[[8358,4228],[32,11],[20,-48],[28,-5],[-29,-61],[58,-172],[36,-7],[35,-87],[46,-44],[26,-4],[12,-36],[35,-8],[2,-24],[22,-14],[16,-42],[0,-111],[41,-52],[16,-58],[27,0],[26,-29],[3,-48],[-37,-29],[-4,-39],[27,-14],[8,-82],[31,-22],[-8,-16],[72,-113],[-308,-35],[-61,123],[-367,95],[-263,243],[-327,29]],[[5768,3407],[-325,2],[-13,45],[-27,8],[-74,98],[-47,14],[3,49],[-113,154],[-27,-7],[-39,45]],[[7159,3277],[-260,-132],[-104,22]],[[6795,3167],[-22,17],[-17,-7],[-76,-112],[-36,27],[-16,-8],[-52,111],[-81,35],[-9,31],[15,27],[-30,21],[-18,-10],[-69,121],[-39,32],[-70,15]],[[5328,2750],[-225,5],[-11,-34],[-41,-23],[-145,-6],[-40,22],[-12,67],[-28,9],[-82,101],[-49,5],[-22,19],[-127,-25],[-4,-49],[-74,-45],[-36,-69],[-112,55],[-36,-18],[-16,26],[-93,-7]],[[4175,2783],[38,123],[47,75],[-28,88],[-109,-5],[8,75],[31,13],[24,40],[-31,27],[-9,40],[52,42],[-35,101],[9,71],[-71,46]],[[4673,3822],[73,-59],[51,-74],[15,-94],[-22,-62],[95,-266],[69,-50],[153,-24],[-9,-73],[49,-180],[-16,-47],[18,-25],[157,-11],[24,-48],[-2,-59]],[[5852,1918],[-131,18],[-71,69],[-320,47],[-37,73],[-21,195],[-40,65],[-108,112]],[[5124,2497],[434,42]],[[5558,2539],[62,-131],[33,-34],[31,-113],[44,-33],[122,-41],[30,-42],[5,-171],[-33,-56]],[[6036,3416],[-95,-265],[10,-13],[-32,-125],[-38,-21],[1,-116],[-38,-1],[4,-102]],[[5848,2773],[-231,-97]],[[5617,2676],[6,37],[-41,-12],[-48,49],[-206,0]],[[2108,2709],[-266,-1],[-6,32],[-1180,5]],[[656,2745],[-7,86],[15,47],[23,7],[-4,58],[25,0],[6,17],[-33,6],[7,61],[-16,13],[-21,96],[15,47],[16,142],[-61,18],[-58,88],[-1,33],[23,32],[-14,36],[25,66]],[[1822,3591],[2,-50],[200,-5],[8,-291],[61,-2],[-1,-259],[93,20],[131,-32],[-38,-68],[43,-91],[-211,0],[-2,-104]],[[2829,3795],[58,-137],[-11,-92],[-45,-29],[15,-94],[-14,-44],[1,-182],[26,-82],[50,-24],[-11,-51],[-44,-18],[15,-58],[-30,-1],[-19,-30],[26,-107]],[[2846,2846],[-13,3],[0,-31],[-57,-17],[-40,-23],[-11,-28],[-76,-24],[-19,-22]],[[2630,2704],[-44,15],[-478,-10]],[[3805,3347],[-5,-33],[-33,0],[-3,-42],[-27,-1],[-1,-100],[-56,-4],[-85,-44],[-12,-84],[-44,-28],[-26,-44]],[[3513,2967],[-39,-38],[-52,-18],[-105,-134],[-57,-31],[-154,41],[-63,70],[-74,41],[-53,-39],[-70,-13]],[[4175,2783],[-28,-72]],[[4147,2711],[-193,80],[-3,38],[-26,7],[-1,38],[-20,17],[11,36],[-126,-1],[-100,47],[-44,-19],[-132,13]],[[6777,3007],[-548,-114],[-29,-77],[-61,-34]],[[6139,2782],[-48,-5],[-72,28],[-58,-15],[-74,14],[-4,-27],[-35,-4]],[[6795,3167],[-18,-160]],[[6751,2341],[-27,145],[12,66],[-12,2],[-46,162],[59,23],[-10,96],[27,16],[23,156]],[[7435,3340],[-230,-289],[58,-229]],[[7263,2822],[-116,-127],[-77,-9],[-102,-40],[-4,-69],[40,-2],[-3,-229]],[[7001,2346],[-106,4],[-52,-16],[-49,26],[-43,-19]],[[6751,2341],[-30,-5],[-46,44],[-45,-18],[-110,61],[-28,-40],[-193,0]],[[6299,2383],[0,78],[-47,-3],[-6,100],[-65,1],[-3,141],[-36,5],[-3,77]],[[8227,2309],[-55,59],[-41,14],[-25,-2],[-21,-36],[-37,16]],[[8048,2360],[-95,90],[-57,-53],[-109,17],[-4,54],[45,230]],[[7828,2698],[241,30],[198,250],[185,-124],[116,131],[30,-92],[111,103],[40,-100],[-134,-165],[-264,-109]],[[8351,2622],[-30,-25],[-65,18],[-65,-34],[-58,14],[-94,-15],[-13,-17],[0,-54],[90,-65],[84,-13],[35,-24],[12,-66],[-20,-32]],[[4147,2711],[-53,-168],[38,-334]],[[4132,2209],[-12,-88],[-326,-184],[14,105],[-139,-26],[279,-382],[-473,-160],[-618,115]],[[2857,1589],[-3,1113],[-224,2]],[[7648,1874],[-300,14],[-6,91],[-27,52],[-190,96],[-23,148],[-81,32],[-20,39]],[[7263,2822],[238,-74]],[[7501,2748],[14,-363],[52,-76],[94,-45],[71,-78],[6,-66],[24,-46],[0,-103],[-73,-4],[-42,-56],[1,-37]],[[5558,2539],[-14,55],[55,36],[18,46]],[[6299,2383],[-3,-62],[-43,2],[-33,-137],[-153,-258]],[[6067,1928],[-157,-209]],[[5910,1719],[-40,39],[1,107],[-19,53]],[[2857,1589],[-1247,491],[-973,-74],[-159,-81],[-195,206],[216,99],[62,381],[95,134]],[[9088,1705],[-43,26],[-14,14],[-92,48],[-167,45],[-152,186],[-46,11],[-77,-13],[-39,83],[-30,26],[-73,-26],[-46,4],[-82,200]],[[8351,2622],[56,-145],[211,44],[6,-176],[169,-53],[82,55],[23,271],[276,87],[-35,-144],[151,-84],[-106,-27],[57,-231],[-37,-44],[113,-76],[-106,-34],[-129,117],[-116,-186],[-219,29],[115,-137],[-38,-32],[199,-81],[65,-70]],[[5535,1346],[-339,155],[-229,-51],[-1,270],[-189,4],[55,307],[-493,-106]],[[4339,1925],[28,10],[240,233],[215,308],[302,21]],[[5910,1719],[-33,-44],[-14,10],[-17,-25],[-69,-12],[-28,-31],[-45,29],[-25,-13],[-43,-50],[15,-39],[-63,-49],[-38,-5],[10,-54],[-25,-90]],[[7896,580],[-299,-191],[-72,211],[42,171],[-72,50],[-10,-72],[-127,165],[-97,-99]],[[7261,815],[46,121],[-12,91],[-37,95],[-137,175],[-97,51],[-35,87],[-76,94],[-44,26],[-30,48],[-82,44],[-89,129],[-125,77],[-34,56],[-48,156],[-37,2],[-32,-36],[3,-30],[-83,3],[-6,-81],[-239,5]],[[7648,1874],[91,-29],[11,-16],[-13,-124],[22,-70],[-11,-30]],[[7748,1605],[-112,-123],[68,-120],[275,-119],[-39,-47],[51,-132],[-52,-56],[46,-104],[-157,31],[67,-262]],[[7895,673],[-11,-34],[12,-59]],[[9088,1705],[-237,71],[-156,93],[-38,-22],[120,-165],[-185,48],[-41,-22],[51,-76],[-97,10],[453,-339],[15,-172],[304,-9],[94,-140],[144,24],[4,-129],[138,125],[127,-142],[19,-193],[173,28],[-129,-147],[152,-40],[-72,-151],[-137,122],[31,-128],[-85,-63],[19,-99],[-193,255],[-32,-151],[-274,-293],[262,511],[-111,78],[-41,-185],[-98,-10],[-9,112],[-147,171],[16,97],[-68,-51],[-252,109],[18,128],[-367,-23],[82,127],[-135,114],[8,139],[-297,-12],[-10,76]],[[8107,1381],[-16,150],[16,118],[-19,39],[-34,14],[-24,100],[-76,118],[-36,132],[18,44],[-9,97],[79,77],[42,90]],[[4339,1925],[-35,98],[68,104],[46,-53],[-8,128],[-278,7]],[[4034,1608],[227,134],[264,-178],[136,-3],[-126,-105],[14,-97],[-181,-19],[-334,268]],[[7261,815],[-21,131],[-87,65],[-51,-119],[-269,3],[56,-108],[-76,-93],[-57,76],[24,-224],[-92,47],[15,-102],[-212,-32],[21,82],[-133,53],[-86,-110],[-76,109],[212,96],[-9,88],[-157,26],[-78,186],[-282,40],[-48,-112],[-222,225],[-98,204]],[[5379,985],[81,-62],[147,159],[75,-206],[55,64],[-19,-98],[-34,3],[-25,57],[11,-84],[85,-18],[-22,-52],[57,36],[13,-80],[-294,66],[-130,215]],[[6189,782],[-72,-41],[34,75],[-55,8],[2,-138],[70,16],[-34,-99],[-82,-4],[18,99],[-100,-33],[23,158],[-69,-55],[24,-153],[-133,89],[-10,162],[239,10],[17,65],[128,-159]],[[8107,1381],[-70,-24],[-212,147],[-48,-49],[-29,150]],[[7501,2748],[327,-50]],[[7895,673],[70,22],[-69,-115]]],"transform":{"scale":[0.0005020484526569004,0.0004084175136748363],"translate":[-94.04178541076716,28.9396556870081]}}