{"type":"Topology","objects":{"Maryland.geo":{"type":"GeometryCollection","geometries":[{"type":"Polygon","properties":{"name":"Washington","fips":"24043"},"id":"Washington","arcs":[[0,1,2,3]]},{"type":"Polygon","properties":{"name":"Allegany","fips":"24001"},"id":"Allegany","arcs":[[4,5,-2,6]]},{"type":"Polygon","properties":{"name":"Cecil","fips":"24015"},"id":"Cecil","arcs":[[7,8,9,10]]},{"type":"Polygon","properties":{"name":"Garrett","fips":"24023"},"id":"Garrett","arcs":[[11,-5]]},{"type":"Polygon","properties":{"name":"Harford","fips":"24025"},"id":"Harford","arcs":[[12,13,-10,14]]},{"type":"Polygon","properties":{"name":"Carroll","fips":"24013"},"id":"Carroll","arcs":[[15,16,17,18]]},{"type":"Polygon","properties":{"name":"Baltimore","fips":"24005"},"id":"Baltimore","arcs":[[19,-19,20,-13,21,22,23]]},{"type":"Polygon","properties":{"name":"Frederick","fips":"24021"},"id":"Frederick","arcs":[[-4,24,-17,25,26]]},{"type":"Polygon","properties":{"name":"Kent","fips":"24029"},"id":"Kent","arcs":[[27,-8,28,29]]},{"type":"Polygon","properties":{"name":"Baltimore City","fips":"24510"},"id":"Baltimore City","arcs":[[30,-23,31]]},{"type":"Polygon","properties":{"name":"Howard","fips":"24027"},"id":"Howard","arcs":[[32,33,-16,-20,34]]},{"type":"Polygon","properties":{"name":"Montgomery","fips":"24031"},"id":"Montgomery","arcs":[[35,-26,-34,36]]},{"type":"MultiPolygon","properties":{"name":"Queen Anne's","fips":"24035"},"id":"Queen Anne's","arcs":[[[37,-30,38,39,40]],[[41]]]},{"type":"Polygon","properties":{"name":"Anne Arundel","fips":"24003"},"id":"Anne Arundel","arcs":[[-35,-24,-31,42,43,44]]},{"type":"Polygon","properties":{"name":"Caroline","fips":"24011"},"id":"Caroline","arcs":[[45,46,-40,47]]},{"type":"Polygon","properties":{"name":"Prince George's","fips":"24033"},"id":"Prince George's","arcs":[[-37,-33,-45,48,49,50]]},{"type":"Polygon","properties":{"name":"Talbot","fips":"24041"},"id":"Talbot","arcs":[[51,52,-41,-47]]},{"type":"Polygon","properties":{"name":"Calvert","fips":"24009"},"id":"Calvert","arcs":[[53,54,-49,-44,55]]},{"type":"Polygon","properties":{"name":"Charles","fips":"24017"},"id":"Charles","arcs":[[56,57,-50,-55]]},{"type":"Polygon","properties":{"name":"Dorchester","fips":"24019"},"id":"Dorchester","arcs":[[58,-52,-46,59,60]]},{"type":"Polygon","properties":{"name":"Wicomico","fips":"24045"},"id":"Wicomico","arcs":[[61,-61,62,63,64]]},{"type":"Polygon","properties":{"name":"St. Mary's","fips":"24037"},"id":"St. Mary's","arcs":[[-57,-54,65]]},{"type":"MultiPolygon","properties":{"name":"Worcester","fips":"24047"},"id":"Worcester","arcs":[[[66,-64,67]],[[68]],[[69]]]},{"type":"Polygon","properties":{"name":"Somerset","fips":"24039"},"id":"Somerset","arcs":[[-65,-67,70]]}]}},"arcs":[[[4074,7682],[-109,-5],[-51,51],[-9,67],[20,124],[-25,103],[43,101],[-8,42],[-36,123],[-102,41],[-6,44],[20,62],[-18,70],[42,-23],[-32,123],[63,99],[-121,-24],[-51,46],[51,57],[-8,98],[-15,-20],[-19,36],[-46,-99],[-12,178],[-45,70],[10,36],[73,5],[29,42],[-5,186],[-30,-18],[-74,82],[-5,-91],[-28,-26],[-80,126],[-20,-18],[27,-132],[-21,-33],[-44,144],[-69,-71],[-70,137],[-153,300],[-200,108],[-48,-106],[-52,-11],[-4,-88],[-64,-99],[-34,-130],[-169,127]],[[2569,9516],[20,31],[-32,54],[2,49],[47,-10],[0,62],[47,42],[-6,106],[-48,141]],[[2599,9991],[537,8],[1395,-33]],[[4531,9966],[-63,-184],[26,-28],[2,-83],[-68,-175],[-61,-31],[-59,-132],[-42,-344],[-55,-188],[-11,-375],[-126,-744]],[[957,8634],[302,1347]],[[1259,9981],[253,5],[974,3],[113,2]],[[2569,9516],[-20,-47],[-47,-6],[-15,-96],[-107,37],[63,-190],[-105,29],[-25,-68],[92,-179],[-56,-6],[-23,-83],[-57,-79],[-62,30],[-124,-23],[-91,83],[-73,-33],[-27,46],[-39,-6],[-113,129],[-37,97],[-64,30],[-28,112],[85,41],[12,73],[-4,31],[-79,-2],[-11,100],[-58,-76],[0,-88],[-54,-169],[35,-108],[-71,-20],[-73,-213],[-190,-373],[-34,-125],[-177,258],[-35,12]],[[8364,8049],[-101,-20],[-29,35],[-43,-37]],[[8191,8027],[-291,88],[59,436],[-50,301],[-127,262],[-106,-157]],[[7676,8957],[-105,338],[-64,113],[-19,156],[-134,248],[-27,166]],[[7327,9978],[212,3],[783,9],[42,-1941]],[[957,8634],[-14,-85],[-76,0],[18,-36],[-17,-99],[-61,-172],[-61,-18],[-11,-116],[-218,-256],[-44,-133],[-35,-141],[-115,-48],[-87,-130],[-145,-326],[-26,7],[-65,-90],[20,2978],[190,-5],[1049,17]],[[7033,8107],[-82,434],[-81,74],[-13,99],[-173,171],[-36,104],[-81,397],[3,583]],[[6570,9969],[757,9]],[[7676,8957],[-171,-800],[-162,-154],[-310,104]],[[5875,7757],[-50,83],[-49,-28],[-130,71],[-98,-61],[-50,58],[-59,-10],[-36,65],[-193,-89]],[[5210,7846],[138,820],[-91,220],[-41,16],[-14,150],[-73,106],[-23,-15],[-33,83],[-128,57],[-40,186],[79,-23],[18,154],[44,78],[26,126],[40,31],[-17,46],[10,91]],[[5105,9972],[504,1],[464,2]],[[6073,9975],[-197,-1345],[-14,-222],[-30,-114],[27,-75],[-26,-252],[37,-99],[5,-111]],[[6273,7051],[-28,70],[-46,17],[-23,67],[-100,110],[24,170],[-31,132],[-100,30],[-94,110]],[[6073,9975],[497,-6]],[[7033,8107],[-78,-923],[-298,65]],[[6657,7249],[10,712],[-427,8],[3,-514],[214,-247],[21,-62]],[[6478,7146],[-111,15],[-94,-110]],[[4531,9966],[26,2],[548,4]],[[5210,7846],[-647,-734]],[[4563,7112],[-7,60],[-65,118],[-108,109],[-61,168],[-107,7],[-141,108]],[[7602,6542],[-248,-146],[-39,216],[46,422],[239,663],[168,211],[423,119]],[[8364,8049],[18,-497],[7,-274]],[[8389,7278],[-52,25],[-58,-26],[-108,122],[-41,-68],[-31,19],[-31,-69],[-80,-20],[-79,31],[-22,-49],[-40,4],[-126,-223],[-3,-47],[49,-89],[-5,-90],[-78,-55],[-2,-80],[-80,-121]],[[6554,6995],[-76,151]],[[6657,7249],[-164,95],[88,-159],[-27,-190]],[[5954,6426],[-36,42],[-30,119],[-37,13]],[[5851,6600],[-142,28],[3,59],[-56,37],[15,62],[-84,44],[12,42],[-29,173],[-74,171],[-111,164],[-37,-13],[-61,57],[-22,130],[-45,65],[-29,116],[19,111]],[[6273,7051],[-24,-77],[-113,-153],[-95,-293],[-87,-102]],[[5584,5676],[-77,153],[-180,-349],[-67,186],[-206,63],[-27,295],[-155,199],[-49,34],[-195,-10],[-60,80],[-44,132],[-76,72],[-8,233],[86,111],[37,237]],[[5851,6600],[-267,-924]],[[7638,5571],[-42,-156],[-193,300],[199,827]],[[8389,7278],[19,-605]],[[8408,6673],[-12,-28],[-90,14],[-88,-134],[-36,-131],[-1,-90],[-64,-153],[-21,-149],[-64,-114],[-62,-202],[-5,-287]],[[7965,5399],[-327,172]],[[7193,5341],[-3,341],[-100,-62],[55,-84],[-18,-170],[-45,68],[29,-274],[-103,-124],[42,593],[128,469],[116,-351],[3,-315],[-60,146],[-44,-237]],[[6554,6995],[-68,-97],[27,-127],[71,214],[315,-444],[-109,-1197],[-173,-850],[54,-281]],[[6671,4213],[-225,67],[-9,210],[-18,41],[-117,-52],[-12,-57]],[[6290,4422],[-50,159],[21,90],[-16,101],[96,522],[-48,143],[35,49],[-41,114],[-7,201],[-63,89],[-69,182],[-86,71],[-40,99],[-55,11],[12,139],[-25,34]],[[8503,3870],[-118,165],[-89,13],[-14,83],[-66,31],[-134,-26],[-57,-115],[-78,-28]],[[7947,3993],[-134,319],[66,254],[51,68],[19,-24],[126,197],[-16,70],[-45,30],[13,70],[-28,26],[14,54],[-55,144],[7,198]],[[8408,6673],[63,-1774],[32,-1029]],[[6290,4422],[-16,-224],[22,-388],[40,-274],[-1,-336]],[[6335,3200],[-139,134],[-51,386],[-235,212],[-124,-37],[-115,53],[-96,-84],[-89,-152],[-93,469]],[[5393,4181],[25,64],[56,-19],[24,39],[2,395],[302,580],[-218,436]],[[7947,3993],[-2,-114],[-51,-133],[-16,-188],[-97,-130]],[[7781,3428],[8,286],[-42,-172],[-65,108],[-109,553],[-112,7],[-111,306],[-98,40],[-159,-516],[-29,112],[176,769],[173,-391],[66,133],[116,551],[87,24],[-61,48],[17,285]],[[6396,2736],[-32,188],[-40,67]],[[6324,2991],[11,209]],[[6671,4213],[37,-1069],[276,-745],[-44,-258],[-36,-145],[-113,86],[-109,425],[-286,229]],[[6324,2991],[-47,-1],[-41,91],[-34,13],[-113,-27],[-94,-336],[-17,-153],[-70,-178]],[[5908,2400],[-100,-522],[-145,178],[-66,546],[-491,-206],[-79,130],[-49,419],[332,917],[11,169],[72,150]],[[8140,2205],[-33,104],[-142,-532],[-102,3],[-57,224],[-101,-359],[-515,1014],[6,238],[224,368],[-132,295],[493,-132]],[[8503,3870],[8,-524]],[[8511,3346],[-27,-58],[-52,-22],[-43,-187],[-129,-130],[6,-119],[-31,-17],[-18,-84],[30,-35],[6,-59],[-46,-50],[-19,-108],[23,-91],[-64,-42],[-7,-139]],[[8316,1672],[-227,-27],[51,560]],[[8511,3346],[18,-538],[786,-45]],[[9315,2763],[48,-237],[-19,-167],[46,-170],[-23,-110],[-81,-110],[-15,-146],[-548,-107]],[[8723,1716],[-34,79],[-86,47],[-52,-39],[-49,-146],[-42,-8],[-15,88],[-80,60],[-49,-125]],[[6396,2736],[683,-1352],[31,-953],[-556,1007],[-412,67],[-234,895]],[[8693,150],[-6,70],[-76,170],[6,62],[30,-29],[31,37],[30,144],[54,-46],[57,114],[57,8],[-20,181],[-51,62],[-5,46],[60,217],[-125,354],[-12,176]],[[9315,2763],[578,-27],[-140,-460],[10,-546],[-252,-412],[-249,-755],[2,-298],[-571,-115]],[[9949,2733],[50,-2],[-94,-721],[44,723]],[[9493,327],[59,59],[79,321],[101,630],[158,657],[-177,-1116],[-156,-545],[-64,-6]],[[8693,150],[-49,-150],[-489,54],[216,670],[-289,443],[135,322],[-53,49],[152,134]]],"transform":{"scale":[0.00044446862808074226,0.0001755381715456642],"translate":[-79.48986480535004,37.97025488686793]}}