{"type":"Topology","objects":{"Missouri.geo":{"type":"GeometryCollection","geometries":[{"type":"Polygon","properties":{"name":"Clark","fips":"29045"},"id":"Clark","arcs":[[0,1,2,3]]},{"type":"Polygon","properties":{"name":"Scotland","fips":"29199"},"id":"Scotland","arcs":[[4,5,6,7,-2]]},{"type":"Polygon","properties":{"name":"Schuyler","fips":"29197"},"id":"Schuyler","arcs":[[8,9,10,-7]]},{"type":"Polygon","properties":{"name":"Putnam","fips":"29171"},"id":"Putnam","arcs":[[11,12,13,14,-10]]},{"type":"Polygon","properties":{"name":"Atchison","fips":"29005"},"id":"Atchison","arcs":[[15,16,17]]},{"type":"Polygon","properties":{"name":"Nodaway","fips":"29147"},"id":"Nodaway","arcs":[[18,-18,19,20,21,22]]},{"type":"Polygon","properties":{"name":"Mercer","fips":"29129"},"id":"Mercer","arcs":[[23,24,25,26,-14]]},{"type":"Polygon","properties":{"name":"Harrison","fips":"29081"},"id":"Harrison","arcs":[[27,28,-26,29,30,31]]},{"type":"Polygon","properties":{"name":"Worth","fips":"29227"},"id":"Worth","arcs":[[-28,32,-21,33]]},{"type":"Polygon","properties":{"name":"Gentry","fips":"29075"},"id":"Gentry","arcs":[[34,-22,-33,-32,35,36]]},{"type":"Polygon","properties":{"name":"Sullivan","fips":"29211"},"id":"Sullivan","arcs":[[37,38,-24,-13,39]]},{"type":"Polygon","properties":{"name":"Adair","fips":"29001"},"id":"Adair","arcs":[[40,-40,-12,-9,-6,41]]},{"type":"Polygon","properties":{"name":"Knox","fips":"29103"},"id":"Knox","arcs":[[42,-42,-5,-1,43,44]]},{"type":"Polygon","properties":{"name":"Holt","fips":"29087"},"id":"Holt","arcs":[[45,46,-16,-19]]},{"type":"Polygon","properties":{"name":"Grundy","fips":"29079"},"id":"Grundy","arcs":[[47,48,49,-30,-25,-39]]},{"type":"Polygon","properties":{"name":"Lewis","fips":"29111"},"id":"Lewis","arcs":[[50,-44,-4,51,52]]},{"type":"Polygon","properties":{"name":"Daviess","fips":"29061"},"id":"Daviess","arcs":[[-36,-31,-50,53,54,55]]},{"type":"Polygon","properties":{"name":"Andrew","fips":"29003"},"id":"Andrew","arcs":[[56,-46,-23,-35,57,58]]},{"type":"Polygon","properties":{"name":"DeKalb","fips":"29063"},"id":"DeKalb","arcs":[[59,60,61,-58,-37,-56]]},{"type":"Polygon","properties":{"name":"Macon","fips":"29121"},"id":"Macon","arcs":[[62,-41,-43,63,64,65]]},{"type":"Polygon","properties":{"name":"Linn","fips":"29115"},"id":"Linn","arcs":[[-63,66,67,-48,-38]]},{"type":"Polygon","properties":{"name":"Livingston","fips":"29117"},"id":"Livingston","arcs":[[68,69,-54,-49,-68,70]]},{"type":"Polygon","properties":{"name":"Shelby","fips":"29205"},"id":"Shelby","arcs":[[-45,-51,71,72,-64]]},{"type":"Polygon","properties":{"name":"Marion","fips":"29127"},"id":"Marion","arcs":[[-72,-53,73,74,75]]},{"type":"Polygon","properties":{"name":"Buchanan","fips":"29021"},"id":"Buchanan","arcs":[[76,77,-59,-62,78]]},{"type":"Polygon","properties":{"name":"Caldwell","fips":"29025"},"id":"Caldwell","arcs":[[79,80,-60,-55,-70,81]]},{"type":"Polygon","properties":{"name":"Clinton","fips":"29049"},"id":"Clinton","arcs":[[82,83,-79,-61,-81,84]]},{"type":"Polygon","properties":{"name":"Chariton","fips":"29041"},"id":"Chariton","arcs":[[85,86,87,88,-71,-67,-66]]},{"type":"Polygon","properties":{"name":"Ralls","fips":"29173"},"id":"Ralls","arcs":[[89,90,-75,91,92]]},{"type":"Polygon","properties":{"name":"Monroe","fips":"29137"},"id":"Monroe","arcs":[[-91,93,94,-73,-76]]},{"type":"Polygon","properties":{"name":"Carroll","fips":"29033"},"id":"Carroll","arcs":[[95,96,-82,-69,-89,97]]},{"type":"Polygon","properties":{"name":"Randolph","fips":"29175"},"id":"Randolph","arcs":[[-86,-65,-95,98,99,100]]},{"type":"Polygon","properties":{"name":"Pike","fips":"29163"},"id":"Pike","arcs":[[101,-93,102,103,104]]},{"type":"Polygon","properties":{"name":"Platte","fips":"29165"},"id":"Platte","arcs":[[-77,-84,105,106]]},{"type":"Polygon","properties":{"name":"Ray","fips":"29177"},"id":"Ray","arcs":[[107,108,109,-85,-80,-97]]},{"type":"Polygon","properties":{"name":"Clay","fips":"29047"},"id":"Clay","arcs":[[110,111,-106,-83,-110]]},{"type":"Polygon","properties":{"name":"Saline","fips":"29195"},"id":"Saline","arcs":[[112,-98,-88,113,114,115]]},{"type":"Polygon","properties":{"name":"Audrain","fips":"29007"},"id":"Audrain","arcs":[[-99,-94,-90,-102,116,117,118]]},{"type":"Polygon","properties":{"name":"Howard","fips":"29089"},"id":"Howard","arcs":[[119,120,-114,-87,-101]]},{"type":"Polygon","properties":{"name":"Lafayette","fips":"29107"},"id":"Lafayette","arcs":[[121,122,-108,-96,-113,123]]},{"type":"Polygon","properties":{"name":"Boone","fips":"29019"},"id":"Boone","arcs":[[124,125,-120,-100,-119,126,127]]},{"type":"Polygon","properties":{"name":"Jackson","fips":"29095"},"id":"Jackson","arcs":[[128,-111,-109,-123,129,130]]},{"type":"Polygon","properties":{"name":"Lincoln","fips":"29113"},"id":"Lincoln","arcs":[[131,132,-104,133,134]]},{"type":"Polygon","properties":{"name":"Montgomery","fips":"29139"},"id":"Montgomery","arcs":[[135,136,-117,-105,-133,137]]},{"type":"Polygon","properties":{"name":"Callaway","fips":"29027"},"id":"Callaway","arcs":[[-127,-118,-137,138,139,140]]},{"type":"Polygon","properties":{"name":"Cooper","fips":"29053"},"id":"Cooper","arcs":[[-115,-121,-126,141,142,143]]},{"type":"Polygon","properties":{"name":"Warren","fips":"29219"},"id":"Warren","arcs":[[144,145,-138,-132,146]]},{"type":"Polygon","properties":{"name":"St. Charles","fips":"29183"},"id":"St. Charles","arcs":[[147,-147,-135,148,149]]},{"type":"Polygon","properties":{"name":"Pettis","fips":"29159"},"id":"Pettis","arcs":[[150,151,152,-124,-116,-144,153]]},{"type":"Polygon","properties":{"name":"Johnson","fips":"29101"},"id":"Johnson","arcs":[[154,155,-130,-122,-153]]},{"type":"Polygon","properties":{"name":"Moniteau","fips":"29135"},"id":"Moniteau","arcs":[[156,157,-142,-125,158]]},{"type":"Polygon","properties":{"name":"St. Louis","fips":"29189"},"id":"St. Louis","arcs":[[159,-150,160,161,162]]},{"type":"Polygon","properties":{"name":"Cass","fips":"29037"},"id":"Cass","arcs":[[163,-131,-156,164,165]]},{"type":"Polygon","properties":{"name":"St. Louis City","fips":"29510"},"id":"St. Louis City","arcs":[[-161,166]]},{"type":"Polygon","properties":{"name":"Cole","fips":"29051"},"id":"Cole","arcs":[[167,168,-159,-128,-141]]},{"type":"Polygon","properties":{"name":"Gasconade","fips":"29073"},"id":"Gasconade","arcs":[[169,170,171,172,-139,-136,-146,173]]},{"type":"Polygon","properties":{"name":"Osage","fips":"29151"},"id":"Osage","arcs":[[174,-168,-140,-173,175]]},{"type":"Polygon","properties":{"name":"Franklin","fips":"29071"},"id":"Franklin","arcs":[[176,177,-174,-145,-148,-160,178]]},{"type":"Polygon","properties":{"name":"Morgan","fips":"29141"},"id":"Morgan","arcs":[[179,-154,-143,-158,180,181]]},{"type":"Polygon","properties":{"name":"Henry","fips":"29083"},"id":"Henry","arcs":[[182,-165,-155,-152,183,184]]},{"type":"Polygon","properties":{"name":"Benton","fips":"29015"},"id":"Benton","arcs":[[185,-184,-151,-180,186,187]]},{"type":"Polygon","properties":{"name":"Jefferson","fips":"29099"},"id":"Jefferson","arcs":[[188,-179,-163,189,190,191]]},{"type":"Polygon","properties":{"name":"Bates","fips":"29013"},"id":"Bates","arcs":[[192,-166,-183,193,194]]},{"type":"Polygon","properties":{"name":"Miller","fips":"29131"},"id":"Miller","arcs":[[195,-181,-157,-169,-175,196,197]]},{"type":"Polygon","properties":{"name":"Maries","fips":"29125"},"id":"Maries","arcs":[[-197,-176,-172,198,199]]},{"type":"Polygon","properties":{"name":"Camden","fips":"29029"},"id":"Camden","arcs":[[200,-187,-182,-196,201,202,203]]},{"type":"Polygon","properties":{"name":"St. Clair","fips":"29185"},"id":"St. Clair","arcs":[[204,-194,-185,-186,205,206,207]]},{"type":"Polygon","properties":{"name":"Crawford","fips":"29055"},"id":"Crawford","arcs":[[208,209,210,-170,-178,211]]},{"type":"Polygon","properties":{"name":"Washington","fips":"29221"},"id":"Washington","arcs":[[212,-212,-177,-189,213]]},{"type":"Polygon","properties":{"name":"Phelps","fips":"29161"},"id":"Phelps","arcs":[[-199,-171,-211,214,215,216]]},{"type":"Polygon","properties":{"name":"Ste. Genevieve","fips":"29186"},"id":"Ste. Genevieve","arcs":[[217,-191,218,219]]},{"type":"Polygon","properties":{"name":"St. Francois","fips":"29187"},"id":"St. Francois","arcs":[[220,221,-214,-192,-218,222]]},{"type":"Polygon","properties":{"name":"Hickory","fips":"29085"},"id":"Hickory","arcs":[[223,-206,-188,-201,224]]},{"type":"Polygon","properties":{"name":"Vernon","fips":"29217"},"id":"Vernon","arcs":[[225,-195,-205,226,227]]},{"type":"Polygon","properties":{"name":"Pulaski","fips":"29169"},"id":"Pulaski","arcs":[[228,-202,-198,-200,-217,229]]},{"type":"Polygon","properties":{"name":"Perry","fips":"29157"},"id":"Perry","arcs":[[-223,-220,230,231,232,233]]},{"type":"Polygon","properties":{"name":"Dallas","fips":"29059"},"id":"Dallas","arcs":[[-225,-204,234,235,236,237]]},{"type":"Polygon","properties":{"name":"Cedar","fips":"29039"},"id":"Cedar","arcs":[[238,239,-227,-208,240]]},{"type":"Polygon","properties":{"name":"Laclede","fips":"29105"},"id":"Laclede","arcs":[[241,-235,-203,-229,242,243]]},{"type":"Polygon","properties":{"name":"Polk","fips":"29167"},"id":"Polk","arcs":[[244,-241,-207,-224,-238,245]]},{"type":"Polygon","properties":{"name":"Dent","fips":"29065"},"id":"Dent","arcs":[[246,-215,-210,247,248,249]]},{"type":"Polygon","properties":{"name":"Iron","fips":"29093"},"id":"Iron","arcs":[[250,251,252,-248,-209,-213,-222]]},{"type":"Polygon","properties":{"name":"Barton","fips":"29011"},"id":"Barton","arcs":[[253,254,-228,-240,255]]},{"type":"Polygon","properties":{"name":"Madison","fips":"29123"},"id":"Madison","arcs":[[256,-251,-221,-234,257]]},{"type":"Polygon","properties":{"name":"Texas","fips":"29215"},"id":"Texas","arcs":[[258,259,-243,-230,-216,-247,260,261]]},{"type":"Polygon","properties":{"name":"Reynolds","fips":"29179"},"id":"Reynolds","arcs":[[262,263,264,-249,-253]]},{"type":"Polygon","properties":{"name":"Bollinger","fips":"29017"},"id":"Bollinger","arcs":[[265,266,-258,-233,267]]},{"type":"Polygon","properties":{"name":"Cape Girardeau","fips":"29031"},"id":"Cape Girardeau","arcs":[[-232,268,269,270,-268]]},{"type":"Polygon","properties":{"name":"Dade","fips":"29057"},"id":"Dade","arcs":[[271,-256,-239,-245,272,273]]},{"type":"Polygon","properties":{"name":"Webster","fips":"29225"},"id":"Webster","arcs":[[274,275,-236,-242,276,277]]},{"type":"Polygon","properties":{"name":"Wright","fips":"29229"},"id":"Wright","arcs":[[-260,278,-277,-244]]},{"type":"Polygon","properties":{"name":"Greene","fips":"29077"},"id":"Greene","arcs":[[-273,-246,-237,-276,279,280]]},{"type":"Polygon","properties":{"name":"Shannon","fips":"29203"},"id":"Shannon","arcs":[[-261,-250,-265,281,282,283]]},{"type":"Polygon","properties":{"name":"Jasper","fips":"29097"},"id":"Jasper","arcs":[[284,-254,-272,285,286]]},{"type":"Polygon","properties":{"name":"Wayne","fips":"29223"},"id":"Wayne","arcs":[[287,-263,-252,-257,-267,288,289]]},{"type":"Polygon","properties":{"name":"Lawrence","fips":"29109"},"id":"Lawrence","arcs":[[290,-286,-274,-281,291,292,293]]},{"type":"Polygon","properties":{"name":"Scott","fips":"29201"},"id":"Scott","arcs":[[294,-270,295,296,297]]},{"type":"Polygon","properties":{"name":"Stoddard","fips":"29207"},"id":"Stoddard","arcs":[[-289,-266,-271,-295,298,299,300]]},{"type":"Polygon","properties":{"name":"Carter","fips":"29035"},"id":"Carter","arcs":[[-282,-264,-288,301,302,303]]},{"type":"Polygon","properties":{"name":"Christian","fips":"29043"},"id":"Christian","arcs":[[-292,-280,-275,304,305,306]]},{"type":"Polygon","properties":{"name":"Mississippi","fips":"29133"},"id":"Mississippi","arcs":[[307,-297,308]]},{"type":"Polygon","properties":{"name":"Douglas","fips":"29067"},"id":"Douglas","arcs":[[-305,-278,-279,-259,309,310,311]]},{"type":"Polygon","properties":{"name":"Newton","fips":"29145"},"id":"Newton","arcs":[[312,-287,-291,313,314]]},{"type":"Polygon","properties":{"name":"Howell","fips":"29091"},"id":"Howell","arcs":[[-310,-262,-284,315,316,317]]},{"type":"Polygon","properties":{"name":"Stone","fips":"29209"},"id":"Stone","arcs":[[318,-293,-307,319,320]]},{"type":"Polygon","properties":{"name":"Barry","fips":"29009"},"id":"Barry","arcs":[[-319,321,322,-314,-294]]},{"type":"Polygon","properties":{"name":"Butler","fips":"29023"},"id":"Butler","arcs":[[323,324,325,-302,-290,-301]]},{"type":"Polygon","properties":{"name":"Oregon","fips":"29149"},"id":"Oregon","arcs":[[-316,-283,-304,326,327]]},{"type":"Polygon","properties":{"name":"New Madrid","fips":"29143"},"id":"New Madrid","arcs":[[-299,-298,-308,328,329,330]]},{"type":"Polygon","properties":{"name":"Ripley","fips":"29181"},"id":"Ripley","arcs":[[-327,-303,-326,331]]},{"type":"Polygon","properties":{"name":"Taney","fips":"29213"},"id":"Taney","arcs":[[332,333,-320,-306,-312]]},{"type":"Polygon","properties":{"name":"Ozark","fips":"29153"},"id":"Ozark","arcs":[[-333,-311,-318,334]]},{"type":"Polygon","properties":{"name":"McDonald","fips":"29119"},"id":"McDonald","arcs":[[-315,-323,335]]},{"type":"Polygon","properties":{"name":"Dunklin","fips":"29069"},"id":"Dunklin","arcs":[[-324,-300,-331,336,337]]},{"type":"Polygon","properties":{"name":"Pemiscot","fips":"29155"},"id":"Pemiscot","arcs":[[-337,-330,338]]}]}},"arcs":[[[5725,9238],[-3,98]],[[5722,9336],[13,660]],[[5735,9996],[307,3],[37,-35],[41,-27],[-4,-64],[105,-40],[8,-61],[47,-44],[10,-45],[69,-18],[-9,-31],[14,-13],[3,-54],[41,-11],[15,-31],[20,1],[43,-42],[-58,-135],[-18,-126]],[[6406,9223],[-681,15]],[[5722,9336],[-595,-3]],[[5127,9333],[-7,94]],[[5120,9427],[-8,550]],[[5112,9977],[252,1],[371,18]],[[5120,9427],[-502,-9]],[[4618,9418],[-8,104],[5,11],[22,-8],[7,33],[-57,69],[3,78],[32,23],[-8,49],[16,15],[-50,22],[39,40],[-10,54],[-39,19],[7,28]],[[4577,9955],[107,4],[428,18]],[[4618,9418],[-257,-3]],[[4361,9415],[4,89],[-745,-4],[-24,22]],[[3596,9522],[2,414]],[[3598,9936],[404,8],[575,11]],[[870,9257],[-539,-2]],[[331,9255],[-73,95],[-77,-2],[2,29],[41,20],[3,32],[-27,27],[-4,81],[-88,193],[16,58],[40,39],[-7,62],[-19,15],[-18,-10],[-7,-80],[-67,17],[-40,38],[-6,85],[578,-10],[248,-5]],[[826,9939],[0,-225],[49,-3],[-5,-454]],[[1062,8970],[-38,105],[14,115],[-16,58],[-152,9]],[[826,9939],[445,-10],[421,-4]],[[1692,9925],[0,-219],[32,-2],[2,-180],[14,0]],[[1740,9524],[-18,-564]],[[1722,8960],[-660,10]],[[3596,9522],[-4,-273]],[[3592,9249],[-595,0]],[[2997,9249],[-2,439],[-20,1],[-2,242]],[[2973,9931],[336,5],[289,0]],[[2318,9516],[3,183],[-28,3],[2,213]],[[2295,9915],[331,7],[347,9]],[[2997,9249],[-4,-282]],[[2993,8967],[-676,12]],[[2317,8979],[1,537]],[[2318,9516],[-578,8]],[[1692,9925],[232,-3],[371,-7]],[[1723,8774],[-1,186]],[[2317,8979],[-5,-216]],[[2312,8763],[-589,11]],[[4372,8758],[-775,-11]],[[3597,8747],[-5,502]],[[4361,9415],[0,-650],[11,-7]],[[5127,8767],[-755,-9]],[[5127,9333],[0,-566]],[[5221,8575],[-88,4],[-6,188]],[[5725,9238],[-12,-663]],[[5713,8575],[-492,0]],[[1062,8970],[-16,-133],[76,-72],[-6,-69],[18,-41],[9,-90],[-14,-32],[75,-68]],[[1204,8465],[-85,-9],[-17,-41],[-45,-25],[-56,8],[-75,82],[-65,5],[-21,60],[-50,9],[-101,124],[-55,55],[-39,9],[-29,32],[-35,9],[15,70],[29,33],[-13,43],[-44,35],[-58,92],[-8,85],[-16,29],[-105,85]],[[3597,8747],[3,-146]],[[3600,8601],[-600,-17]],[[3000,8584],[-7,383]],[[5882,8570],[-169,5]],[[6406,9223],[-11,-110],[-15,-142],[18,-147],[25,-132],[61,-129]],[[6484,8563],[-602,7]],[[3000,8584],[1,-376]],[[3001,8208],[-670,6]],[[2331,8214],[6,547],[-25,2]],[[1319,8284],[-15,24],[-38,10],[-19,35],[-2,101],[-41,11]],[[1723,8774],[3,-498]],[[1726,8276],[-407,8]],[[2331,8214],[-3,-96]],[[2328,8118],[-600,-1]],[[1728,8117],[-2,159]],[[4366,8029],[6,729]],[[5221,8575],[-18,-742]],[[5203,7833],[-604,0]],[[4599,7833],[19,180],[-252,16]],[[4366,8029],[-622,10]],[[3744,8039],[-152,1],[8,561]],[[3722,7845],[-718,-9]],[[3004,7836],[-3,372]],[[3744,8039],[-20,-26],[-6,-43],[12,-26],[-15,-15],[31,-38],[4,-29],[-28,-17]],[[5882,8570],[-4,-624]],[[5878,7946],[-504,5],[-6,-120],[-165,2]],[[6484,8563],[25,-53],[-6,-43],[-25,-36],[3,-48],[101,-128],[12,-92],[10,-80],[74,-83]],[[6678,8000],[-606,0],[-2,-58]],[[6070,7942],[-192,4]],[[1730,7671],[-731,-3]],[[999,7668],[-11,61],[83,56],[-3,84],[41,79],[75,50],[25,101],[13,10],[34,-20],[37,-1],[42,27],[10,32],[-9,14],[-67,-6],[-20,38],[3,16],[51,24],[16,51]],[[1728,8117],[2,-446]],[[3004,7657],[-678,-2]],[[2326,7655],[2,463]],[[3004,7836],[0,-179]],[[2323,7501],[-587,-6]],[[1736,7495],[-6,176]],[[2326,7655],[-3,-154]],[[4599,7833],[-16,-616]],[[4583,7217],[-121,44],[-99,-266]],[[4363,6995],[-13,20],[-76,-9],[-26,76],[-42,39],[-8,60],[-138,31],[-61,124],[-28,6]],[[3971,7342],[-19,75],[-55,13],[-35,27],[-39,-14],[-7,22],[-33,3],[18,24],[0,45],[-34,-21],[-43,4],[18,26],[-11,33],[13,24],[-33,88],[42,1],[-11,10],[0,74],[-20,69]],[[6488,7211],[-404,12],[-15,28]],[[6069,7251],[13,572],[-11,1],[-1,118]],[[6678,8000],[172,-186]],[[6850,7814],[-394,-310],[32,-293]],[[6069,7251],[-887,16]],[[5182,7267],[21,566]],[[3420,7131],[-23,-29],[10,-89],[-25,-24],[-86,5],[-37,37],[-69,23],[-26,-3],[-20,-34],[-65,-43],[-78,-13]],[[3001,6961],[3,696]],[[3971,7342],[-36,-1],[-39,53],[-34,1],[-9,-82],[-39,-75],[-22,-11],[-34,18],[-52,-57],[-74,-21],[-7,-15],[23,-77],[-16,-29],[-47,-34],[-44,-1],[-16,13],[8,61],[-51,5],[-32,44],[-30,-3]],[[5182,7267],[-4,-212]],[[5178,7055],[-174,2]],[[5004,7057],[-421,160]],[[6528,6835],[-40,376]],[[6850,7814],[70,-103],[94,-51],[44,-119],[42,-64],[133,-95],[146,-108],[107,-116],[62,-107],[9,-49]],[[7557,7002],[-682,4],[-10,-181],[-108,1]],[[6757,6826],[-229,9]],[[1736,7495],[-3,-652]],[[1733,6843],[-50,15],[-44,36],[-83,-8],[-89,55],[-46,31],[-19,110],[-72,52],[-40,80],[-5,37],[19,88],[-41,1],[-49,66],[-41,60],[-82,51],[-11,48],[-81,103]],[[3001,6961],[-144,14],[-75,-63],[-33,-9],[-31,-57],[-38,-18],[-37,23],[37,76],[-20,32],[-77,-37],[14,-72],[-12,-19],[-42,-21],[-59,14]],[[2484,6824],[-55,77],[-57,14],[19,47],[-29,18],[-37,-18]],[[2325,6962],[-2,539]],[[2325,6962],[-51,54],[-70,8],[-107,-152],[-43,59],[-25,7],[6,-76],[-62,-74],[-49,40],[-46,15],[-91,-66],[-47,-18]],[[1740,6759],[10,62],[-17,22]],[[3400,6387],[20,744]],[[4363,6995],[-3,-31],[-80,-90],[-14,-60],[-36,-49],[-2,-35],[53,-22],[-36,-66]],[[4245,6642],[-172,-179],[-3,-98]],[[4070,6365],[-670,22]],[[6528,6835],[-331,2],[-8,-186]],[[6189,6651],[-703,9]],[[5486,6660],[11,379],[-319,16]],[[5004,7057],[-199,-537],[-1,-74]],[[4804,6446],[-227,26],[-127,-13],[-78,11],[-46,56],[-46,20],[-35,96]],[[3396,6360],[-504,15],[-3,-64],[-417,16]],[[2472,6327],[12,497]],[[3400,6387],[-4,-27]],[[5061,5944],[-22,53],[26,66],[-1,45],[-60,26],[-62,87],[-38,117]],[[4904,6338],[-100,108]],[[5486,6660],[-38,-11],[-27,-288],[-23,-68],[18,-28],[-7,-29],[29,-120],[-65,-168],[-48,-47],[-8,-43],[38,-34],[9,-48],[-40,-43]],[[5324,5733],[-70,27],[-38,33],[-96,18],[9,93],[-68,40]],[[1733,6163],[5,449],[2,147]],[[2472,6327],[-8,-178]],[[2464,6149],[-731,14]],[[7212,6237],[-232,6],[-3,119],[-123,9],[2,129],[-105,7]],[[6751,6507],[6,319]],[[7557,7002],[21,-63],[2,-112],[40,-109],[-26,-77],[2,-44],[56,-222]],[[7652,6375],[-38,-6],[-3,-31],[-21,3],[4,-24],[-40,19],[3,30],[-84,-20],[-26,-23],[-12,-69],[-101,24],[-88,-6],[-29,17],[-5,-52]],[[6517,5894],[-103,-20],[-102,-54],[-49,9],[-89,47]],[[6174,5876],[15,775]],[[6751,6507],[-9,-330],[-215,10],[-10,-293]],[[6174,5876],[0,-2]],[[6174,5874],[-131,5],[-30,-30],[-62,-27],[-80,-9],[-149,-169]],[[5722,5644],[-45,-15],[-73,-55],[-103,-7],[-103,43],[-42,43],[-32,80]],[[4904,6338],[-182,-500],[-333,0]],[[4389,5838],[-333,20]],[[4056,5858],[14,507]],[[7202,5533],[-68,36],[-70,95],[-43,6],[-80,-20],[-94,25],[-30,29],[-34,69],[-73,68],[-57,30],[-61,-7]],[[6592,5864],[-75,30]],[[7212,6237],[-10,-704]],[[7548,5724],[-69,-123],[-27,15],[-31,-6],[-134,-89],[-85,12]],[[7652,6375],[62,-118],[86,-20],[60,44],[91,146],[85,7],[140,-81],[61,-1],[53,-22],[166,-133],[30,-49],[-13,-65]],[[8473,6083],[-20,48],[-97,5],[-91,67],[-42,64],[-45,9],[-30,-25],[-33,-97],[-64,-16],[-46,12],[-28,-10],[-57,-146],[-66,-77],[-20,-68],[-82,-22],[-56,24],[-61,-32],[-13,-43],[-74,-52]],[[4044,5506],[-300,14],[-5,-68],[-357,10]],[[3382,5462],[-3,92]],[[3379,5554],[17,806]],[[4056,5858],[-12,-352]],[[3379,5554],[-831,22]],[[2548,5576],[-80,4],[5,184],[-16,3],[7,382]],[[4910,5272],[-195,9]],[[4715,5281],[-328,365],[2,192]],[[5061,5944],[-151,-672]],[[7546,5354],[2,370]],[[8473,6083],[-74,-30],[-32,-56],[-71,-66],[-95,-129],[-20,-196],[83,-102]],[[8264,5504],[-7,-30],[-54,-198],[-57,-79]],[[8146,5197],[-16,67],[18,58],[-104,18],[-19,49],[17,13],[-1,31],[-276,2],[-31,-61],[-66,19],[-17,-84],[-23,1],[-8,49],[-74,-5]],[[1724,5371],[8,575],[1,217]],[[2548,5576],[-2,-270]],[[2546,5306],[-46,24],[-24,-14],[-28,13],[-55,-27],[-49,4],[-47,9],[-10,24],[-47,-3],[-66,22],[-450,13]],[[8473,6083],[-20,-32],[-43,-27],[-49,-106],[-9,-51],[28,-90],[0,-105],[-86,-103],[-30,-65]],[[5722,5644],[-111,-96],[24,-99],[-33,-70],[-60,-11],[-52,-29],[-51,25],[-36,-1],[12,-62],[47,-53],[5,-42],[-20,-29],[-61,-11],[-21,-30],[-5,-64]],[[5360,5072],[-54,3],[-36,-21],[-40,20],[-189,7],[7,182],[-138,9]],[[6589,4807],[-245,5],[-4,-121]],[[6340,4691],[-143,0]],[[6197,4691],[-21,1],[1,286]],[[6177,4978],[-3,896]],[[6592,5864],[8,-611],[-11,-446]],[[5360,4975],[0,97]],[[6177,4978],[-817,-3]],[[7481,4801],[-480,-8]],[[7001,4793],[-363,-1],[-50,2],[1,13]],[[7546,5354],[-2,-152],[-63,-401]],[[4031,4928],[13,578]],[[4715,5281],[-18,-180],[-84,-3],[-11,-270]],[[4602,4828],[-72,-7],[-19,-51],[-297,1],[42,50],[-6,26],[-20,2],[-28,-18],[-34,-69],[-22,-13],[-20,17],[0,22],[35,34],[-37,67],[-55,39],[-38,0]],[[2573,4811],[-39,3],[12,492]],[[3382,5462],[-17,-660]],[[3365,4802],[-66,26],[-10,-17],[17,-25],[-488,17],[-32,-11],[-19,16],[-194,3]],[[3388,4507],[3,247],[-22,4],[-4,44]],[[4031,4928],[-4,-177],[26,-4],[8,-21],[-8,-244]],[[4053,4482],[-665,25]],[[7697,4525],[-28,12],[2,32],[-43,-12],[-4,38],[-143,206]],[[8146,5197],[-29,-55],[-16,-91],[7,-193],[42,-99],[71,-47],[53,-97]],[[8274,4615],[-64,-65],[-49,17],[-128,-118]],[[8033,4449],[-282,-92],[-32,15],[17,24],[-8,57],[13,56],[-44,16]],[[1726,4472],[-2,727],[0,172]],[[2573,4811],[-18,-383]],[[2555,4428],[-35,-3],[-28,34],[-19,-19],[-26,33],[-24,-9],[-19,11],[-49,-40],[-15,23],[-40,-43],[-29,-8],[5,56],[-550,9]],[[5047,4396],[-168,9],[-2,22],[-56,31],[-6,27],[-25,4],[0,69],[-22,4],[1,27],[-15,1],[0,54],[-16,3],[2,69],[-47,6],[-5,77],[-86,29]],[[5360,4975],[-5,-267],[25,-2],[-8,-318]],[[5372,4388],[-325,8]],[[6197,4691],[-2,-228],[-396,4],[-31,-13],[-14,-25],[-38,12],[-24,-66],[-84,1]],[[5608,4376],[-236,12]],[[4042,4130],[11,352]],[[5047,4396],[-5,-345]],[[5042,4051],[-56,-35],[-3,-33],[-62,16],[-16,-33],[-85,-50],[-20,40],[-38,32],[-40,126],[-358,6]],[[4364,4120],[-322,10]],[[2543,4125],[12,303]],[[3388,4507],[-18,-342],[-86,3],[-5,-198]],[[3279,3970],[-82,4]],[[3197,3974],[-281,15],[2,121],[-375,15]],[[6989,3787],[-68,-3],[0,-90],[-12,-1]],[[6909,3693],[-236,12],[4,177],[-326,8]],[[6351,3890],[6,796],[-17,5]],[[7001,4793],[-12,-1006]],[[7680,3778],[-691,9]],[[7697,4525],[-17,-747]],[[6351,3890],[-421,0],[9,-87],[-13,-71],[-2,-249]],[[5924,3483],[-317,11]],[[5607,3494],[13,376],[-11,18],[-1,488]],[[8481,3642],[-66,74],[-64,-66],[-391,441],[208,230],[-135,128]],[[8274,4615],[70,-72],[109,-75],[24,-47],[116,-85],[46,-51],[79,-13],[-31,-112],[62,-73]],[[8749,4087],[-104,-127],[-164,-318]],[[8427,3579],[-581,-1]],[[7846,3578],[-171,-2],[5,202]],[[8481,3642],[-54,-63]],[[3858,3912],[-578,35],[-1,23]],[[4042,4130],[-175,4],[-9,-222]],[[1724,3594],[-1,64],[4,759],[-1,55]],[[2543,4125],[-12,-547]],[[2531,3578],[-807,16]],[[5280,3501],[0,90],[-241,138],[3,322]],[[5607,3494],[-327,7]],[[8749,4087],[56,-5],[51,35],[8,29],[14,-1],[185,-138],[56,-79],[23,-45],[14,-83],[128,-85],[90,-25],[12,-32],[-9,-64],[9,-74],[-17,-95]],[[9369,3425],[-100,4],[-27,49],[-36,-12],[-13,20],[-65,-29],[-9,18],[-28,9],[-17,-14],[-18,13],[-60,-21],[-55,25],[-83,1]],[[8858,3488],[-427,-4]],[[8431,3484],[-4,95]],[[4364,4120],[-6,-362],[21,-4],[-8,-512]],[[4371,3242],[-326,3],[-10,-172]],[[4035,3073],[-164,9]],[[3871,3082],[19,679],[-32,4],[0,147]],[[3217,3428],[-687,22]],[[2530,3450],[1,128]],[[3197,3974],[-3,-178],[33,-5],[-10,-363]],[[4618,3234],[-247,8]],[[5280,3501],[-4,-280]],[[5276,3221],[-658,13]],[[3210,3104],[7,324]],[[3871,3082],[-661,22]],[[6172,3100],[-159,6],[-5,369],[-84,8]],[[6909,3693],[-1,-228]],[[6908,3465],[-235,3],[3,-187],[146,-8],[-2,-193]],[[6820,3080],[-648,20]],[[7846,3578],[-6,-99],[-16,-2],[-2,-615]],[[7822,2862],[-7,-83],[-274,-4]],[[7541,2775],[-19,3],[7,208],[-42,2],[1,502],[-342,5],[-156,-32],[-82,2]],[[2519,2938],[-795,29]],[[1724,2967],[0,627]],[[2530,3450],[-11,-512]],[[8322,2862],[-500,0]],[[8431,3484],[0,-622],[-109,0]],[[5518,2313],[-254,7]],[[5264,2320],[16,419],[-12,5],[8,477]],[[6172,3100],[-18,-807]],[[6154,2293],[-636,20]],[[7541,2775],[-1,-228],[-23,-2],[-3,-53],[-35,0],[-6,-192]],[[7473,2300],[-276,10],[1,92],[-80,1]],[[7118,2403],[-4,88],[-21,2],[-3,57],[-48,-6],[-2,23],[-28,2],[-3,56],[-60,-1],[-2,79],[12,2],[2,28],[-49,9],[0,126],[-29,4],[-2,205],[-61,3]],[[8852,2472],[-137,-1],[-6,-143],[-47,-4],[-3,-30],[-175,-2]],[[8484,2292],[-1,82],[-160,-1],[-1,489]],[[8858,3488],[-6,-1016]],[[9369,3425],[45,-174],[62,-83],[39,-92],[-12,-119],[-50,-36],[-48,-21],[-20,-53],[0,-62],[37,-44]],[[9422,2741],[-35,-30],[-121,-14],[0,-18],[-51,-3],[1,-20],[-40,-6],[0,-38],[-56,-2],[0,-31],[-31,-6],[-1,-40],[-22,-2],[-2,-23],[-48,-4],[-1,-35],[-25,-1]],[[8990,2468],[-138,4]],[[2566,2811],[-46,8],[-1,119]],[[3210,3104],[-6,-310]],[[3204,2794],[-638,17]],[[4300,2343],[-1,31],[-256,10]],[[4043,2384],[9,386],[-24,4],[7,299]],[[4618,3234],[-10,-475],[23,-3],[-10,-420]],[[4621,2336],[-321,7]],[[5264,2320],[-643,16]],[[4043,2384],[-816,16]],[[3227,2400],[7,396],[-30,-2]],[[7118,2403],[-132,-32],[-170,0],[-6,-440]],[[6810,1931],[-657,9]],[[6153,1940],[1,353]],[[1721,2317],[3,579],[0,71]],[[2566,2811],[-11,-510]],[[2555,2301],[-834,16]],[[7634,2026],[-26,2],[-2,87],[-28,2],[-1,58],[-31,4],[-1,116],[-72,5]],[[8484,2292],[-57,0],[-3,-78],[-22,-2],[-3,-45],[-26,-3],[-3,-35],[-24,-2],[-1,-23],[-29,-4],[-2,-50],[-53,-27]],[[8261,2023],[-627,3]],[[2552,2036],[3,265]],[[3227,2400],[-8,-231]],[[3219,2169],[-3,-149]],[[3216,2020],[-664,16]],[[9101,1888],[6,142],[-38,79],[-12,84],[-38,53],[-33,91],[4,131]],[[9422,2741],[36,-5],[-4,-64],[41,-127],[25,-61],[66,-83],[-4,-108],[108,-85]],[[9690,2208],[-58,-2],[-46,-44],[0,-48],[-53,-7],[-1,-23],[-33,-5],[-2,-29],[-49,-5],[0,-50],[-50,-15],[-2,-55],[-29,-1],[-2,-17]],[[9365,1907],[-115,2],[-1,-17],[-148,-4]],[[9101,1888],[-13,-2],[10,-182],[-10,-327],[-373,6]],[[8715,1383],[-292,3]],[[8423,1386],[3,55],[14,14],[-14,23],[-8,88],[-80,141],[10,52],[-26,50],[-1,47],[-52,56],[11,45],[-19,66]],[[7634,2026],[2,-95],[20,-5],[1,-145]],[[7657,1781],[-681,18]],[[6976,1799],[-164,6],[-2,126]],[[4300,2343],[-18,-564]],[[4282,1779],[-600,10]],[[3682,1789],[-51,3],[2,365],[-414,12]],[[9643,1383],[1,49],[-14,28],[-30,24],[-14,56],[-27,3],[-1,30],[-15,5],[1,20],[-39,48],[0,21],[-21,3],[-2,21],[-12,2],[0,31],[-21,3],[-3,35],[-16,-1],[1,24],[-15,1],[0,37],[-24,1],[0,38],[-25,-3],[-2,48]],[[9690,2208],[42,-23],[31,21],[-3,41],[-68,72],[9,53],[29,12],[30,-9],[40,-98],[41,-28],[25,-91],[96,3],[34,-23],[3,-51],[-37,-189],[-55,-50],[-11,-31],[14,-54],[58,-26],[0,-52],[-39,-20],[-38,4],[-29,-72],[-2,-31],[45,-90],[-14,-40],[-35,-47],[-15,-107],[-47,-27],[-63,12],[-58,102],[-30,14]],[[5518,2313],[-11,-566],[-28,1]],[[5479,1748],[-984,19]],[[4495,1767],[-213,12]],[[1720,1675],[2,505],[-1,137]],[[2552,2036],[-12,-392]],[[2540,1644],[-820,31]],[[6153,1940],[-1,-206],[-20,-2],[-10,-647]],[[6122,1085],[-659,1]],[[5463,1086],[16,662]],[[3258,1083],[20,715],[-63,6],[1,216]],[[3682,1789],[-21,-706]],[[3661,1083],[-403,0]],[[3258,1083],[-392,-1],[-335,3]],[[2531,1085],[9,559]],[[8423,1386],[-32,-50],[-18,-2],[-4,-119],[-38,-27],[-12,-99]],[[8319,1089],[-536,-4]],[[7783,1085],[1,221],[-25,3],[0,188],[-46,6],[-5,274],[-51,4]],[[6976,1799],[-22,-720]],[[6954,1079],[-417,6],[-62,-1],[-353,1]],[[9643,1383],[-32,-6],[-16,-21],[-66,-229],[5,-17],[-51,-100],[-33,-22],[-32,42],[24,71],[-8,14],[15,45],[-15,48],[-18,25],[-55,11],[-39,-14],[-18,-36],[2,-49],[50,-44],[26,-57],[-44,-67],[38,-86],[1,-98]],[[9377,793],[-38,10],[-49,40],[-44,65],[-88,-14],[-39,21],[-12,30],[-39,9],[-37,-10],[-14,-83],[-307,5]],[[8710,866],[-18,4],[20,117],[1,163],[15,77],[-13,156]],[[7783,1085],[-334,-4],[-495,-2]],[[4495,1767],[-8,-684]],[[4487,1083],[-112,0],[-668,1],[-46,-1]],[[5463,1086],[-28,0],[-566,-1],[-382,-2]],[[2531,1085],[-805,-3],[-5,392],[-1,201]],[[8710,866],[1,-850]],[[8711,16],[-481,-13],[-143,-3],[96,221],[45,52],[32,7],[43,39],[4,52],[20,25],[87,53],[45,33],[32,99],[66,31],[24,61],[-27,54],[26,80],[-2,43],[-43,33],[-55,16],[-10,38],[10,68],[-30,7],[-20,75],[-111,2]],[[9377,793],[-38,-22],[-91,19],[-26,-43],[24,-58],[97,-59],[10,-35],[-9,-16],[-115,-35],[-79,30],[-36,-6],[-2,-24],[29,-43],[87,-81],[44,-68],[0,-49],[-117,-66],[-16,-35],[-16,-124],[-50,-56],[-362,-6]]],"transform":{"scale":[0.0006663112074250778,0.00046205899819454693],"translate":[-95.76747960384715,35.98965643115784]}}