{"type":"Topology","objects":{"Ohio.geo":{"type":"GeometryCollection","geometries":[{"type":"Polygon","properties":{"name":"Lucas","fips":"39095"},"id":"Lucas","arcs":[[0,1,2,3,4]]},{"type":"Polygon","properties":{"name":"Fulton","fips":"39051"},"id":"Fulton","arcs":[[-4,5,6,7]]},{"type":"Polygon","properties":{"name":"Geauga","fips":"39055"},"id":"Geauga","arcs":[[8,9,10,11,12]]},{"type":"Polygon","properties":{"name":"Williams","fips":"39171"},"id":"Williams","arcs":[[13,-7,14,15]]},{"type":"Polygon","properties":{"name":"Cuyahoga","fips":"39035"},"id":"Cuyahoga","arcs":[[16,17,18,19,20,-12]]},{"type":"Polygon","properties":{"name":"Ottawa","fips":"39123"},"id":"Ottawa","arcs":[[21,-1,22,23]]},{"type":"Polygon","properties":{"name":"Wood","fips":"39173"},"id":"Wood","arcs":[[24,25,-2,-22,26,27]]},{"type":"Polygon","properties":{"name":"Lorain","fips":"39093"},"id":"Lorain","arcs":[[28,29,30,31,-19,32]]},{"type":"Polygon","properties":{"name":"Sandusky","fips":"39143"},"id":"Sandusky","arcs":[[-27,-24,33,34,35,36]]},{"type":"Polygon","properties":{"name":"Trumbull","fips":"39155"},"id":"Trumbull","arcs":[[37,-10,38,39,40]]},{"type":"Polygon","properties":{"name":"Henry","fips":"39069"},"id":"Henry","arcs":[[41,42,-15,-6,-3,-26]]},{"type":"Polygon","properties":{"name":"Erie","fips":"39043"},"id":"Erie","arcs":[[43,-35,44,-31]]},{"type":"Polygon","properties":{"name":"Defiance","fips":"39039"},"id":"Defiance","arcs":[[-43,45,46,47,-16]]},{"type":"Polygon","properties":{"name":"Summit","fips":"39153"},"id":"Summit","arcs":[[48,49,-17,50,51]]},{"type":"Polygon","properties":{"name":"Portage","fips":"39133"},"id":"Portage","arcs":[[52,-51,-11,-38,53]]},{"type":"Polygon","properties":{"name":"Huron","fips":"39077"},"id":"Huron","arcs":[[54,55,-36,-44,-30,56,57]]},{"type":"Polygon","properties":{"name":"Medina","fips":"39103"},"id":"Medina","arcs":[[58,59,-33,-18,-50]]},{"type":"Polygon","properties":{"name":"Seneca","fips":"39147"},"id":"Seneca","arcs":[[60,61,-28,-37,-56,62]]},{"type":"Polygon","properties":{"name":"Paulding","fips":"39125"},"id":"Paulding","arcs":[[63,64,-47,65]]},{"type":"Polygon","properties":{"name":"Hancock","fips":"39063"},"id":"Hancock","arcs":[[66,67,68,-25,-62,69]]},{"type":"Polygon","properties":{"name":"Putnam","fips":"39137"},"id":"Putnam","arcs":[[70,71,-66,-46,-42,-69]]},{"type":"Polygon","properties":{"name":"Mahoning","fips":"39099"},"id":"Mahoning","arcs":[[72,73,-54,-41,74]]},{"type":"Polygon","properties":{"name":"Ashland","fips":"39005"},"id":"Ashland","arcs":[[75,76,-57,-29,-60,77,78]]},{"type":"Polygon","properties":{"name":"Crawford","fips":"39033"},"id":"Crawford","arcs":[[79,80,-63,-55,81,82]]},{"type":"Polygon","properties":{"name":"Richland","fips":"39139"},"id":"Richland","arcs":[[83,-82,-58,-77,84]]},{"type":"Polygon","properties":{"name":"Wayne","fips":"39169"},"id":"Wayne","arcs":[[85,-78,-59,-49,86]]},{"type":"Polygon","properties":{"name":"Van Wert","fips":"39161"},"id":"Van Wert","arcs":[[87,88,89,90,-64,-72]]},{"type":"Polygon","properties":{"name":"Wyandot","fips":"39175"},"id":"Wyandot","arcs":[[91,92,-70,-61,-81]]},{"type":"Polygon","properties":{"name":"Stark","fips":"39151"},"id":"Stark","arcs":[[93,94,-87,-52,-53,-74,95,96]]},{"type":"Polygon","properties":{"name":"Columbiana","fips":"39029"},"id":"Columbiana","arcs":[[97,-96,-73,98,99]]},{"type":"Polygon","properties":{"name":"Allen","fips":"39003"},"id":"Allen","arcs":[[100,-88,-71,-68,101]]},{"type":"Polygon","properties":{"name":"Hardin","fips":"39065"},"id":"Hardin","arcs":[[102,103,104,-102,-67,-93,105]]},{"type":"Polygon","properties":{"name":"Mercer","fips":"39107"},"id":"Mercer","arcs":[[106,107,108,-90]]},{"type":"Polygon","properties":{"name":"Carroll","fips":"39019"},"id":"Carroll","arcs":[[109,110,-97,-98,111]]},{"type":"Polygon","properties":{"name":"Morrow","fips":"39117"},"id":"Morrow","arcs":[[112,113,-83,-84,114]]},{"type":"Polygon","properties":{"name":"Marion","fips":"39101"},"id":"Marion","arcs":[[115,-106,-92,-80,-114,116]]},{"type":"Polygon","properties":{"name":"Auglaize","fips":"39011"},"id":"Auglaize","arcs":[[117,118,-107,-89,-101,-105]]},{"type":"Polygon","properties":{"name":"Holmes","fips":"39075"},"id":"Holmes","arcs":[[119,-79,-86,-95,120,121]]},{"type":"Polygon","properties":{"name":"Tuscarawas","fips":"39157"},"id":"Tuscarawas","arcs":[[122,-121,-94,-111,123,124]]},{"type":"Polygon","properties":{"name":"Jefferson","fips":"39081"},"id":"Jefferson","arcs":[[125,126,-112,-100,127]]},{"type":"Polygon","properties":{"name":"Knox","fips":"39083"},"id":"Knox","arcs":[[128,-115,-85,-76,-120,129,130]]},{"type":"Polygon","properties":{"name":"Logan","fips":"39091"},"id":"Logan","arcs":[[131,132,-118,-104,133]]},{"type":"Polygon","properties":{"name":"Union","fips":"39159"},"id":"Union","arcs":[[134,-134,-103,-116,135,136,137]]},{"type":"Polygon","properties":{"name":"Shelby","fips":"39149"},"id":"Shelby","arcs":[[138,139,-119,-133,140]]},{"type":"Polygon","properties":{"name":"Coshocton","fips":"39031"},"id":"Coshocton","arcs":[[141,-130,-122,-123,142,143]]},{"type":"Polygon","properties":{"name":"Delaware","fips":"39041"},"id":"Delaware","arcs":[[-136,-117,-113,-129,144,145]]},{"type":"Polygon","properties":{"name":"Harrison","fips":"39067"},"id":"Harrison","arcs":[[146,147,-124,-110,-127]]},{"type":"Polygon","properties":{"name":"Darke","fips":"39037"},"id":"Darke","arcs":[[148,149,-108,-140,150,151]]},{"type":"Polygon","properties":{"name":"Licking","fips":"39089"},"id":"Licking","arcs":[[152,153,-145,-131,-142,154,155]]},{"type":"Polygon","properties":{"name":"Champaign","fips":"39021"},"id":"Champaign","arcs":[[156,-141,-132,-135,157,158]]},{"type":"Polygon","properties":{"name":"Guernsey","fips":"39059"},"id":"Guernsey","arcs":[[159,160,-143,-125,-148,161]]},{"type":"Polygon","properties":{"name":"Miami","fips":"39109"},"id":"Miami","arcs":[[162,-151,-139,-157,163]]},{"type":"Polygon","properties":{"name":"Belmont","fips":"39013"},"id":"Belmont","arcs":[[164,-162,-147,-126,165,166]]},{"type":"Polygon","properties":{"name":"Muskingum","fips":"39119"},"id":"Muskingum","arcs":[[167,-155,-144,-161,168,169]]},{"type":"Polygon","properties":{"name":"Franklin","fips":"39049"},"id":"Franklin","arcs":[[170,-137,-146,-154,171,172]]},{"type":"Polygon","properties":{"name":"Madison","fips":"39097"},"id":"Madison","arcs":[[173,174,-158,-138,-171,175,176]]},{"type":"Polygon","properties":{"name":"Clark","fips":"39023"},"id":"Clark","arcs":[[177,178,-164,-159,-175]]},{"type":"Polygon","properties":{"name":"Noble","fips":"39121"},"id":"Noble","arcs":[[179,180,-169,-160,-165,181]]},{"type":"Polygon","properties":{"name":"Fairfield","fips":"39045"},"id":"Fairfield","arcs":[[182,-172,-153,183,184]]},{"type":"Polygon","properties":{"name":"Perry","fips":"39127"},"id":"Perry","arcs":[[185,-184,-156,-168,186,187]]},{"type":"Polygon","properties":{"name":"Montgomery","fips":"39113"},"id":"Montgomery","arcs":[[-152,-163,-179,188,189,190,191]]},{"type":"Polygon","properties":{"name":"Preble","fips":"39135"},"id":"Preble","arcs":[[192,193,-149,-192]]},{"type":"Polygon","properties":{"name":"Monroe","fips":"39111"},"id":"Monroe","arcs":[[-182,-167,194,195]]},{"type":"Polygon","properties":{"name":"Greene","fips":"39057"},"id":"Greene","arcs":[[196,-189,-178,-174,197,198]]},{"type":"Polygon","properties":{"name":"Pickaway","fips":"39129"},"id":"Pickaway","arcs":[[199,-176,-173,-183,200,201]]},{"type":"Polygon","properties":{"name":"Morgan","fips":"39115"},"id":"Morgan","arcs":[[202,-187,-170,-181,203]]},{"type":"Polygon","properties":{"name":"Fayette","fips":"39047"},"id":"Fayette","arcs":[[204,205,-198,-177,-200,206]]},{"type":"Polygon","properties":{"name":"Hocking","fips":"39073"},"id":"Hocking","arcs":[[207,208,-201,-185,-186,209]]},{"type":"Polygon","properties":{"name":"Washington","fips":"39167"},"id":"Washington","arcs":[[210,-204,-180,-196,211]]},{"type":"Polygon","properties":{"name":"Warren","fips":"39165"},"id":"Warren","arcs":[[212,213,-190,-197,214,215]]},{"type":"Polygon","properties":{"name":"Butler","fips":"39017"},"id":"Butler","arcs":[[216,-193,-191,-214,217]]},{"type":"Polygon","properties":{"name":"Clinton","fips":"39027"},"id":"Clinton","arcs":[[218,-215,-199,-206,219,220]]},{"type":"Polygon","properties":{"name":"Athens","fips":"39009"},"id":"Athens","arcs":[[221,-210,-188,-203,-211,222,223]]},{"type":"Polygon","properties":{"name":"Ross","fips":"39141"},"id":"Ross","arcs":[[224,-207,-202,-209,225,226,227]]},{"type":"Polygon","properties":{"name":"Vinton","fips":"39163"},"id":"Vinton","arcs":[[228,-226,-208,-222,229,230]]},{"type":"Polygon","properties":{"name":"Highland","fips":"39071"},"id":"Highland","arcs":[[231,232,-220,-205,-225,233]]},{"type":"Polygon","properties":{"name":"Hamilton","fips":"39061"},"id":"Hamilton","arcs":[[-218,-213,234,235]]},{"type":"Polygon","properties":{"name":"Clermont","fips":"39025"},"id":"Clermont","arcs":[[-235,-216,-219,236,237]]},{"type":"Polygon","properties":{"name":"Brown","fips":"39015"},"id":"Brown","arcs":[[-237,-221,-233,238,239]]},{"type":"Polygon","properties":{"name":"Jackson","fips":"39079"},"id":"Jackson","arcs":[[240,241,-227,-229,242,243]]},{"type":"Polygon","properties":{"name":"Meigs","fips":"39105"},"id":"Meigs","arcs":[[244,-230,-224,245]]},{"type":"Polygon","properties":{"name":"Pike","fips":"39131"},"id":"Pike","arcs":[[246,247,-234,-228,-242]]},{"type":"Polygon","properties":{"name":"Adams","fips":"39001"},"id":"Adams","arcs":[[-239,-232,-248,248,249]]},{"type":"Polygon","properties":{"name":"Gallia","fips":"39053"},"id":"Gallia","arcs":[[250,251,-243,-231,-245]]},{"type":"Polygon","properties":{"name":"Scioto","fips":"39145"},"id":"Scioto","arcs":[[-249,-247,-241,252,253]]},{"type":"Polygon","properties":{"name":"Lawrence","fips":"39087"},"id":"Lawrence","arcs":[[-253,-244,-252,254]]},{"type":"Polygon","properties":{"name":"Ashtabula","fips":"39007"},"id":"Ashtabula","arcs":[[-9,255,256,-39]]},{"type":"Polygon","properties":{"name":"Lake","fips":"39085"},"id":"Lake","arcs":[[-13,-21,257,-256]]}]}},"arcs":[[[3863,8993],[-590,-26]],[[3273,8967],[-382,-13],[-81,-112],[-200,-111],[-53,-130],[-236,-154],[-128,-42]],[[2193,8405],[-4,200]],[[2189,8605],[9,639]],[[2198,9244],[244,3],[655,22],[766,-276]],[[2189,8605],[-1070,-6]],[[1119,8599],[-1,73],[-99,5],[-23,542]],[[996,9219],[59,3],[1143,22]],[[8879,9232],[-8,-603]],[[8871,8629],[-5,-423]],[[8866,8206],[-864,7]],[[8002,8213],[4,208],[32,0],[1,52],[-33,0],[-10,348]],[[7996,8821],[220,0],[-3,198],[449,4],[4,210],[213,-1]],[[47,8441],[1,286],[3,465],[945,27]],[[1119,8599],[-6,-164]],[[1113,8435],[-1066,6]],[[8002,8213],[-485,5],[-2,-50],[88,-142],[-19,-20],[-276,5]],[[7308,8011],[-455,3]],[[6853,8014],[4,198],[-230,8],[13,427]],[[6640,8647],[520,-30],[607,392]],[[7767,9009],[4,-183],[225,-5]],[[3269,8635],[4,332]],[[3863,8993],[350,-245],[484,-1],[26,-85],[-666,-143]],[[4057,8519],[-614,-3],[-4,116],[-170,3]],[[3251,7706],[-1058,-2]],[[2193,7704],[0,701]],[[3269,8635],[-14,-694]],[[3255,7941],[-4,-235]],[[6165,7411],[-383,6]],[[5782,7417],[-15,619]],[[5767,8036],[-11,415]],[[5756,8451],[759,233],[125,-37]],[[6853,8014],[-225,-6],[0,-211],[-241,0],[2,-168],[-222,-3],[-2,-215]],[[4057,8519],[377,-74]],[[4434,8445],[154,-8],[20,-395]],[[4608,8042],[-3,-85]],[[4605,7957],[-1350,-16]],[[8882,7614],[-16,592]],[[8871,8629],[1119,-1]],[[9990,8628],[9,-16],[-7,-1003]],[[9992,7609],[-1110,5]],[[2193,7704],[-816,-8]],[[1377,7696],[-5,729],[-259,10]],[[5767,8036],[-1159,6]],[[4434,8445],[447,59],[392,-165],[483,112]],[[1377,7696],[-259,-2]],[[1118,7694],[-3,127],[-256,2],[-6,124],[-805,6]],[[48,7953],[1,86],[-2,402]],[[7394,7004],[0,196],[-96,4]],[[7298,7204],[10,807]],[[8002,8213],[-10,-1009]],[[7992,7204],[-57,-4],[-16,-212],[-525,16]],[[8693,7203],[-701,1]],[[8882,7614],[-8,-406],[-181,-5]],[[4875,7222],[-254,11]],[[4621,7233],[-16,724]],[[5782,7417],[-226,0],[-1,-199]],[[5555,7218],[-680,4]],[[7298,7204],[-1044,15]],[[6254,7219],[-94,4],[5,188]],[[3977,7213],[-727,-3]],[[3250,7210],[1,496]],[[4621,7233],[-52,-14],[-592,-6]],[[989,7210],[-939,5]],[[50,7215],[-2,738]],[[1118,7694],[-1,-485],[-128,1]],[[3037,6725],[-850,0]],[[2187,6725],[1,288]],[[2188,7013],[5,691]],[[3250,7210],[-78,-2],[0,-111],[-53,-1],[-5,-116],[-73,0],[-4,-255]],[[2188,7013],[-264,-5],[-1,-34],[-279,0],[0,-128],[-520,-4]],[[1124,6842],[-6,142],[-123,-3],[-6,229]],[[9997,6961],[-679,5],[-3,84],[-187,-1],[0,-84],[-430,8]],[[8698,6973],[-5,230]],[[9992,7609],[5,-648]],[[6045,6049],[-267,-31]],[[5778,6018],[-1,464],[-113,2],[-5,189],[-53,40],[-13,504],[-38,1]],[[6254,7219],[10,-887]],[[6264,6332],[-222,-11],[3,-272]],[[4554,6424],[-578,-6]],[[3976,6418],[1,795]],[[4875,7222],[-15,-776]],[[4860,6446],[-306,2],[0,-24]],[[5102,6001],[3,229],[-44,6],[0,84],[50,-1],[-11,128],[-240,-1]],[[5778,6018],[-134,-23],[-542,6]],[[7385,6319],[-1121,13]],[[7394,7004],[-9,-685]],[[1124,6842],[-7,-113],[-130,4],[-2,-360]],[[985,6373],[-130,-1]],[[855,6372],[-4,115],[-807,5]],[[44,6492],[5,582],[1,141]],[[3976,6418],[-448,-3],[-1,-45],[-278,-1]],[[3249,6369],[-38,2],[-2,37],[-119,2],[-6,314],[-47,1]],[[8148,6264],[-283,8],[-3,32],[-45,0],[-37,-27],[-395,-54]],[[7385,6223],[0,96]],[[8698,6973],[-12,-493]],[[8686,6480],[-267,-2],[3,-24],[-81,0],[-11,-193],[-182,3]],[[9218,6123],[5,118],[-140,7],[4,229],[-401,3]],[[9997,6961],[1,-120],[-4,-605],[-122,-59],[-86,11],[-60,-17],[-71,-88]],[[9655,6083],[-168,5],[2,32],[-271,3]],[[2175,6247],[-523,8],[0,34],[-258,-1],[-3,82],[-406,3]],[[2187,6725],[-12,-478]],[[3240,5853],[-218,-6]],[[3022,5847],[-4,32],[-841,54]],[[2177,5933],[-2,314]],[[3249,6369],[6,-449],[-15,-67]],[[855,6372],[11,-888],[32,-41]],[[898,5443],[-857,1]],[[41,5444],[3,657],[0,391]],[[9020,5634],[-764,29]],[[8256,5663],[15,367],[-131,-1],[8,235]],[[9218,6123],[3,-122],[-145,2],[-16,-239],[-34,3],[-6,-133]],[[4832,5428],[-435,29],[10,173],[-231,0],[-1,57]],[[4175,5687],[14,130],[134,26],[1,419],[234,-5],[-4,167]],[[5102,6001],[-45,-7],[-3,-66],[29,4],[-25,-516],[-226,12]],[[3648,5703],[2,158],[-410,-8]],[[4175,5687],[-527,16]],[[2177,5933],[-256,2],[-5,-133],[-31,-4]],[[1885,5798],[-760,-1],[-6,-282],[-218,-4],[-3,-68]],[[6137,5725],[6,336],[-98,-12]],[[7385,6223],[-30,-11],[-19,-517],[-95,-1]],[[7241,5694],[-1104,31]],[[7451,5052],[15,412],[-238,4],[13,226]],[[8256,5663],[0,-368],[-126,-1],[-16,-254]],[[8114,5040],[-663,12]],[[9575,4889],[-410,-3]],[[9165,4886],[44,741],[-189,7]],[[9655,6083],[-2,-39],[82,-81],[19,-97],[54,-67],[-60,-229],[-4,-27],[47,-43],[11,-187],[-24,-83],[-82,-86],[-66,-143],[-52,-73],[-3,-39]],[[4821,5224],[11,204]],[[6137,5725],[-32,-620]],[[6105,5105],[-663,27],[5,58],[-626,34]],[[2953,5092],[-549,38],[1,52],[-535,33]],[[1870,5215],[15,583]],[[3022,5847],[-69,-755]],[[3058,4776],[22,300],[-127,16]],[[3648,5703],[-9,-561],[188,-8],[-2,-290]],[[3825,4844],[-4,-86],[-79,1]],[[3742,4759],[-684,17]],[[1845,4960],[-532,46],[-410,-14]],[[903,4992],[-5,451]],[[1870,5215],[-25,-255]],[[6126,4904],[16,201],[-37,0]],[[7451,5052],[-114,0],[-9,-190],[-104,1]],[[7224,4863],[-1098,41]],[[4821,5224],[-32,-421]],[[4789,4803],[-964,41]],[[9165,4886],[-528,31],[-268,-7]],[[8369,4910],[-260,9],[5,121]],[[767,4233],[-753,-4]],[[14,4229],[6,269],[19,852],[2,94]],[[903,4992],[11,-757]],[[914,4235],[-147,-2]],[[5480,4232],[-751,39]],[[4729,4271],[4,96],[33,7],[23,429]],[[6126,4904],[-39,-599],[-71,-1],[-2,-97]],[[6014,4207],[-434,20],[-3,28],[-93,3],[-4,-26]],[[1818,4563],[27,397]],[[3058,4776],[-26,-295]],[[3032,4481],[-1214,82]],[[8345,4300],[-54,19],[-284,0],[-4,-91],[-171,11],[-7,-95],[-274,15],[-7,-161],[-274,14]],[[7270,4012],[16,243],[-102,6],[40,602]],[[8369,4910],[-24,-610]],[[1775,4124],[-247,19],[-5,96],[-609,-4]],[[1818,4563],[-43,-439]],[[8335,4083],[10,217]],[[9575,4889],[-84,-330],[-2,-146],[-56,-101],[9,-72],[-21,-22],[-65,18],[-28,-11],[-10,-31],[50,-90],[-18,-44],[-64,-48]],[[9286,4012],[-951,71]],[[6378,3819],[0,116],[-217,16],[16,240],[-163,16]],[[7270,4012],[-12,-241]],[[7258,3771],[-880,48]],[[3656,3914],[-19,301],[44,39],[-73,210],[26,62],[-21,66],[112,-1],[17,168]],[[4729,4271],[-60,1],[-6,-63],[38,1],[-22,-258],[-46,-1],[-8,-80]],[[4625,3871],[-969,43]],[[2695,3656],[19,164]],[[2714,3820],[128,-14],[190,675]],[[3656,3914],[-20,-315]],[[3636,3599],[-941,57]],[[2714,3820],[-222,35],[-2,21],[-186,10],[-2,73],[-261,20],[-2,41],[-264,20]],[[1775,4040],[0,84]],[[8234,3341],[0,-33],[-177,-2],[0,28],[-96,0],[4,38],[-43,-4],[2,42],[-90,2],[6,42],[-65,-1],[-4,-169],[-261,14]],[[7510,3298],[10,217],[-134,3],[-5,244],[-123,9]],[[8335,4083],[-186,3],[-7,-457],[99,-4],[-7,-284]],[[4850,3200],[-276,27],[37,239],[-21,0],[35,405]],[[5480,4232],[-19,-243],[175,-13],[-15,-236],[89,-9],[-23,-242]],[[5687,3489],[-271,8],[-14,-154],[-268,11],[-11,-129],[-265,16],[-8,-41]],[[6195,3217],[-258,17],[5,81],[-275,18],[20,156]],[[6378,3819],[-12,-128],[136,-4],[-51,-485]],[[6451,3202],[-256,15]],[[1775,4040],[-5,-34],[-81,5],[-45,-722]],[[1644,3289],[-414,32],[-182,-10]],[[1048,3311],[-263,-2]],[[785,3309],[-18,924]],[[785,3309],[-4,-59],[-779,-6]],[[2,3244],[6,472],[6,513]],[[9286,4012],[16,-85],[-120,-137],[33,-66],[56,-48],[-1,-43],[-71,-65],[-22,-50],[-19,-107],[-74,-46],[-46,-1],[-119,-70],[-114,-105],[-11,-32]],[[8794,3157],[5,103],[-476,19],[-5,-16],[-43,-2],[5,80],[-46,0]],[[1949,3262],[-305,27]],[[2695,3656],[-42,-446]],[[2653,3210],[-704,52]],[[3604,3100],[32,499]],[[4850,3200],[-16,-254]],[[4834,2946],[-615,34],[22,55],[-30,41],[-607,24]],[[6908,2932],[-482,19],[25,251]],[[7510,3298],[-301,-6],[-31,-49],[2,-78],[4,-19],[52,-4],[-5,-133],[-100,1],[-24,23],[-149,19],[-7,-118],[-43,-2]],[[3335,2716],[-480,-8]],[[2855,2708],[26,481],[-228,21]],[[3604,3100],[-269,-384]],[[5879,2729],[-526,33],[-17,-83],[-275,16],[-3,-34],[-248,14]],[[4810,2675],[24,271]],[[6195,3217],[-33,-258],[-252,14],[-31,-244]],[[7196,2266],[5,160],[-221,8],[6,80],[-51,-1],[4,51],[-50,3],[19,365]],[[8794,3157],[-142,-101],[-44,-80],[-148,-84],[-46,-61],[-57,-21],[-30,-55],[-108,-4],[-128,-94],[-86,-22],[-135,168],[-33,14],[-40,-11],[-176,-151],[-39,-56],[-35,-186],[-221,13],[-52,-29],[-19,-112],[-59,-19]],[[1290,2408],[-31,77],[-180,-7]],[[1079,2478],[46,741],[-73,-24],[-4,116]],[[1949,3262],[-70,-896]],[[1879,2366],[-589,42]],[[0,2516],[0,26],[2,560],[0,142]],[[1079,2478],[-682,62],[-57,-23],[-340,-1]],[[1936,2361],[-57,5]],[[2855,2708],[-451,-317],[-53,-54],[-28,-69],[-38,28],[5,44],[-76,0]],[[2214,2340],[-278,21]],[[5935,2228],[17,254],[-94,8],[21,239]],[[7196,2266],[-83,-105]],[[7113,2161],[-1178,67]],[[3404,2213],[19,125],[-25,8],[-2,26],[-34,-30],[-39,9],[8,63],[-32,17],[26,48],[10,237]],[[4810,2675],[-31,-443]],[[4779,2232],[-13,-115],[-43,3]],[[4723,2120],[-1319,93]],[[5539,1768],[23,283],[-265,6],[2,104],[-283,22],[8,46],[-245,3]],[[5935,2228],[-91,2],[-45,-487]],[[5799,1743],[-260,25]],[[3329,1814],[-557,-93],[-116,1]],[[2656,1722],[-461,8],[19,610]],[[3404,2213],[-75,-399]],[[1290,2408],[-135,-149],[13,-24],[73,11],[24,-24],[-53,-77],[-50,-434]],[[1162,1711],[-76,66],[-106,-6],[-66,32],[-14,105],[-45,75],[-109,-12],[-55,-37],[-181,-67],[-69,13],[-104,41],[-176,147],[-109,-98],[-51,-13],[-1,559]],[[1936,2361],[-169,-1348]],[[1767,1013],[-82,5],[-205,64],[-121,67],[-15,173],[-61,119],[-67,76],[-54,194]],[[2656,1722],[-95,-1067]],[[2561,655],[-134,43],[-47,120],[-110,50],[-46,92],[-128,37],[-116,54],[-213,-38]],[[5043,1237],[-278,14],[15,253],[-114,9]],[[4666,1513],[57,607]],[[5539,1768],[-50,-529],[-263,15],[-2,-30]],[[5224,1224],[-181,13]],[[6315,1538],[12,138],[-529,32],[1,35]],[[7113,2161],[33,-139],[-21,-86],[-76,-49],[-78,-1],[-10,-29],[25,-63],[88,-76],[-14,-134],[45,-107],[-49,-19],[-94,70],[-40,-30],[-61,-145],[-60,-34],[-52,30],[-39,29],[77,104],[-68,146],[-23,19],[-87,5],[-57,62],[-101,-3],[-36,-70],[-62,-33],[-38,-70]],[[4666,1513],[-910,47],[-80,140],[-82,9]],[[3594,1709],[-96,71],[-7,39],[-162,-5]],[[3594,1709],[-8,-1127]],[[3586,582],[-40,-35],[-39,-1],[-32,28],[-22,71],[-97,65],[-191,24],[-109,74],[-61,16],[-214,-50],[-35,-37],[-23,-81],[-29,-33],[-53,-8],[-80,40]],[[6315,1538],[-88,-147],[-16,-169],[-120,-95],[-45,-72],[77,-191],[-12,-91],[36,-127],[-25,-104],[-69,-28],[-133,28],[-44,-41]],[[5876,501],[-168,9],[13,248],[-281,21],[11,153],[-44,8],[2,80],[-199,19],[14,185]],[[5043,1237],[-27,-275],[-85,2],[-10,-162],[-31,-32],[-149,6],[-2,-78],[65,-138],[-179,-83]],[[4625,477],[-63,80],[-14,145],[-47,86],[16,100],[-40,66],[-72,10],[-119,-74],[-127,-15],[-79,-80],[-118,-58],[-74,-127],[-90,-26],[-147,40],[-65,-42]],[[5876,501],[-57,-321],[-35,-64],[-153,-38],[-46,5],[-187,-68],[-122,-15],[-65,9],[-26,24],[-64,168],[-130,82],[-60,104],[-108,38],[-141,12],[-57,40]],[[8879,9232],[2,386]],[[8881,9618],[1117,381],[-5,-379],[-3,-992]],[[7767,9009],[270,258],[844,351]]],"transform":{"scale":[0.00042925035866371526,0.0003586719840884001],"translate":[-84.8120705472086,38.40051095340321]}}