{"type":"Topology","objects":{"Texas.geo":{"type":"GeometryCollection","geometries":[{"type":"Polygon","properties":{"name":"Lipscomb","fips":"48295"},"id":"Lipscomb","arcs":[[0,1,2]]},{"type":"Polygon","properties":{"name":"Sherman","fips":"48421"},"id":"Sherman","arcs":[[3,4,5,6]]},{"type":"Polygon","properties":{"name":"Dallam","fips":"48111"},"id":"Dallam","arcs":[[7,8,-4]]},{"type":"Polygon","properties":{"name":"Hansford","fips":"48195"},"id":"Hansford","arcs":[[-6,9,10,11]]},{"type":"Polygon","properties":{"name":"Ochiltree","fips":"48357"},"id":"Ochiltree","arcs":[[-11,12,-2,13]]},{"type":"Polygon","properties":{"name":"Roberts","fips":"48393"},"id":"Roberts","arcs":[[14,-14,15,16,17]]},{"type":"Polygon","properties":{"name":"Hemphill","fips":"48211"},"id":"Hemphill","arcs":[[18,-16,-1,19]]},{"type":"Polygon","properties":{"name":"Hutchinson","fips":"48233"},"id":"Hutchinson","arcs":[[20,21,-12,-15]]},{"type":"Polygon","properties":{"name":"Hartley","fips":"48205"},"id":"Hartley","arcs":[[22,-8,23,24]]},{"type":"Polygon","properties":{"name":"Moore","fips":"48341"},"id":"Moore","arcs":[[-24,-7,-22,25]]},{"type":"Polygon","properties":{"name":"Potter","fips":"48375"},"id":"Potter","arcs":[[26,-26,27,28]]},{"type":"Polygon","properties":{"name":"Carson","fips":"48065"},"id":"Carson","arcs":[[29,30,-28,-21,-18]]},{"type":"Polygon","properties":{"name":"Gray","fips":"48179"},"id":"Gray","arcs":[[-30,-17,31,32]]},{"type":"Polygon","properties":{"name":"Wheeler","fips":"48483"},"id":"Wheeler","arcs":[[-32,-19,33,34]]},{"type":"Polygon","properties":{"name":"Oldham","fips":"48359"},"id":"Oldham","arcs":[[35,-25,-27,36,37]]},{"type":"Polygon","properties":{"name":"Randall","fips":"48381"},"id":"Randall","arcs":[[38,39,-37,-29,40,41]]},{"type":"Polygon","properties":{"name":"Armstrong","fips":"48011"},"id":"Armstrong","arcs":[[42,43,-41,-31,44]]},{"type":"Polygon","properties":{"name":"Collingsworth","fips":"48087"},"id":"Collingsworth","arcs":[[45,-35,46,47,48]]},{"type":"Polygon","properties":{"name":"Donley","fips":"48129"},"id":"Donley","arcs":[[49,50,-45,-33,-46]]},{"type":"Polygon","properties":{"name":"Deaf Smith","fips":"48117"},"id":"Deaf Smith","arcs":[[51,52,-38,-40,53]]},{"type":"Polygon","properties":{"name":"Parmer","fips":"48369"},"id":"Parmer","arcs":[[54,-52,55,56,57]]},{"type":"Polygon","properties":{"name":"Castro","fips":"48069"},"id":"Castro","arcs":[[-56,-54,-39,58,59,60]]},{"type":"Polygon","properties":{"name":"Swisher","fips":"48437"},"id":"Swisher","arcs":[[61,62,-59,-42,-44,63]]},{"type":"Polygon","properties":{"name":"Briscoe","fips":"48045"},"id":"Briscoe","arcs":[[64,-64,-43,-51,65,66]]},{"type":"Polygon","properties":{"name":"Childress","fips":"48075"},"id":"Childress","arcs":[[67,68,-48,69,70]]},{"type":"Polygon","properties":{"name":"Hall","fips":"48191"},"id":"Hall","arcs":[[71,72,-66,-50,-49,-69]]},{"type":"Polygon","properties":{"name":"Hardeman","fips":"48197"},"id":"Hardeman","arcs":[[73,-71,74,75,76]]},{"type":"Polygon","properties":{"name":"Wilbarger","fips":"48487"},"id":"Wilbarger","arcs":[[77,78,-76,79,80]]},{"type":"Polygon","properties":{"name":"Motley","fips":"48345"},"id":"Motley","arcs":[[81,-67,-73,82,83]]},{"type":"Polygon","properties":{"name":"Cottle","fips":"48101"},"id":"Cottle","arcs":[[84,85,-83,-72,-68,-74]]},{"type":"Polygon","properties":{"name":"Floyd","fips":"48153"},"id":"Floyd","arcs":[[86,-62,-65,-82,87]]},{"type":"Polygon","properties":{"name":"Hale","fips":"48189"},"id":"Hale","arcs":[[88,-60,-63,-87,89]]},{"type":"Polygon","properties":{"name":"Lamb","fips":"48279"},"id":"Lamb","arcs":[[90,-57,-61,-89,91]]},{"type":"Polygon","properties":{"name":"Bailey","fips":"48017"},"id":"Bailey","arcs":[[92,-58,-91,93]]},{"type":"Polygon","properties":{"name":"Foard","fips":"48155"},"id":"Foard","arcs":[[94,95,96,-85,-77,-79]]},{"type":"Polygon","properties":{"name":"Wichita","fips":"48485"},"id":"Wichita","arcs":[[-81,97,98,99]]},{"type":"Polygon","properties":{"name":"Clay","fips":"48077"},"id":"Clay","arcs":[[100,-99,101,102,103]]},{"type":"Polygon","properties":{"name":"Montague","fips":"48337"},"id":"Montague","arcs":[[-103,104,105,106,107]]},{"type":"Polygon","properties":{"name":"Red River","fips":"48387"},"id":"Red River","arcs":[[108,109,110,111,112,113]]},{"type":"Polygon","properties":{"name":"Grayson","fips":"48181"},"id":"Grayson","arcs":[[114,115,116,117,118]]},{"type":"Polygon","properties":{"name":"Cooke","fips":"48097"},"id":"Cooke","arcs":[[119,120,-106,121,-117]]},{"type":"Polygon","properties":{"name":"Lamar","fips":"48277"},"id":"Lamar","arcs":[[122,123,124,-109]]},{"type":"Polygon","properties":{"name":"Fannin","fips":"48147"},"id":"Fannin","arcs":[[-119,125,-124,126,127,128]]},{"type":"Polygon","properties":{"name":"King","fips":"48269"},"id":"King","arcs":[[129,-86,-97,130,131]]},{"type":"Polygon","properties":{"name":"Dickens","fips":"48125"},"id":"Dickens","arcs":[[132,133,-84,-130]]},{"type":"Polygon","properties":{"name":"Crosby","fips":"48107"},"id":"Crosby","arcs":[[134,-88,-134,135]]},{"type":"Polygon","properties":{"name":"Lubbock","fips":"48303"},"id":"Lubbock","arcs":[[136,-90,-135,137]]},{"type":"Polygon","properties":{"name":"Archer","fips":"48009"},"id":"Archer","arcs":[[138,139,-100,-101,140]]},{"type":"Polygon","properties":{"name":"Hockley","fips":"48219"},"id":"Hockley","arcs":[[141,142,-92,-137]]},{"type":"Polygon","properties":{"name":"Knox","fips":"48275"},"id":"Knox","arcs":[[-131,-96,143,144]]},{"type":"Polygon","properties":{"name":"Baylor","fips":"48023"},"id":"Baylor","arcs":[[145,-144,-95,-78,-140]]},{"type":"Polygon","properties":{"name":"Cochran","fips":"48079"},"id":"Cochran","arcs":[[146,147,-94,-143,148]]},{"type":"Polygon","properties":{"name":"Bowie","fips":"48037"},"id":"Bowie","arcs":[[-111,149,150,151]]},{"type":"Polygon","properties":{"name":"Delta","fips":"48119"},"id":"Delta","arcs":[[152,-127,-123,153,154]]},{"type":"Polygon","properties":{"name":"Jack","fips":"48237"},"id":"Jack","arcs":[[155,-141,-104,-108,156,157,158]]},{"type":"Polygon","properties":{"name":"Wise","fips":"48497"},"id":"Wise","arcs":[[-157,-107,-121,159,160,161]]},{"type":"Polygon","properties":{"name":"Denton","fips":"48121"},"id":"Denton","arcs":[[162,163,-160,-120,-116,164]]},{"type":"Polygon","properties":{"name":"Hunt","fips":"48231"},"id":"Hunt","arcs":[[165,166,167,168,169,-128,-153,170]]},{"type":"Polygon","properties":{"name":"Collin","fips":"48085"},"id":"Collin","arcs":[[-165,-115,-129,-170,171,172]]},{"type":"Polygon","properties":{"name":"Titus","fips":"48449"},"id":"Titus","arcs":[[173,174,-113,175]]},{"type":"Polygon","properties":{"name":"Haskell","fips":"48207"},"id":"Haskell","arcs":[[176,-145,177,178,179]]},{"type":"Polygon","properties":{"name":"Throckmorton","fips":"48447"},"id":"Throckmorton","arcs":[[180,-178,-146,181,182]]},{"type":"Polygon","properties":{"name":"Young","fips":"48503"},"id":"Young","arcs":[[183,-182,-139,-156,184]]},{"type":"Polygon","properties":{"name":"Kent","fips":"48263"},"id":"Kent","arcs":[[185,-133,186,187,188]]},{"type":"Polygon","properties":{"name":"Stonewall","fips":"48433"},"id":"Stonewall","arcs":[[-187,-132,-177,189,190]]},{"type":"Polygon","properties":{"name":"Franklin","fips":"48159"},"id":"Franklin","arcs":[[191,192,-154,-114,-175,193]]},{"type":"Polygon","properties":{"name":"Garza","fips":"48169"},"id":"Garza","arcs":[[194,195,-136,-186,196]]},{"type":"Polygon","properties":{"name":"Lynn","fips":"48305"},"id":"Lynn","arcs":[[197,198,-138,-196,199]]},{"type":"Polygon","properties":{"name":"Terry","fips":"48445"},"id":"Terry","arcs":[[200,201,-149,-142,-199,202]]},{"type":"Polygon","properties":{"name":"Yoakum","fips":"48501"},"id":"Yoakum","arcs":[[203,204,-147,-202]]},{"type":"Polygon","properties":{"name":"Hopkins","fips":"48223"},"id":"Hopkins","arcs":[[205,206,-171,-155,-193]]},{"type":"Polygon","properties":{"name":"Morris","fips":"48343"},"id":"Morris","arcs":[[207,208,209,-176,-112,-152,210]]},{"type":"Polygon","properties":{"name":"Cass","fips":"48067"},"id":"Cass","arcs":[[211,-211,-151,212]]},{"type":"Polygon","properties":{"name":"Camp","fips":"48063"},"id":"Camp","arcs":[[213,214,-194,-174,-210]]},{"type":"Polygon","properties":{"name":"Wood","fips":"48499"},"id":"Wood","arcs":[[215,216,-206,-192,-215,217,218]]},{"type":"Polygon","properties":{"name":"Palo Pinto","fips":"48363"},"id":"Palo Pinto","arcs":[[219,-185,-159,220,221,222,223]]},{"type":"Polygon","properties":{"name":"Parker","fips":"48367"},"id":"Parker","arcs":[[-221,-158,-162,224,225,226]]},{"type":"Polygon","properties":{"name":"Tarrant","fips":"48439"},"id":"Tarrant","arcs":[[227,228,-225,-161,-164,229]]},{"type":"Polygon","properties":{"name":"Dallas","fips":"48113"},"id":"Dallas","arcs":[[-230,-163,-173,230,231,232]]},{"type":"Polygon","properties":{"name":"Rockwall","fips":"48397"},"id":"Rockwall","arcs":[[233,-231,-172,-169]]},{"type":"Polygon","properties":{"name":"Rains","fips":"48379"},"id":"Rains","arcs":[[234,-166,-207,-217]]},{"type":"Polygon","properties":{"name":"Shackelford","fips":"48417"},"id":"Shackelford","arcs":[[235,236,237,-179,-181,238]]},{"type":"Polygon","properties":{"name":"Jones","fips":"48253"},"id":"Jones","arcs":[[239,240,-190,-180,-238,241]]},{"type":"Polygon","properties":{"name":"Fisher","fips":"48151"},"id":"Fisher","arcs":[[242,243,-188,-191,-241]]},{"type":"Polygon","properties":{"name":"Scurry","fips":"48415"},"id":"Scurry","arcs":[[244,245,-197,-189,-244]]},{"type":"Polygon","properties":{"name":"Borden","fips":"48033"},"id":"Borden","arcs":[[246,247,-200,-195,-246]]},{"type":"Polygon","properties":{"name":"Dawson","fips":"48115"},"id":"Dawson","arcs":[[248,249,-203,-198,-248]]},{"type":"Polygon","properties":{"name":"Stephens","fips":"48429"},"id":"Stephens","arcs":[[250,-239,-183,-184,-220]]},{"type":"Polygon","properties":{"name":"Gaines","fips":"48165"},"id":"Gaines","arcs":[[251,-204,-201,-250,252]]},{"type":"Polygon","properties":{"name":"Upshur","fips":"48459"},"id":"Upshur","arcs":[[-218,-214,-209,253,254,255,256]]},{"type":"Polygon","properties":{"name":"Marion","fips":"48315"},"id":"Marion","arcs":[[257,258,-254,-208,-212]]},{"type":"Polygon","properties":{"name":"Kaufman","fips":"48257"},"id":"Kaufman","arcs":[[259,-232,-234,-168,260,261]]},{"type":"Polygon","properties":{"name":"Van Zandt","fips":"48467"},"id":"Van Zandt","arcs":[[-261,-167,-235,-216,262,263]]},{"type":"Polygon","properties":{"name":"Harrison","fips":"48203"},"id":"Harrison","arcs":[[264,265,266,267,-255,-259]]},{"type":"Polygon","properties":{"name":"Smith","fips":"48423"},"id":"Smith","arcs":[[268,269,-263,-219,-257,270,271]]},{"type":"Polygon","properties":{"name":"Gregg","fips":"48183"},"id":"Gregg","arcs":[[-271,-256,-268,272]]},{"type":"Polygon","properties":{"name":"Johnson","fips":"48251"},"id":"Johnson","arcs":[[273,274,-226,-229,275,276,277]]},{"type":"Polygon","properties":{"name":"Hood","fips":"48221"},"id":"Hood","arcs":[[278,-222,-227,-275,279]]},{"type":"Polygon","properties":{"name":"Ellis","fips":"48139"},"id":"Ellis","arcs":[[-276,-228,-233,-260,280,281,282]]},{"type":"Polygon","properties":{"name":"Taylor","fips":"48441"},"id":"Taylor","arcs":[[283,284,285,-240,286]]},{"type":"Polygon","properties":{"name":"Howard","fips":"48227"},"id":"Howard","arcs":[[287,288,-247,289,290]]},{"type":"Polygon","properties":{"name":"Mitchell","fips":"48335"},"id":"Mitchell","arcs":[[291,292,-290,-245,293]]},{"type":"Polygon","properties":{"name":"Eastland","fips":"48133"},"id":"Eastland","arcs":[[294,-236,-251,-224,295,296,297]]},{"type":"Polygon","properties":{"name":"Callahan","fips":"48059"},"id":"Callahan","arcs":[[298,-287,-242,-237,-295,299]]},{"type":"Polygon","properties":{"name":"Martin","fips":"48317"},"id":"Martin","arcs":[[300,301,-249,-289,302]]},{"type":"Polygon","properties":{"name":"Andrews","fips":"48003"},"id":"Andrews","arcs":[[-253,-302,303,304,305,306]]},{"type":"Polygon","properties":{"name":"Nolan","fips":"48353"},"id":"Nolan","arcs":[[307,308,-294,-243,-286]]},{"type":"Polygon","properties":{"name":"Erath","fips":"48143"},"id":"Erath","arcs":[[309,310,-296,-223,-279,311,312]]},{"type":"Polygon","properties":{"name":"Rusk","fips":"48401"},"id":"Rusk","arcs":[[313,-272,-273,-267,314,315,316]]},{"type":"Polygon","properties":{"name":"Panola","fips":"48365"},"id":"Panola","arcs":[[-315,-266,317,318]]},{"type":"Polygon","properties":{"name":"Henderson","fips":"48213"},"id":"Henderson","arcs":[[319,320,-281,-262,-264,-270,321]]},{"type":"Polygon","properties":{"name":"Navarro","fips":"48349"},"id":"Navarro","arcs":[[322,323,-282,-321,324]]},{"type":"Polygon","properties":{"name":"Somervell","fips":"48425"},"id":"Somervell","arcs":[[-312,-280,-274,325]]},{"type":"Polygon","properties":{"name":"Hill","fips":"48217"},"id":"Hill","arcs":[[326,-277,-283,-324,327,328]]},{"type":"Polygon","properties":{"name":"Comanche","fips":"48093"},"id":"Comanche","arcs":[[329,330,-297,-311,331]]},{"type":"Polygon","properties":{"name":"Bosque","fips":"48035"},"id":"Bosque","arcs":[[332,-313,-326,-278,-327,333,334]]},{"type":"Polygon","properties":{"name":"Cherokee","fips":"48073"},"id":"Cherokee","arcs":[[335,336,337,-322,-269,-314,338]]},{"type":"Polygon","properties":{"name":"Sterling","fips":"48431"},"id":"Sterling","arcs":[[339,-291,-293,340,341,342]]},{"type":"Polygon","properties":{"name":"Glasscock","fips":"48173"},"id":"Glasscock","arcs":[[343,344,-303,-288,-340]]},{"type":"Polygon","properties":{"name":"Midland","fips":"48329"},"id":"Midland","arcs":[[345,346,-304,-301,-345]]},{"type":"Polygon","properties":{"name":"Coke","fips":"48081"},"id":"Coke","arcs":[[347,-341,-292,-309,348]]},{"type":"Polygon","properties":{"name":"Winkler","fips":"48495"},"id":"Winkler","arcs":[[349,350,351,-306,352]]},{"type":"Polygon","properties":{"name":"Ector","fips":"48135"},"id":"Ector","arcs":[[-353,-305,-347,353,354,355]]},{"type":"Polygon","properties":{"name":"Runnels","fips":"48399"},"id":"Runnels","arcs":[[356,-349,-308,-285,357,358]]},{"type":"Polygon","properties":{"name":"Coleman","fips":"48083"},"id":"Coleman","arcs":[[359,360,-358,-284,-299,361]]},{"type":"Polygon","properties":{"name":"Brown","fips":"48049"},"id":"Brown","arcs":[[-362,-300,-298,-331,362,363,364]]},{"type":"Polygon","properties":{"name":"Anderson","fips":"48001"},"id":"Anderson","arcs":[[365,366,-320,-338,367]]},{"type":"Polygon","properties":{"name":"Hamilton","fips":"48193"},"id":"Hamilton","arcs":[[368,369,-332,-310,-333,370]]},{"type":"Polygon","properties":{"name":"Freestone","fips":"48161"},"id":"Freestone","arcs":[[371,-325,-367,372]]},{"type":"Polygon","properties":{"name":"Culberson","fips":"48109"},"id":"Culberson","arcs":[[373,374,375,376]]},{"type":"Polygon","properties":{"name":"Reeves","fips":"48389"},"id":"Reeves","arcs":[[-376,377,378,379,380,381]]},{"type":"Polygon","properties":{"name":"Loving","fips":"48301"},"id":"Loving","arcs":[[382,-379,383,-351]]},{"type":"Polygon","properties":{"name":"Hudspeth","fips":"48229"},"id":"Hudspeth","arcs":[[384,385,386,-374,387]]},{"type":"Polygon","properties":{"name":"El Paso","fips":"48141"},"id":"El Paso","arcs":[[388,-386]]},{"type":"Polygon","properties":{"name":"Shelby","fips":"48419"},"id":"Shelby","arcs":[[389,390,391,-316,-319,392]]},{"type":"Polygon","properties":{"name":"McLennan","fips":"48309"},"id":"McLennan","arcs":[[393,-334,-329,394,395,396]]},{"type":"Polygon","properties":{"name":"Nacogdoches","fips":"48347"},"id":"Nacogdoches","arcs":[[397,-339,-317,-392,398]]},{"type":"Polygon","properties":{"name":"Limestone","fips":"48293"},"id":"Limestone","arcs":[[399,400,-395,-328,-323,-372,401]]},{"type":"Polygon","properties":{"name":"Mills","fips":"48333"},"id":"Mills","arcs":[[402,-363,-330,-370,403]]},{"type":"Polygon","properties":{"name":"Coryell","fips":"48099"},"id":"Coryell","arcs":[[404,-371,-335,-394,405]]},{"type":"Polygon","properties":{"name":"Tom Green","fips":"48451"},"id":"Tom Green","arcs":[[406,407,408,-342,-348,-357,409]]},{"type":"Polygon","properties":{"name":"Ward","fips":"48475"},"id":"Ward","arcs":[[-380,-383,-350,-356,410,411]]},{"type":"Polygon","properties":{"name":"San Augustine","fips":"48405"},"id":"San Augustine","arcs":[[412,413,-399,-391,414]]},{"type":"Polygon","properties":{"name":"Crane","fips":"48103"},"id":"Crane","arcs":[[415,416,-411,-355,417]]},{"type":"Polygon","properties":{"name":"Upton","fips":"48461"},"id":"Upton","arcs":[[418,-418,-354,-346,419]]},{"type":"Polygon","properties":{"name":"Reagan","fips":"48383"},"id":"Reagan","arcs":[[-420,-344,-343,-409,420,421]]},{"type":"Polygon","properties":{"name":"Leon","fips":"48289"},"id":"Leon","arcs":[[422,423,-402,-373,-366,424]]},{"type":"Polygon","properties":{"name":"Sabine","fips":"48403"},"id":"Sabine","arcs":[[425,-415,-390,426,427]]},{"type":"Polygon","properties":{"name":"Houston","fips":"48225"},"id":"Houston","arcs":[[428,429,-425,-368,-337,430,431]]},{"type":"Polygon","properties":{"name":"Concho","fips":"48095"},"id":"Concho","arcs":[[432,-410,-359,-361,433]]},{"type":"Polygon","properties":{"name":"Irion","fips":"48235"},"id":"Irion","arcs":[[434,435,-421,-408]]},{"type":"Polygon","properties":{"name":"Angelina","fips":"48005"},"id":"Angelina","arcs":[[436,437,-431,-336,-398,-414,438,439]]},{"type":"Polygon","properties":{"name":"Falls","fips":"48145"},"id":"Falls","arcs":[[440,-396,-401,441,442]]},{"type":"Polygon","properties":{"name":"McCulloch","fips":"48307"},"id":"McCulloch","arcs":[[443,-434,-360,-365,444,445]]},{"type":"Polygon","properties":{"name":"San Saba","fips":"48411"},"id":"San Saba","arcs":[[446,-445,-364,-403,447,448,449]]},{"type":"Polygon","properties":{"name":"Lampasas","fips":"48281"},"id":"Lampasas","arcs":[[450,-448,-404,-369,-405,451]]},{"type":"Polygon","properties":{"name":"Trinity","fips":"48455"},"id":"Trinity","arcs":[[452,453,-432,-438,454]]},{"type":"Polygon","properties":{"name":"Pecos","fips":"48371"},"id":"Pecos","arcs":[[455,456,457,-381,-412,-417,458]]},{"type":"Polygon","properties":{"name":"Robertson","fips":"48395"},"id":"Robertson","arcs":[[459,-442,-400,-424,460,461]]},{"type":"Polygon","properties":{"name":"Bell","fips":"48027"},"id":"Bell","arcs":[[462,-452,-406,-397,-441,463,464]]},{"type":"Polygon","properties":{"name":"Newton","fips":"48351"},"id":"Newton","arcs":[[465,-428,466,467]]},{"type":"Polygon","properties":{"name":"Jasper","fips":"48241"},"id":"Jasper","arcs":[[468,469,470,-439,-413,-426,-466]]},{"type":"Polygon","properties":{"name":"Polk","fips":"48373"},"id":"Polk","arcs":[[471,-455,-437,472,473,474]]},{"type":"Polygon","properties":{"name":"Milam","fips":"48331"},"id":"Milam","arcs":[[475,476,-464,-443,-460,477]]},{"type":"Polygon","properties":{"name":"Jeff Davis","fips":"48243"},"id":"Jeff Davis","arcs":[[-388,-377,-382,-458,478,479]]},{"type":"Polygon","properties":{"name":"Madison","fips":"48313"},"id":"Madison","arcs":[[480,481,-423,-430,482]]},{"type":"Polygon","properties":{"name":"Schleicher","fips":"48413"},"id":"Schleicher","arcs":[[483,-435,-407,484,485,486]]},{"type":"Polygon","properties":{"name":"Menard","fips":"48327"},"id":"Menard","arcs":[[487,-485,-433,-444,488]]},{"type":"Polygon","properties":{"name":"Crockett","fips":"48105"},"id":"Crockett","arcs":[[489,490,-459,-416,-419,-422,-436,-484,491]]},{"type":"Polygon","properties":{"name":"Tyler","fips":"48457"},"id":"Tyler","arcs":[[492,-473,-440,-471]]},{"type":"Polygon","properties":{"name":"Walker","fips":"48471"},"id":"Walker","arcs":[[493,-483,-429,-454,494,495]]},{"type":"Polygon","properties":{"name":"Burnet","fips":"48053"},"id":"Burnet","arcs":[[496,-449,-451,-463,497,498,499]]},{"type":"Polygon","properties":{"name":"Brazos","fips":"48041"},"id":"Brazos","arcs":[[500,501,-461,-482,502]]},{"type":"Polygon","properties":{"name":"Mason","fips":"48319"},"id":"Mason","arcs":[[503,504,-489,-446,-447,505]]},{"type":"Polygon","properties":{"name":"Llano","fips":"48299"},"id":"Llano","arcs":[[506,507,-506,-450,-497]]},{"type":"Polygon","properties":{"name":"Williamson","fips":"48491"},"id":"Williamson","arcs":[[508,-498,-465,-477,509,510]]},{"type":"Polygon","properties":{"name":"San Jacinto","fips":"48407"},"id":"San Jacinto","arcs":[[511,-495,-453,-472,512]]},{"type":"Polygon","properties":{"name":"Grimes","fips":"48185"},"id":"Grimes","arcs":[[513,514,-503,-481,-494,515]]},{"type":"Polygon","properties":{"name":"Burleson","fips":"48051"},"id":"Burleson","arcs":[[516,517,-478,-462,-502]]},{"type":"Polygon","properties":{"name":"Kimble","fips":"48267"},"id":"Kimble","arcs":[[518,519,-486,-488,-505,520,521]]},{"type":"Polygon","properties":{"name":"Sutton","fips":"48435"},"id":"Sutton","arcs":[[522,-492,-487,-520,523]]},{"type":"Polygon","properties":{"name":"Brewster","fips":"48043"},"id":"Brewster","arcs":[[524,-479,-457,525,526]]},{"type":"Polygon","properties":{"name":"Terrell","fips":"48443"},"id":"Terrell","arcs":[[527,-526,-456,-491,528]]},{"type":"Polygon","properties":{"name":"Presidio","fips":"48377"},"id":"Presidio","arcs":[[-480,-525,529]]},{"type":"Polygon","properties":{"name":"Travis","fips":"48453"},"id":"Travis","arcs":[[530,531,532,-499,-509,533]]},{"type":"Polygon","properties":{"name":"Montgomery","fips":"48339"},"id":"Montgomery","arcs":[[534,535,-516,-496,-512,536]]},{"type":"Polygon","properties":{"name":"Lee","fips":"48287"},"id":"Lee","arcs":[[537,538,-510,-476,-518,539]]},{"type":"Polygon","properties":{"name":"Hardin","fips":"48199"},"id":"Hardin","arcs":[[540,541,-474,-493,-470,542]]},{"type":"Polygon","properties":{"name":"Gillespie","fips":"48171"},"id":"Gillespie","arcs":[[543,544,-521,-504,-508,545]]},{"type":"Polygon","properties":{"name":"Blanco","fips":"48031"},"id":"Blanco","arcs":[[546,547,-546,-507,-500,-533,548]]},{"type":"Polygon","properties":{"name":"Liberty","fips":"48291"},"id":"Liberty","arcs":[[549,550,-537,-513,-475,-542,551]]},{"type":"Polygon","properties":{"name":"Bastrop","fips":"48021"},"id":"Bastrop","arcs":[[552,-534,-511,-539,553]]},{"type":"Polygon","properties":{"name":"Washington","fips":"48477"},"id":"Washington","arcs":[[554,555,-540,-517,-501,-515,556]]},{"type":"Polygon","properties":{"name":"Hays","fips":"48209"},"id":"Hays","arcs":[[557,-549,-532,558,559]]},{"type":"Polygon","properties":{"name":"Edwards","fips":"48137"},"id":"Edwards","arcs":[[560,561,562,-524,-519,563,564]]},{"type":"Polygon","properties":{"name":"Val Verde","fips":"48465"},"id":"Val Verde","arcs":[[565,566,-529,-490,-523,-563]]},{"type":"Polygon","properties":{"name":"Kerr","fips":"48265"},"id":"Kerr","arcs":[[567,-564,-522,-545,568,569]]},{"type":"Polygon","properties":{"name":"Waller","fips":"48473"},"id":"Waller","arcs":[[570,571,-557,-514,-536,572]]},{"type":"Polygon","properties":{"name":"Orange","fips":"48361"},"id":"Orange","arcs":[[573,-543,-469,-468,574]]},{"type":"Polygon","properties":{"name":"Jefferson","fips":"48245"},"id":"Jefferson","arcs":[[575,-552,-541,-574,576]]},{"type":"Polygon","properties":{"name":"Fayette","fips":"48149"},"id":"Fayette","arcs":[[577,578,-554,-538,-556,579,580]]},{"type":"Polygon","properties":{"name":"Harris","fips":"48201"},"id":"Harris","arcs":[[581,582,-573,-535,-551,583,584,585]]},{"type":"Polygon","properties":{"name":"Kendall","fips":"48259"},"id":"Kendall","arcs":[[586,587,-569,-544,-548,588]]},{"type":"Polygon","properties":{"name":"Austin","fips":"48015"},"id":"Austin","arcs":[[589,-580,-555,-572,590,591]]},{"type":"Polygon","properties":{"name":"Real","fips":"48385"},"id":"Real","arcs":[[592,-565,-568,593]]},{"type":"Polygon","properties":{"name":"Caldwell","fips":"48055"},"id":"Caldwell","arcs":[[594,-559,-531,-553,595]]},{"type":"Polygon","properties":{"name":"Comal","fips":"48091"},"id":"Comal","arcs":[[596,-589,-547,-558,597]]},{"type":"Polygon","properties":{"name":"Colorado","fips":"48089"},"id":"Colorado","arcs":[[598,599,-581,-590,600]]},{"type":"Polygon","properties":{"name":"Bandera","fips":"48019"},"id":"Bandera","arcs":[[-594,-570,-588,601,602,603]]},{"type":"Polygon","properties":{"name":"Chambers","fips":"48071"},"id":"Chambers","arcs":[[604,605,-584,-550,-576,606]]},{"type":"Polygon","properties":{"name":"Guadalupe","fips":"48187"},"id":"Guadalupe","arcs":[[607,-598,-560,-595,608,609]]},{"type":"Polygon","properties":{"name":"Fort Bend","fips":"48157"},"id":"Fort Bend","arcs":[[610,-591,-571,-583,611]]},{"type":"Polygon","properties":{"name":"Gonzales","fips":"48177"},"id":"Gonzales","arcs":[[612,-609,-596,-579,613,614,615]]},{"type":"Polygon","properties":{"name":"Bexar","fips":"48029"},"id":"Bexar","arcs":[[616,-602,-587,-597,-608,617,618]]},{"type":"Polygon","properties":{"name":"Medina","fips":"48325"},"id":"Medina","arcs":[[619,620,-603,-617,621]]},{"type":"Polygon","properties":{"name":"Lavaca","fips":"48285"},"id":"Lavaca","arcs":[[622,-614,-578,-600,623,624]]},{"type":"Polygon","properties":{"name":"Wharton","fips":"48481"},"id":"Wharton","arcs":[[625,626,-601,-592,-611,627]]},{"type":"Polygon","properties":{"name":"Uvalde","fips":"48463"},"id":"Uvalde","arcs":[[628,629,-561,-593,-604,-621]]},{"type":"Polygon","properties":{"name":"Kinney","fips":"48271"},"id":"Kinney","arcs":[[630,631,-566,-562,-630]]},{"type":"Polygon","properties":{"name":"Brazoria","fips":"48039"},"id":"Brazoria","arcs":[[632,633,-628,-612,-582,634]]},{"type":"MultiPolygon","properties":{"name":"Galveston","fips":"48167"},"id":"Galveston","arcs":[[[-605,635]],[[-635,-586,636]],[[637]]]},{"type":"Polygon","properties":{"name":"Wilson","fips":"48493"},"id":"Wilson","arcs":[[638,-618,-610,-613,639]]},{"type":"Polygon","properties":{"name":"DeWitt","fips":"48123"},"id":"DeWitt","arcs":[[640,641,-615,-623,642]]},{"type":"Polygon","properties":{"name":"Jackson","fips":"48239"},"id":"Jackson","arcs":[[643,644,645,646,647,648,-624,-599,-627,649]]},{"type":"Polygon","properties":{"name":"Atascosa","fips":"48013"},"id":"Atascosa","arcs":[[650,-622,-619,-639,651,652,653]]},{"type":"Polygon","properties":{"name":"Matagorda","fips":"48321"},"id":"Matagorda","arcs":[[654,-650,-626,-634,655]]},{"type":"Polygon","properties":{"name":"Karnes","fips":"48255"},"id":"Karnes","arcs":[[656,-652,-640,-616,-642,657,658]]},{"type":"Polygon","properties":{"name":"Victoria","fips":"48469"},"id":"Victoria","arcs":[[659,-643,-625,-649,660,661]]},{"type":"Polygon","properties":{"name":"Zavala","fips":"48507"},"id":"Zavala","arcs":[[662,663,-629,664]]},{"type":"Polygon","properties":{"name":"Frio","fips":"48163"},"id":"Frio","arcs":[[665,666,-665,-620,-651]]},{"type":"Polygon","properties":{"name":"Maverick","fips":"48323"},"id":"Maverick","arcs":[[667,668,-631,-664,669]]},{"type":"Polygon","properties":{"name":"Goliad","fips":"48175"},"id":"Goliad","arcs":[[670,-658,-641,-660,671]]},{"type":"Polygon","properties":{"name":"Live Oak","fips":"48297"},"id":"Live Oak","arcs":[[672,673,-653,-657,674,675,676]]},{"type":"Polygon","properties":{"name":"Bee","fips":"48025"},"id":"Bee","arcs":[[677,-675,-659,-671,678]]},{"type":"Polygon","properties":{"name":"La Salle","fips":"48283"},"id":"La Salle","arcs":[[679,680,-666,681]]},{"type":"Polygon","properties":{"name":"McMullen","fips":"48311"},"id":"McMullen","arcs":[[682,-682,-654,-674]]},{"type":"Polygon","properties":{"name":"Dimmit","fips":"48127"},"id":"Dimmit","arcs":[[683,-670,-663,-667,-681]]},{"type":"Polygon","properties":{"name":"Refugio","fips":"48391"},"id":"Refugio","arcs":[[684,-679,-672,-662,685,686,687,688]]},{"type":"MultiPolygon","properties":{"name":"Calhoun","fips":"48057"},"id":"Calhoun","arcs":[[[-661,-648,689,-686]],[[690,-646]],[[-644,-655,691]],[[692]],[[693,694]]]},{"type":"Polygon","properties":{"name":"Webb","fips":"48479"},"id":"Webb","arcs":[[695,696,-668,-684,-680,697,698]]},{"type":"Polygon","properties":{"name":"San Patricio","fips":"48409"},"id":"San Patricio","arcs":[[699,700,-676,-678,-685,701,702,703]]},{"type":"MultiPolygon","properties":{"name":"Aransas","fips":"48007"},"id":"Aransas","arcs":[[[-694,704,-688,705]],[[706]],[[-703,707]]]},{"type":"Polygon","properties":{"name":"Duval","fips":"48131"},"id":"Duval","arcs":[[708,-698,-683,-673,709,710]]},{"type":"Polygon","properties":{"name":"Jim Wells","fips":"48249"},"id":"Jim Wells","arcs":[[-710,-677,-701,711,712,713]]},{"type":"MultiPolygon","properties":{"name":"Nueces","fips":"48355"},"id":"Nueces","arcs":[[[714,-712,-700,715]],[[716,717]]]},{"type":"MultiPolygon","properties":{"name":"Kleberg","fips":"48273"},"id":"Kleberg","arcs":[[[718,719,-713,-715,720]],[[-717,721,722,723]]]},{"type":"Polygon","properties":{"name":"Jim Hogg","fips":"48247"},"id":"Jim Hogg","arcs":[[724,725,-699,-709,726]]},{"type":"Polygon","properties":{"name":"Zapata","fips":"48505"},"id":"Zapata","arcs":[[727,-696,-726,728]]},{"type":"Polygon","properties":{"name":"Brooks","fips":"48047"},"id":"Brooks","arcs":[[729,-727,-711,-714,-720,730,731]]},{"type":"MultiPolygon","properties":{"name":"Kenedy","fips":"48261"},"id":"Kenedy","arcs":[[[732,-731,-719,733,734]],[[735,-723]],[[736,737]]]},{"type":"Polygon","properties":{"name":"Starr","fips":"48427"},"id":"Starr","arcs":[[738,-729,-725,-730,739]]},{"type":"Polygon","properties":{"name":"Hidalgo","fips":"48215"},"id":"Hidalgo","arcs":[[-740,-732,-733,740,741,742]]},{"type":"MultiPolygon","properties":{"name":"Willacy","fips":"48489"},"id":"Willacy","arcs":[[[-741,-735,743,744]],[[745,746,-737,747]]]},{"type":"MultiPolygon","properties":{"name":"Cameron","fips":"48061"},"id":"Cameron","arcs":[[[-746,748]],[[-742,-745,749]]]}]}},"arcs":[[[5061,9589],[-413,1]],[[4648,9590],[-7,405]],[[4641,9995],[413,4],[4,-1],[3,-409]],[[3410,9587],[2,409]],[[3412,9996],[99,2],[315,-1]],[[3826,9997],[1,-410]],[[3827,9587],[-417,0]],[[3410,9587],[-651,1]],[[2759,9588],[-3,409],[23,1],[633,-2]],[[3826,9997],[404,-3]],[[4230,9994],[6,-406]],[[4236,9588],[-409,-1]],[[4230,9994],[101,1],[310,0]],[[4648,9590],[-412,-2]],[[4227,9183],[9,405]],[[4648,9590],[-2,-407]],[[4646,9183],[-413,0]],[[4233,9183],[-6,0]],[[5059,9177],[-413,6]],[[5061,9589],[0,-163],[-2,-249]],[[4227,9183],[-402,1]],[[3825,9184],[2,403]],[[2760,9182],[0,111],[-1,295]],[[3410,9587],[5,-404]],[[3415,9183],[-655,-1]],[[3825,9184],[-410,-1]],[[3422,8766],[-7,417]],[[3825,9184],[-3,-417]],[[3822,8767],[-400,-1]],[[4233,9183],[-1,-416]],[[4232,8767],[-410,0]],[[4646,9183],[5,-416]],[[4651,8767],[-419,0]],[[5059,9177],[4,-182],[-2,-228]],[[5061,8767],[-410,0]],[[2757,8763],[3,419]],[[3422,8766],[-8,0]],[[3414,8766],[-657,-3]],[[3542,8364],[-133,-4]],[[3409,8360],[5,406]],[[3822,8767],[-2,-403]],[[3820,8364],[-278,0]],[[4231,8360],[-290,1]],[[3941,8361],[-121,3]],[[4232,8767],[-1,-407]],[[4645,8359],[6,408]],[[5061,8767],[1,-142],[-2,-266]],[[5060,8359],[-319,-1]],[[4741,8358],[-96,1]],[[4645,8359],[-304,0]],[[4341,8359],[-110,1]],[[3144,8365],[-384,-8]],[[2760,8357],[-2,206],[-1,200]],[[3409,8360],[-265,5]],[[2754,7946],[6,411]],[[3144,8365],[-3,-418]],[[3141,7947],[-67,0]],[[3074,7947],[-320,-1]],[[3542,8364],[1,-415]],[[3543,7949],[-71,-2]],[[3472,7947],[-331,0]],[[3942,7948],[-71,-1]],[[3871,7947],[-328,2]],[[3941,8361],[1,-413]],[[4262,7950],[-320,-2]],[[4341,8359],[-2,-405]],[[4339,7954],[-77,-4]],[[5061,7951],[-322,2]],[[4739,7953],[2,405]],[[5060,8359],[2,-174]],[[5062,8185],[-1,-234]],[[4739,7953],[-75,-1]],[[4664,7952],[-325,2]],[[5060,7873],[1,78]],[[5062,8185],[18,0],[21,16],[10,0],[39,-29],[15,-28],[24,-16],[39,-54],[71,-62],[63,-9],[13,16],[5,22],[19,6],[39,-10],[17,-20]],[[5455,8017],[4,-289]],[[5459,7728],[-12,-8],[-16,9],[-13,1],[-14,-14],[-10,-1],[-67,32],[-19,-10],[-36,10],[-40,-5],[-172,131]],[[5856,7501],[-394,-6]],[[5462,7495],[-3,233]],[[5455,8017],[31,-17],[22,4],[12,26],[1,30],[22,20],[31,-35],[43,-14],[10,-28],[37,-34],[7,-25],[-7,-47],[11,-30],[11,-10],[37,-11],[37,7],[33,-9],[30,10],[33,-14]],[[5856,7840],[0,-339]],[[4263,7504],[-1,446]],[[4664,7952],[-5,-445]],[[4659,7507],[-396,-3]],[[5060,7873],[-11,-2],[-14,11],[-18,-11],[-3,-363]],[[5014,7508],[-355,-1]],[[3870,7502],[1,445]],[[4263,7504],[-393,-2]],[[3476,7501],[-4,446]],[[3870,7502],[-394,-1]],[[3077,7498],[-3,449]],[[3476,7501],[-399,-3]],[[2752,7494],[2,452]],[[3077,7498],[-325,-4]],[[5462,7495],[1,-90]],[[5463,7405],[-11,11],[-8,23],[-20,4],[-3,12],[-15,-1],[-3,12],[-15,-5],[-9,10],[-10,-15],[-8,12],[-36,18],[-11,-5],[-21,12],[-8,-25],[-5,0],[-6,16],[-6,-15],[-7,8],[-13,-9],[-1,21],[-12,-6],[-30,6],[-11,-6],[-12,18],[-122,-1]],[[5060,7500],[-2,9],[-44,-1]],[[5856,7840],[47,-32],[61,-14],[24,-13],[56,-1],[18,18],[15,-3],[27,11],[15,-7],[23,-8],[15,-35],[44,-36],[39,-12],[20,11]],[[6260,7719],[3,-218]],[[6263,7501],[-407,0]],[[6264,7160],[-1,341]],[[6260,7719],[11,16],[12,4],[5,27],[26,25],[23,-3],[33,-15],[79,-7],[28,21],[16,10],[16,-13],[-12,-61],[18,-61],[23,-14],[25,-3],[31,13],[25,-28],[2,-11],[-12,-10],[9,-15],[-19,-19],[0,-9]],[[6599,7566],[-2,-407]],[[6597,7159],[-333,1]],[[6599,7566],[16,-18],[35,-9],[30,-18],[13,2],[47,31],[26,40],[21,6],[19,31],[25,16],[54,-18],[6,-49],[13,-14],[16,1],[27,12],[31,-8]],[[6978,7571],[0,-445]],[[6978,7126],[-336,2]],[[6642,7128],[-44,3],[-1,28]],[[8634,7078],[0,473]],[[8634,7551],[11,0],[7,29],[11,-19],[9,7],[0,30],[13,26],[65,-20],[16,-2],[1,-23],[6,-4],[18,9],[10,-3],[-6,-21],[5,-7],[15,27],[0,-20],[16,-11],[4,-17],[19,3],[17,-13],[16,10],[7,-17],[15,-7],[0,-24],[16,1],[8,-12],[-4,-13],[24,-14],[18,-24],[30,0],[12,-9],[15,13],[15,-1],[-14,-10],[-1,-8],[26,3],[-10,-19],[15,2],[-9,-10],[10,-6]],[[9060,7377],[-3,-342]],[[9057,7035],[-10,-7],[-13,2],[-33,46]],[[9001,7076],[-28,5],[-21,12],[-21,-8],[-68,6],[-26,-12],[-19,9],[-44,-1]],[[8774,7087],[-24,-5],[-15,4],[-12,-11],[-13,8],[-33,-9],[-43,4]],[[7816,7100],[-346,-9]],[[7470,7091],[0,22],[-81,4]],[[7389,7117],[1,491]],[[7390,7608],[5,13],[24,-11],[12,-24],[3,-38],[13,-21],[13,-3],[23,13],[13,-2],[37,-36],[28,2],[14,13],[12,53],[9,9],[62,-16],[-23,-31],[10,-19],[30,-17],[39,-9],[7,-26],[11,-9],[51,10],[37,-46]],[[7820,7413],[-4,-313]],[[7389,7117],[-336,9]],[[7053,7126],[-75,0]],[[6978,7571],[12,-5],[4,-12],[3,-51],[33,-14],[35,10],[17,29],[20,8],[1,23],[31,-21],[7,-13],[10,13],[3,20],[27,11],[18,-6],[18,-34],[-4,-15],[-20,-11],[-10,-15],[15,-63],[28,-23],[28,-2],[19,5],[5,10],[-3,62],[29,14],[-22,14],[-3,12],[9,6],[34,-15],[15,9],[14,24],[0,64],[15,-7],[24,10]],[[8634,7078],[-36,9],[-40,30],[-162,57],[-52,-3],[-29,10],[-35,1],[-65,-26]],[[8215,7156],[4,352]],[[8219,7508],[16,2],[23,20],[21,-12],[3,26],[2,13],[11,10],[36,-8],[50,23],[16,0],[-2,16],[7,7],[33,-8],[13,-30],[20,3],[-6,-9],[-15,-4],[2,-7],[24,11],[11,-15],[23,5],[13,-20],[92,5],[-5,25],[27,-10]],[[7820,7413],[18,-32],[24,-4],[12,12],[8,45],[9,10],[50,-15],[19,2],[14,10],[6,27],[15,21],[-10,3],[-20,-15],[-2,7],[11,13],[15,6],[30,-6],[14,14],[33,-3],[16,14],[10,-11],[9,12],[-1,15],[7,2],[13,-16],[14,7],[12,23],[7,0],[66,-46]],[[8215,7156],[-1,-52]],[[8214,7104],[-329,-54]],[[7885,7050],[-68,-12],[-1,62]],[[4664,7085],[-5,422]],[[5060,7500],[8,-410]],[[5068,7090],[-404,-5]],[[4664,7085],[-187,5],[-213,-4]],[[4264,7086],[-1,418]],[[3870,7085],[0,417]],[[4264,7086],[-394,-1]],[[3482,7084],[-6,417]],[[3870,7085],[-388,-1]],[[6264,7092],[-408,0]],[[5856,7092],[0,409]],[[6264,7160],[0,-68]],[[3482,7084],[-392,-6]],[[3090,7078],[-13,420]],[[5463,7405],[1,-312]],[[5464,7093],[-396,-3]],[[5856,7092],[-392,1]],[[3087,7078],[-343,-5]],[[2744,7073],[4,176],[4,245]],[[3090,7078],[-3,0]],[[9060,7377],[38,-11],[17,6],[10,-4],[9,-13],[-18,-6],[-1,-5],[8,-2],[15,6],[5,12],[24,-17],[12,13],[5,-8],[13,1],[-3,-8],[-15,-1],[-3,-6],[9,-3],[24,9],[3,-13],[-16,-5],[0,-7],[9,-3],[25,10],[-5,-21],[11,10],[7,-8],[19,9],[30,4],[0,-19],[-11,-11],[6,-8],[11,1],[17,-22],[10,1],[11,17],[6,-3],[-1,-16],[-18,-12],[19,-11],[32,23],[20,-15],[3,22],[15,9],[5,-5],[-2,-21],[29,29],[10,-7],[-9,-22],[19,-4],[4,26],[35,8],[3,-25],[43,5],[9,11],[19,-7],[20,-20],[-1,-268]],[[9596,6972],[-24,26],[-10,-2],[-11,8],[-23,-6],[-26,11],[-42,-15],[-10,-16],[-1,-19],[-20,-8],[-34,11],[-56,-4],[-28,10],[-12,18],[-19,-1],[-19,7],[-70,-26],[-12,-13],[-25,0],[-17,10],[-16,21]],[[9121,6984],[-26,37],[-22,-5],[-16,19]],[[8212,6931],[2,173]],[[8634,7078],[0,-1]],[[8634,7077],[-9,-11],[-25,-9],[-50,10],[-37,-16],[-38,-7],[-64,8],[-45,-40],[-17,-8],[-26,3],[-32,-14],[-30,-42],[-49,-20]],[[6262,6725],[2,367]],[[6642,7128],[2,-408]],[[6644,6720],[-103,1]],[[6541,6721],[-279,4]],[[7053,7126],[-8,-411]],[[7045,6715],[-114,2]],[[6931,6717],[-287,3]],[[7464,6713],[-145,1],[1,-5]],[[7320,6709],[-275,6]],[[7470,7091],[-6,-378]],[[8205,6706],[-55,-1],[-26,-85],[3,-21],[21,-21]],[[8148,6578],[-106,-4]],[[8042,6574],[-163,5]],[[7879,6579],[3,126]],[[7882,6705],[3,345]],[[8212,6931],[-7,-225]],[[7882,6705],[-173,3]],[[7709,6708],[-245,5]],[[9005,6707],[-50,32],[-34,39],[-20,14],[-67,2],[-68,-41]],[[8766,6753],[8,334]],[[9001,7076],[4,-369]],[[5068,6680],[0,410]],[[5464,7093],[2,-411]],[[5466,6682],[-107,-2]],[[5359,6680],[-291,0]],[[5747,6676],[-281,6]],[[5856,7092],[0,-415]],[[5856,6677],[-109,-1]],[[6150,6673],[-294,4]],[[6262,6725],[0,-51],[-112,-1]],[[4267,6676],[-3,410]],[[4664,7085],[-3,-407]],[[4661,6678],[-103,0]],[[4558,6678],[-291,-2]],[[5068,6680],[-122,-1]],[[4946,6679],[-285,-1]],[[8750,6731],[-15,-44],[-107,1]],[[8628,6688],[6,389]],[[8766,6753],[-16,-22]],[[4167,6674],[-295,3]],[[3872,6677],[-2,408]],[[4267,6676],[-100,-2]],[[3776,6676],[-293,1]],[[3483,6677],[-1,407]],[[3872,6677],[-96,-1]],[[3389,6675],[-299,-2]],[[3090,6673],[-3,405]],[[3483,6677],[-94,-2]],[[3090,6673],[-351,2]],[[2739,6675],[5,398]],[[8628,6688],[-268,1]],[[8360,6689],[-1,15],[-154,2]],[[9126,6610],[-37,0]],[[9089,6610],[-21,26]],[[9068,6636],[-42,40],[-21,31]],[[9121,6984],[5,-374]],[[9592,6608],[-466,2]],[[9596,6972],[-1,-232],[-3,-132]],[[9068,6636],[-318,2]],[[8750,6638],[0,93]],[[8414,6428],[-13,19],[-15,9]],[[8386,6456],[-26,233]],[[8750,6638],[-4,-323]],[[8746,6315],[-29,-25],[-17,19],[-51,7],[-10,16],[-22,12],[-51,-2],[-88,18],[-14,28],[-50,40]],[[6143,6268],[7,405]],[[6541,6721],[-6,-418]],[[6535,6303],[-2,-36]],[[6533,6267],[-309,2]],[[6224,6269],[-81,-1]],[[6931,6717],[-5,-412]],[[6926,6305],[-54,-4]],[[6872,6301],[-337,2]],[[7318,6302],[-44,0]],[[7274,6302],[-348,3]],[[7320,6709],[-2,-407]],[[7709,6708],[-2,-156]],[[7707,6552],[1,-253],[-13,-1]],[[7695,6298],[-377,4]],[[7879,6579],[0,-25],[-172,-2]],[[8386,6456],[-28,1],[-38,28],[-35,11],[-16,16],[-58,-1],[-42,27],[-21,40]],[[5745,6270],[-12,0]],[[5733,6270],[-382,-4]],[[5351,6266],[8,414]],[[5747,6676],[-2,-406]],[[5343,6266],[-1,5],[-398,-3]],[[4944,6268],[2,411]],[[5351,6266],[-8,0]],[[4944,6268],[-390,1]],[[4554,6269],[4,409]],[[4554,6269],[-391,1]],[[4163,6270],[4,404]],[[4163,6270],[-390,0]],[[3773,6270],[3,406]],[[3773,6270],[-392,0]],[[3381,6270],[8,405]],[[6143,6268],[-398,2]],[[2731,6263],[8,412]],[[3381,6270],[-650,-7]],[[9089,6610],[7,-53],[-9,-11],[1,-20]],[[9088,6526],[2,-129]],[[9090,6397],[-14,-2],[-17,9],[-19,-7],[-46,-65],[-124,-50]],[[8870,6282],[-11,-8],[-13,21],[-6,-8],[-32,1],[-11,13],[-36,-7],[-15,21]],[[9592,6608],[2,-176]],[[9594,6432],[-32,-4],[-35,23],[-12,17],[-22,-12],[-5,-22],[-10,1],[-27,12],[-13,35],[-23,5],[-17,-20],[-69,-36],[-90,-1],[-151,96]],[[7761,6121],[7,45],[-11,19],[-30,27],[-8,18],[-2,52],[-14,4],[-8,12]],[[8042,6574],[5,-456]],[[8047,6118],[-286,3]],[[8414,6428],[2,-195],[24,-34],[35,-28],[18,-29],[29,-27]],[[8522,6115],[-475,3]],[[9594,6432],[3,-287]],[[9597,6145],[-239,-58],[-24,16],[-9,20],[-26,1],[-7,-6],[-36,24]],[[9256,6142],[-13,8],[-13,-7],[-28,16],[-14,-5]],[[9188,6154],[-24,-7],[-35,8],[-38,27],[-1,215]],[[8872,5913],[-361,-3]],[[8511,5910],[-10,11],[9,47],[-12,30],[22,48],[2,69]],[[8870,6282],[1,-156]],[[8871,6126],[1,-213]],[[9188,6154],[-7,-33],[-12,-4],[-56,10],[-242,-1]],[[6875,5977],[0,106]],[[6875,6083],[-3,218]],[[7274,6302],[3,-264]],[[7277,6038],[-288,-81],[-1,-7]],[[6988,5950],[-28,-12],[0,-19],[-16,-4],[-29,9],[-7,29],[-19,-2],[10,17],[-4,6],[-20,3]],[[6624,6004],[-91,263]],[[6875,6083],[-129,0],[-122,-79]],[[7761,6121],[14,-21],[14,-1],[11,-10]],[[7800,6089],[-381,-229]],[[7419,5860],[-31,-18],[-111,196]],[[5342,5858],[-62,1]],[[5280,5859],[-340,-1]],[[4940,5858],[4,410]],[[5343,6266],[-1,-408]],[[4095,5865],[-325,-1]],[[3770,5864],[3,406]],[[4163,6270],[4,-404]],[[4167,5866],[-72,-1]],[[4550,5862],[-111,-3]],[[4439,5859],[-272,7]],[[4554,6269],[-4,-407]],[[5728,5857],[5,413]],[[6224,6269],[0,-205],[-63,-40]],[[6161,6024],[-136,-81],[-20,-4],[-7,-10],[-120,-73]],[[5878,5856],[-150,1]],[[5673,5858],[-331,0]],[[5728,5857],[-55,1]],[[3709,5862],[-332,-1]],[[3377,5861],[4,409]],[[3770,5864],[-61,-2]],[[3377,5861],[-61,-2]],[[3316,5859],[-383,1]],[[2933,5860],[-198,-1]],[[2735,5859],[-4,404]],[[4940,5858],[-59,0]],[[4881,5858],[-331,4]],[[6577,5800],[-151,-98]],[[6426,5702],[-37,62],[-56,-36],[-172,296]],[[6624,6004],[-1,-8],[61,-127]],[[6684,5869],[-107,-69]],[[8873,5640],[-1,78],[7,20],[-5,19],[-2,156]],[[9256,6142],[-18,-67],[-11,-11],[-3,-17],[-37,-75],[-9,-90],[-11,-42],[4,-87],[67,0]],[[9238,5753],[0,-47],[26,-33],[12,-35]],[[9276,5638],[-403,2]],[[9597,6145],[1,-178],[-1,-193],[20,-5],[4,-10]],[[9621,5759],[-383,-6]],[[8536,5858],[-471,-64]],[[8065,5794],[-11,17],[5,25],[-4,24],[-29,2],[-9,13],[5,54],[-7,8],[-14,-7],[-9,2],[-18,15],[17,38],[-31,-9],[-2,16],[-10,-5],[-32,33],[-12,-6],[-19,14],[1,25],[-9,12],[-23,1],[-44,26],[-10,-3]],[[8511,5910],[2,-22],[23,-30]],[[7721,5597],[-168,18]],[[7553,5615],[-134,245]],[[8065,5794],[-344,-197]],[[6875,5977],[-10,4],[-181,-112]],[[7131,5548],[-27,13],[-6,19],[29,33],[0,17],[-38,2],[-10,14],[-24,12],[3,24],[-40,35],[7,16],[24,26],[-24,19],[-15,23],[-28,-5],[-10,15],[-7,18],[13,42],[-10,33],[26,26],[-6,20]],[[7553,5615],[-161,-98]],[[7392,5517],[-79,137],[-182,-106]],[[6230,5489],[-26,34],[-134,-21]],[[6070,5502],[-192,354]],[[6426,5702],[34,-69],[-230,-144]],[[6764,5478],[-187,322]],[[7131,5548],[-248,-151]],[[6883,5397],[-68,110],[-51,-29]],[[8959,5339],[-95,-87]],[[8864,5252],[-33,9],[-12,18],[-34,11],[-3,9],[6,22],[-32,39],[-2,16],[-25,14],[-31,-9],[-21,3],[-15,11],[-2,9]],[[8660,5404],[2,21],[-16,15],[-1,39],[-30,36],[-10,-2],[2,15],[-17,-2],[-2,18],[-19,8],[-7,39],[-12,27],[-22,15],[5,24],[-5,22],[12,33],[-19,22],[0,30],[18,28],[-6,12],[7,17],[-4,37]],[[8873,5640],[6,-60],[33,-21],[-2,-8],[-15,-5],[-4,-12],[14,-80],[22,-70],[5,-5],[12,2],[2,-26],[13,-16]],[[4093,5454],[2,411]],[[4439,5859],[-8,-359]],[[4431,5500],[-27,-1],[-3,-124],[-309,-3]],[[4092,5372],[1,82]],[[4093,5454],[-382,-2]],[[3711,5452],[-2,410]],[[3711,5452],[-394,2]],[[3317,5454],[-1,405]],[[4883,5495],[-452,5]],[[4881,5858],[2,-363]],[[2929,5454],[-414,4]],[[2515,5458],[9,325]],[[2524,5783],[209,-2],[2,78]],[[2933,5860],[-4,-406]],[[3317,5454],[-10,2]],[[3307,5456],[-353,-3]],[[2954,5453],[-25,1]],[[4973,5390],[-90,2],[0,103]],[[5280,5859],[-5,-476],[-5,-1]],[[5270,5382],[-297,8]],[[5664,5284],[-6,-3],[-13,15],[-13,-4],[-24,-28],[-8,1],[1,-17],[-13,1],[-1,-14],[-7,-6],[-25,10],[2,19],[-16,-6],[-12,8],[-15,0],[-6,9],[2,12],[-27,8],[-8,-11],[7,-14],[-14,-5],[-7,-16],[-20,17],[-7,-18],[-8,7],[-15,43],[-27,10],[-21,0]],[[5363,5302],[-19,9],[-3,-8],[12,-15],[-11,-5],[-20,23],[-14,3],[3,18],[8,4],[3,11],[-6,5],[-20,-5],[3,11],[11,7],[-15,2],[-7,18],[-11,-13],[-7,15]],[[5673,5858],[-9,-574]],[[6070,5502],[-68,-13],[-17,-75],[-154,-116]],[[5831,5298],[-24,-16],[-13,16],[-12,3],[-8,-20],[-8,3],[-5,-9],[-12,-3],[-2,-8]],[[5747,5264],[-11,16],[-9,-9],[-34,12],[-10,-9],[-8,14],[-11,-4]],[[8305,5325],[-19,23],[5,15],[25,8],[-7,19],[13,15],[-1,29],[-11,17],[-11,2],[-11,-4],[-1,-36],[-10,-3],[-14,17]],[[8263,5427],[-2,33],[7,30],[-8,4],[-7,-15],[-18,17],[-30,-1],[-3,31],[-8,9],[9,12],[-19,6],[0,11],[-22,-1],[-41,22],[1,29],[-11,23],[18,27],[-11,4],[-10,-7],[-22,7],[-3,9],[19,20],[1,10],[-13,29],[-27,1],[-1,9],[8,3],[-8,17],[3,28]],[[8660,5404],[-296,-52],[0,-14],[-59,-13]],[[6444,5277],[-61,-39]],[[6383,5238],[-153,251]],[[6764,5478],[-320,-201]],[[7924,5235],[-203,362]],[[8263,5427],[-339,-192]],[[1320,4541],[-2,126],[12,-1],[0,156],[-11,3],[-5,958]],[[1314,5783],[55,-1],[633,4]],[[2002,5786],[-65,-843]],[[1937,4943],[-617,-402]],[[2002,5786],[28,-1]],[[2030,5785],[9,-22],[19,4],[4,-29],[16,-12],[5,-33],[4,-8],[20,-8],[-3,-20],[45,24],[1,-25],[23,-82],[10,-3],[3,-12],[21,-21],[46,10],[16,-24],[36,-18],[3,-13],[-11,0],[-1,-9],[11,-21],[11,-6]],[[2318,5457],[29,-14],[10,8],[11,-3],[7,-9],[17,-6],[-4,-14],[9,-11],[-11,-18],[18,-48],[-10,-11],[14,-29],[1,-31],[15,-15],[13,-5],[11,5],[11,-7],[18,6],[12,-14],[35,-3],[41,1],[11,9],[11,-33],[46,-21],[86,-8],[22,21],[23,-12]],[[2764,5195],[-433,-570]],[[2331,4625],[-394,318]],[[2515,5458],[-197,-1]],[[2030,5785],[192,0],[302,-2]],[[1265,4503],[-8,41],[-48,3],[-117,117],[-33,-14],[-23,32],[-20,-14],[-58,34],[-14,47],[-111,90],[-37,82],[-127,80],[-174,209]],[[495,5210],[27,14],[1,63],[-29,2],[-2,492]],[[492,5781],[822,2]],[[1320,4541],[-55,-38]],[[495,5210],[-163,79],[-129,240],[-119,49],[-57,30],[-1,25],[-21,48],[7,17],[1,55],[-13,8],[20,19],[187,0],[285,1]],[[9751,5394],[-63,20],[-54,-39]],[[9634,5375],[-83,54],[-228,28]],[[9323,5457],[-10,28],[-3,44],[-21,85],[-13,24]],[[9621,5759],[20,-30],[6,-22],[26,-13],[14,1],[-5,-17],[19,2],[5,-23],[8,2],[3,-20],[10,-31],[23,-15],[9,-25],[-6,-20],[16,-22],[-4,-17],[5,-4],[12,3],[-15,-34],[4,-20],[-6,-5],[-4,-28],[-12,-3],[2,-24]],[[7021,5150],[-138,247]],[[7392,5517],[100,-182]],[[7492,5335],[-359,-228]],[[7133,5107],[-50,-30],[-62,73]],[[9373,5050],[-12,8],[-39,59],[-33,20],[-34,63],[-33,18],[-13,25],[-49,15],[-14,-2],[-39,18],[-35,-1],[-25,8],[-31,23],[-16,-2],[-41,37]],[[9323,5457],[39,-47],[22,-16],[10,-26],[0,-49],[-15,-56],[7,-28],[-6,-13],[2,-75],[-14,-57],[5,-40]],[[7860,5185],[-211,-129]],[[7649,5056],[-157,279]],[[7924,5235],[-66,-40],[2,-10]],[[6150,5061],[-12,27],[-15,-5],[-21,20],[22,7],[5,38],[-24,-14],[-7,7],[7,5],[-5,6],[-13,-13],[-4,9],[7,3],[-4,11],[7,14],[-10,3],[-2,9],[-37,-27],[-6,10],[12,40],[-6,13],[-16,1],[1,10],[-6,10],[-17,-20],[-1,-20],[-17,-6],[0,25],[-26,-1],[-4,9],[-23,-1],[-22,25],[-38,-5],[-2,12],[-12,7],[-17,-15],[0,13],[-17,11],[4,19]],[[6383,5238],[0,-6],[-233,-171]],[[6651,4909],[-207,368]],[[7021,5150],[-370,-241]],[[4973,4923],[-436,-2]],[[4537,4921],[-5,420],[-440,-4]],[[4092,5337],[0,35]],[[4973,5390],[0,-467]],[[2954,5453],[-1,-334]],[[2953,5119],[-45,-28],[-11,20],[-20,10],[-8,21],[-38,23],[-48,13],[-19,17]],[[9594,4970],[-7,-21],[-69,-17]],[[9518,4932],[-33,24],[-32,45],[-27,9],[-30,28],[-23,12]],[[9634,5375],[-2,-93],[-45,-64],[14,-25],[-14,-45],[9,-76],[-4,-64],[-10,-31],[12,-7]],[[3307,4922],[-64,-1]],[[3243,4921],[-29,33],[0,52],[-8,29],[-54,45],[-34,10],[-29,-1],[-8,21],[-22,5],[-2,11],[-18,9],[-2,12],[-16,-1],[-31,-23],[-5,-15],[-8,-4],[-6,-1],[-8,14],[-10,2]],[[3307,5456],[0,-534]],[[3710,4923],[-403,-1]],[[3711,5452],[-1,-529]],[[4092,5337],[-4,-416]],[[4088,4921],[-378,2]],[[8280,4937],[-160,-7],[-27,-17],[-37,-8],[-88,-65],[-50,-18]],[[7918,4822],[0,14],[-13,22],[6,35],[-18,29],[-3,30],[-7,9],[-28,128],[11,12],[-7,13],[-1,25],[7,19],[-5,27]],[[8305,5325],[-7,-17],[13,-14],[-1,-5],[-10,-1],[-3,-10],[6,-5],[6,6],[8,-3],[17,-72],[6,-12],[19,-9],[-11,-14],[15,-4],[2,-16],[-15,-7],[0,-25],[-19,5],[-17,-25],[-1,-30],[-13,-19],[-5,-20],[11,-36],[-16,-5],[-20,-21],[10,-29]],[[9687,4990],[-93,-20]],[[9751,5394],[13,-12],[4,-17],[23,-24],[13,-2],[12,6],[12,-15],[20,-1],[-10,-24],[-24,-4],[-1,-5],[19,-24],[22,2],[-3,-15],[11,-7],[-7,-10],[2,-11],[5,-9],[18,-8],[2,-24],[20,1],[-32,-42],[-4,-15],[20,-25],[8,4],[11,-16],[11,2],[3,-5],[1,-26],[16,-12],[-10,-29],[7,-17]],[[9933,5010],[-246,-20]],[[8528,4896],[-142,-118]],[[8386,4778],[-12,3],[-25,51],[11,22],[-2,16],[14,9],[15,-1],[-4,15],[-12,4],[-6,21],[-18,-4],[-36,5],[-24,8],[-7,10]],[[8864,5252],[3,-11],[26,-31],[-1,-9]],[[8892,5201],[-364,-305]],[[5363,4923],[-390,0]],[[5363,5302],[0,-379]],[[4537,4921],[-209,-1]],[[4328,4920],[-240,1]],[[9185,4900],[-50,29],[-25,-5],[-22,13],[-51,10],[-36,19],[-10,14]],[[8991,4980],[5,25],[-9,11],[-6,30],[-16,25],[-20,13],[10,31],[-12,7],[-11,35],[-35,7],[-5,37]],[[9518,4932],[-232,-56]],[[9286,4876],[-29,-6],[-10,12],[-25,12],[-37,6]],[[7282,4838],[-149,269]],[[7649,5056],[-177,-110]],[[7472,4946],[-5,7],[-185,-115]],[[5456,4786],[-93,1],[0,136]],[[5747,5264],[5,-480]],[[5752,4784],[-296,2]],[[5852,4769],[-101,1],[1,14]],[[6150,5061],[-2,-34],[23,-6],[2,-16],[20,-7],[1,-7],[-16,-8],[-1,-17],[-13,-4],[1,-5],[15,-20],[8,-1],[18,14],[14,1],[2,-6],[10,-2],[-9,-10],[10,-16],[-14,-5],[-3,-14],[33,-28]],[[6249,4870],[-16,-13],[12,-31],[-6,-28],[28,-14],[-1,-8],[-21,-10]],[[6245,4766],[-393,3]],[[6647,4880],[-398,-10]],[[6651,4909],[-4,-29]],[[8714,4680],[-32,17],[-3,40],[-12,13],[-40,-4],[-6,-22],[-8,-5]],[[8613,4719],[-14,7],[-6,-11],[-14,-5],[-25,8],[4,19],[7,3],[-20,14],[-3,22],[-13,12],[-1,108]],[[8991,4980],[-277,-300]],[[3721,4525],[-294,-2],[-1,-55],[-173,0],[3,-299],[-155,-7],[-2,-204]],[[3099,3958],[-659,570]],[[2440,4528],[-109,97]],[[3243,4921],[50,-19],[4,-12],[11,-2],[5,-11],[35,3],[36,-12],[10,-24],[8,9],[8,-8],[36,-4],[7,-9],[25,-2],[15,11],[66,-18],[22,-23],[12,-2],[22,-28],[21,-7],[-3,-36],[19,-14],[9,-24],[11,-72],[13,-24],[3,-31],[33,-37]],[[7625,4593],[-1,14],[11,14],[-3,10],[-7,10],[-15,1],[3,30],[-36,37],[-2,50],[-20,-5],[-24,23],[-13,36],[11,28],[-11,6],[-5,34],[-13,16],[-16,3],[-12,46]],[[7918,4822],[-89,-63],[-40,-61],[-33,-91],[-89,-44]],[[7667,4563],[-16,21],[-26,9]],[[6708,4762],[-61,118]],[[7282,4838],[-141,-89],[-40,-133]],[[7101,4616],[-247,110],[-146,36]],[[9702,4130],[28,657],[-43,203]],[[9933,5010],[13,-8],[20,18],[16,-5],[2,-7],[-8,-2],[7,-13],[-12,-3],[5,-25],[7,-6],[-5,-10],[-17,-6],[-2,-8],[13,-6],[-1,-11],[21,-8],[-7,-16],[14,-17],[-30,-23],[-14,3],[-2,-5],[-2,-14],[7,-6],[-9,-14],[18,-6],[9,-12],[4,3],[5,-23],[-3,-8],[-15,-2],[2,-19],[-14,-3],[-3,-15],[6,-13],[6,-11],[-10,-14],[8,-3],[4,-13],[-24,-25],[-2,-28],[-26,-24],[9,-13],[-8,0],[4,-21],[-4,-22],[-32,-13],[-14,-31],[-11,0],[6,-15],[-6,-7],[16,-17],[-17,1],[-18,-11],[0,-18],[-14,-21],[23,-22],[-7,-16],[6,-9],[-6,-7],[13,-17],[-4,-7],[5,-19],[-19,-9],[-16,-23],[-9,-25],[5,-14],[-9,-12],[0,-13],[23,-33],[23,-7],[-6,-55]],[[9847,4126],[-145,4]],[[9702,4130],[-155,-1]],[[9547,4129],[4,11],[-11,24],[1,13],[20,49],[-24,74],[39,92]],[[9576,4392],[-3,17],[-13,17],[1,16],[7,31],[18,20],[-1,13],[-10,14],[-11,-2],[-9,24],[-18,-1],[-11,22],[4,35],[-4,25],[-32,29],[-16,35],[-7,51],[-8,11],[11,20],[-5,11],[-14,4],[-15,19],[4,11],[-5,11],[10,7],[-6,12],[-20,16],[-6,-3],[-16,20],[-17,-16],[-18,13],[-43,-11],[-10,3],[-10,-15],[-13,-5],[-5,7],[1,23]],[[8979,4362],[-12,12],[0,11],[17,18],[1,12],[-47,17],[-19,-2],[-29,13],[-53,8],[15,22],[2,17],[-9,23],[10,5],[-21,13],[-2,12],[-9,-4],[-4,6],[-42,-15],[-2,31],[-12,2],[-12,23],[9,53],[-46,41]],[[9185,4900],[-61,-46],[83,-459]],[[9207,4395],[6,-32],[-147,-2]],[[9066,4361],[-87,1]],[[7366,4433],[-143,-88]],[[7223,4345],[-90,256],[-32,15]],[[7625,4593],[-259,-160]],[[2440,4528],[-266,-246]],[[2174,4282],[-79,1],[-830,220]],[[8208,4716],[-36,1],[-96,-20],[-105,-13]],[[7971,4684],[-24,65],[-1,40],[-23,16],[-5,17]],[[8386,4778],[6,-16],[-15,-12],[-72,10],[-55,-36],[-42,-8]],[[4331,4558],[-3,362]],[[4973,4923],[-3,-354]],[[4970,4569],[0,-14]],[[4970,4555],[-639,3]],[[5452,4575],[-482,-6]],[[5456,4786],[-4,-211]],[[4334,4171],[-606,-1]],[[3728,4170],[9,30],[25,24],[41,5],[-2,7],[-29,23],[0,20],[-33,18],[16,23],[-9,16],[6,5],[19,-8],[6,27],[12,14],[-3,16],[19,20],[5,21],[-9,23],[3,35],[-29,21],[-44,4],[-10,11]],[[4331,4558],[3,-387]],[[9576,4392],[-369,3]],[[8234,4497],[-26,219]],[[8613,4719],[-23,-330]],[[8590,4389],[-181,2],[-175,106]],[[6316,4369],[-1,63],[-7,9],[-17,-6],[-16,7],[-9,63],[-16,20],[6,11],[19,5],[-4,33],[17,6],[10,21],[-37,13],[-7,10],[5,30],[33,28],[-1,5],[-27,6],[-4,20],[-29,14],[14,39]],[[6708,4762],[-103,-126],[-59,-138]],[[6546,4498],[-60,-127],[11,-2],[8,-11],[-20,-45]],[[6485,4313],[-169,56]],[[7994,4218],[-5,41],[-25,20],[-7,1],[-5,-12],[-19,-11],[-28,-8],[-29,18]],[[7876,4267],[6,20],[12,6],[-6,29],[-29,13],[-10,14],[-1,10],[14,-7],[-34,35],[6,20],[-8,10],[-7,1],[0,-8],[-9,4],[-7,-4],[-16,14],[-8,35],[-7,-13],[-21,25],[-16,6],[0,13],[-11,-6],[-15,13],[-59,9],[17,57]],[[7971,4684],[-2,-31],[9,-57],[-9,-116],[43,-151],[31,-12],[2,-13],[-19,-3],[-9,-28],[-20,-6],[3,-42],[-6,-7]],[[5850,4380],[-264,-3]],[[5586,4377],[-135,1],[1,197]],[[5852,4769],[-2,-389]],[[6316,4369],[-32,7],[-149,1]],[[6135,4377],[-285,3]],[[7057,4301],[-18,17],[-18,2],[-61,36],[-27,-8],[-22,22],[-16,5],[-71,-20],[-19,-18],[-33,-12],[-13,-13],[-12,1],[-49,34],[-17,68],[-25,26],[-16,3],[-4,32],[-29,16],[-20,-12],[-13,13],[-12,-12],[-16,17]],[[7223,4345],[1,-11],[-136,-48]],[[7088,4286],[-31,15]],[[8740,4233],[-46,-27],[11,30],[-29,26],[-52,30],[-34,97]],[[8979,4362],[-239,-129]],[[8250,4133],[-225,-22]],[[8025,4111],[-7,13],[19,6],[1,46],[-7,6],[-2,13],[-22,0],[-13,23]],[[8234,4497],[19,-265],[-3,-99]],[[7876,4267],[-29,-13],[-9,5],[-37,-23],[-11,5],[-10,-13],[-21,1],[-150,-44]],[[7609,4185],[-46,23],[-31,4],[-16,44],[-20,24],[-44,28],[-21,27],[-14,4],[3,24],[-15,40],[-39,30]],[[5243,4170],[-275,2]],[[4968,4172],[2,383]],[[5586,4377],[-2,-209]],[[5584,4168],[-341,2]],[[4534,4171],[-200,0]],[[4968,4172],[-434,-1]],[[2178,3213],[-4,1069]],[[3099,3958],[142,-131],[50,-38]],[[3291,3789],[-33,-33],[-13,-73],[-90,17],[-37,-34],[-19,27],[-47,-43],[-29,11],[-98,-201],[-13,-111],[-46,-55],[-20,-79],[32,-38],[-92,-35],[-126,-200],[-86,27],[-11,-20],[-42,61],[-30,-18],[-75,38],[-40,70],[-147,41],[-15,38],[-32,-1],[11,48],[-15,-13]],[[3721,3701],[-35,-6],[-11,32],[-80,-24],[-37,28],[-69,-32],[-198,90]],[[3728,4170],[-7,-2],[0,-467]],[[2178,3213],[-197,57],[-90,69],[-31,78],[-131,62],[-120,121],[-33,121],[-73,95],[-17,139],[16,86],[-21,84],[-84,105],[5,25],[-35,15],[-29,167],[-73,66]],[[6840,3971],[-52,-49]],[[6788,3922],[-337,307]],[[6451,4229],[34,84]],[[7057,4301],[-90,-203],[-127,-127]],[[8791,4060],[-123,-118],[-21,-2],[-4,-11],[-15,4],[-14,24],[-19,15],[-34,13],[-24,24],[-33,-10],[-15,4],[-15,34],[-25,17],[-19,-4],[-12,-15],[-68,-38],[-31,0],[-44,-14],[-30,1]],[[8245,3984],[5,149]],[[8740,4233],[51,-173]],[[7494,4056],[-42,-38],[-135,-81],[-3,19]],[[7314,3956],[-41,188],[-74,72],[-111,70]],[[7609,4185],[-18,-30],[-30,-22],[-24,-7],[-11,-43],[-32,-27]],[[9546,4054],[-43,11],[-6,10],[-28,2],[-29,-19],[-23,4],[-14,-18],[-8,-26],[-31,-16],[-43,-1],[-19,-8],[-22,12]],[[9280,4005],[-19,5],[-100,0],[-95,351]],[[9547,4129],[-1,-32],[11,-5],[2,-8],[-11,-15],[-2,-15]],[[6129,4033],[-250,-3]],[[5879,4030],[-294,6],[-1,132]],[[6135,4377],[-6,-344]],[[6351,3938],[-89,-86]],[[6262,3852],[-133,181]],[[6451,4229],[-28,-53],[-72,-238]],[[9282,3803],[-406,-8]],[[8876,3795],[-15,28],[12,45],[-18,29],[-26,4],[-12,14],[7,34],[-33,111]],[[9280,4005],[2,-202]],[[7094,3698],[-254,273]],[[7314,3956],[-124,-156],[-96,-102]],[[7983,3964],[-16,-9],[-51,16],[-12,-3],[-11,7],[-2,18],[-10,-3],[-6,5],[-207,-39],[-9,0],[-14,14],[-20,-19]],[[7625,3951],[-14,18],[6,36],[-17,13],[1,23],[-21,-3],[-7,23],[-12,-14],[-50,-11],[-2,11],[-15,9]],[[8025,4111],[-9,-11],[-6,9],[-15,-11],[-12,4],[-12,-19],[13,-47],[-7,-2],[-11,9],[-3,-12],[-13,-4],[8,-15],[-7,-10],[22,-3],[5,-7],[-3,-13],[8,2],[11,-11],[-11,-6]],[[6576,3674],[-24,81],[-201,183]],[[6788,3922],[-55,-69],[-25,-12],[-52,-47],[-5,-18],[-12,-8],[22,-1]],[[6661,3767],[-46,-42],[-39,-51]],[[5049,3549],[-78,1]],[[4971,3550],[-438,-4]],[[4533,3546],[1,625]],[[5243,4170],[-2,-194]],[[5241,3976],[-122,1],[0,5],[-39,1],[-7,-58],[-7,-4],[-10,-110],[-10,-10],[-2,-21],[-12,-19],[8,-13],[6,-38],[-15,-19],[5,-29],[-9,-27],[13,-31],[-3,-22],[10,-16],[2,-17]],[[4533,3546],[0,-162],[-11,-80],[-9,-23],[-17,-8],[-4,-27],[5,-19],[-5,-22],[-8,-2],[1,-12],[-25,4],[-7,-5]],[[4453,3190],[-162,123],[-44,94],[-148,50],[6,96],[-42,-45],[3,67],[-48,4],[-36,83],[11,23],[-36,-9],[-17,27],[-51,-24],[-5,44],[-28,-42],[-44,-8],[-91,28]],[[5347,3826],[-52,0],[-2,148],[-52,2]],[[5879,4030],[-5,-325]],[[5874,3705],[-190,112],[-107,12],[-230,-3]],[[8229,3709],[-90,-50],[-18,0],[1,-7],[-54,0]],[[8068,3652],[-5,59],[-4,4],[-8,-5],[-8,9],[-15,3],[-2,11],[-12,3],[-8,14],[20,17],[-11,15],[14,6],[-23,15],[4,19],[-9,18],[5,7],[12,2],[-11,15],[22,0],[-6,10],[-1,22],[10,11],[-5,14],[-12,3],[-1,14],[-9,10],[-15,6],[-7,10]],[[8245,3984],[-10,-8],[-16,5],[-22,30],[-21,2],[-12,15],[-34,22],[99,-341]],[[9733,3868],[-41,30],[-15,-2],[-18,15],[-36,3],[-28,21],[1,22],[-20,13],[-22,0],[-3,26],[11,14],[-4,10],[-18,4],[-2,20],[8,10]],[[9847,4126],[-6,-18],[8,-37],[6,-5],[-2,-23],[12,-3],[-2,-6],[-10,0],[2,-22],[-9,-3],[-6,-18],[3,-33],[-36,-51],[-74,-14],[0,-25]],[[9352,3488],[-8,317],[-62,-2]],[[9733,3868],[-72,-137],[89,-135],[-176,-1],[-222,-107]],[[7433,3560],[-206,-4]],[[7227,3556],[9,10],[-142,132]],[[7625,3951],[39,-85]],[[7664,3866],[-216,-278],[-15,-28]],[[8699,3494],[-30,-5],[2,11],[-15,27],[-13,3],[-32,-1],[-10,-9],[-31,-2],[-10,-8],[-17,3]],[[8543,3513],[-52,27],[3,-21],[-12,-11],[1,39],[-82,43],[-172,119]],[[8876,3795],[3,-13],[19,-12],[10,-20],[20,-2],[-6,-28],[2,-40],[-18,-37],[11,-6],[8,-18],[-10,-16]],[[8915,3603],[-119,114],[37,-87],[38,-29],[-18,-114]],[[8853,3487],[-39,6],[-16,-20],[-17,-10],[-5,-13],[-35,-13],[-10,4],[-15,23],[-7,32],[-10,-2]],[[6085,3668],[-8,3],[-38,-16],[-4,-8],[-15,6],[-5,-12],[-35,-4]],[[5980,3637],[-106,68]],[[6262,3852],[-177,-184]],[[7965,3557],[-29,23],[-35,15],[-10,19],[-1,20],[-16,14],[-36,91],[-3,3],[-9,-12],[-45,8],[-19,29],[-26,7],[-45,40],[-27,52]],[[8068,3652],[3,-12],[10,0],[7,-11],[-6,-5],[3,-17],[-27,-3],[6,-16],[10,7],[11,-10],[-6,-9],[7,-21],[-5,-30],[-42,1]],[[8039,3526],[-13,14],[-25,1],[-36,16]],[[5349,3554],[-300,-5]],[[5347,3826],[2,-272]],[[6853,3573],[-7,10],[-70,31],[0,16],[-11,9],[-14,-2],[5,11],[-6,17],[-10,10],[-14,-3],[-13,32],[-13,-6],[-10,52],[-29,17]],[[7094,3698],[-213,-134],[-28,9]],[[6332,3521],[-16,25],[-3,34],[-11,12],[-14,3],[0,35],[24,5],[-6,17],[-17,-8],[-4,11],[-21,15],[-5,-19],[-10,-2],[-3,-9],[-21,21],[-21,-3],[-48,21],[-19,-13],[-16,4],[-8,-11],[-12,8],[-11,-4],[-5,5]],[[6576,3674],[-61,-62],[-183,-91]],[[7606,3185],[-16,16]],[[7590,3201],[75,87],[-167,218],[-32,-3],[-7,34],[-26,23]],[[7965,3557],[-100,-114],[-31,-94],[-228,-164]],[[5980,3637],[-15,-21]],[[5965,3616],[-84,-113],[-35,-14],[-12,4],[-4,53],[-328,6]],[[5502,3552],[-153,2]],[[9337,3481],[-5,45],[-20,0],[-20,-30],[-18,-2],[-40,-18],[-16,7]],[[9218,3483],[-23,23],[-171,-38],[63,113],[4,90],[-27,36],[-71,-31],[-44,-86],[-34,13]],[[9352,3488],[-15,-7]],[[6472,3379],[-1,6],[9,8],[2,29],[-13,6],[-20,-8],[-3,16],[-14,-5],[-9,27],[-15,6],[-10,18],[5,11],[-18,10],[-4,-15],[-18,0],[-31,33]],[[6853,3573],[-153,-250]],[[6700,3323],[-196,4],[-13,-10],[-14,31],[2,14],[-7,17]],[[8219,3218],[-26,5],[-27,39],[-20,8],[-14,21],[9,17],[-18,14],[-12,35],[-39,18],[0,13],[-19,26],[26,12],[1,11],[-24,12],[1,22],[9,8],[-14,20],[-1,19],[-12,8]],[[8543,3513],[-36,-140],[-73,-4],[6,-27],[-17,-18],[-11,-51],[-28,-1],[-7,-7],[-4,-22],[-31,4],[-63,22],[-18,-19],[-10,4],[-32,-36]],[[6785,3178],[-99,122],[14,23]],[[7227,3556],[-44,-42],[-2,-75],[-19,-113]],[[7162,3326],[-196,-163],[-95,-90]],[[6871,3073],[-86,105]],[[5967,3198],[-2,418]],[[6472,3379],[-211,-309]],[[6261,3070],[-294,128]],[[5965,3049],[-459,0]],[[5506,3049],[-4,503]],[[5967,3198],[-2,-149]],[[7357,3065],[-195,261]],[[7590,3201],[-197,-181]],[[7393,3020],[-36,45]],[[8196,3180],[-67,-75],[-260,-174]],[[7869,2931],[-263,254]],[[8219,3218],[2,-10],[-25,-28]],[[5506,3049],[-534,-3]],[[4972,3046],[-1,504]],[[4972,3046],[-422,-9]],[[4550,3037],[-76,82],[-21,71]],[[8813,3146],[-72,4],[-3,-77],[-25,-12],[-39,-119],[-211,-164]],[[8463,2778],[-14,25],[-28,3],[-8,27],[-44,47],[-5,31],[-21,14],[-65,16],[-1,28],[-22,26],[8,35],[-14,17],[-12,36],[-22,24],[-1,17],[10,6],[-5,31],[-23,19]],[[8699,3494],[-15,-86],[133,-253],[-4,-9]],[[9337,3481],[-232,-112],[-64,-65],[-14,18],[78,86],[83,55],[55,-15],[24,37],[-32,-11],[-17,9]],[[8853,3487],[78,-55],[-55,-37],[30,4],[-7,-38],[30,-4],[-3,26],[20,-46],[58,-26],[-58,21],[-6,-80],[-40,16],[-87,-122]],[[8929,3204],[111,80],[15,-22],[-272,-209],[146,151]],[[6439,2851],[-101,132],[-77,87]],[[6785,3178],[-346,-327]],[[7107,2839],[-12,5],[-4,13],[-38,15],[-5,12],[-9,-2],[-19,10],[-116,-102]],[[6904,2790],[-140,179],[107,104]],[[7357,3065],[-250,-226]],[[7856,2653],[-52,0]],[[7804,2653],[0,52],[-27,-13],[-17,40],[14,-54]],[[7774,2678],[-97,3],[-9,-8]],[[7668,2673],[-1,109],[-3,-110],[-12,25],[-41,-3]],[[7611,2694],[-11,8]],[[7600,2702],[-6,31],[-22,11],[-8,42],[-14,9],[11,28],[-19,35],[-42,33],[-15,35],[1,16],[-22,43],[-71,35]],[[7869,2931],[-13,-278]],[[5966,2623],[-1,426]],[[6439,2851],[65,-90]],[[6504,2761],[-183,-168]],[[6321,2593],[-2,29],[-353,1]],[[7854,2619],[2,34]],[[8463,2778],[-119,-72],[9,24],[-88,-13],[-115,-45],[-14,-64],[193,90],[-384,-216],[164,101],[6,54],[-193,-77],[-1,24],[62,13],[-64,22],[69,120],[-47,-71],[-56,-23],[12,44],[-43,-70]],[[6575,2668],[-71,93]],[[6904,2790],[-159,-138]],[[6745,2652],[-7,5],[-29,-7],[-34,17],[-32,29],[-68,-28]],[[7223,2529],[-4,39],[-11,12],[7,126],[-10,7],[9,11],[3,30],[-20,33],[-3,22],[-27,28],[-8,0],[6,-14],[-13,1],[-6,-10],[-34,2],[-5,23]],[[7600,2702],[-3,-11],[5,-15],[-51,-34],[-104,-35],[-50,-38],[18,-33],[-3,-19],[6,-23]],[[7418,2494],[-10,-7],[0,-9],[-8,-3],[-23,17],[-53,11],[-2,13],[-16,2],[-10,15],[0,-5],[-14,2],[-3,-9],[-24,16],[-32,-8]],[[5508,2622],[-534,1]],[[4974,2623],[-2,423]],[[5506,3049],[2,-427]],[[5966,2623],[-445,-2]],[[5521,2621],[-13,1]],[[4975,2214],[-79,-1]],[[4896,2213],[-7,37],[-57,37],[4,37],[-44,69],[-20,80],[24,21],[-56,40],[12,43],[-72,67],[-70,219],[-43,26],[-17,148]],[[4974,2623],[1,-409]],[[7056,2382],[-8,9],[-5,-3],[-6,15],[-18,5],[-15,-12],[-31,37],[-12,4],[-14,-7],[-3,11],[-17,4],[-7,12],[-3,43],[-12,16],[-51,-2],[-24,11],[-23,0],[-20,50],[-7,36],[-35,41]],[[7223,2529],[-167,-147]],[[6399,2080],[-76,1]],[[6323,2081],[-2,512]],[[6575,2668],[-64,-29],[212,-456]],[[6723,2183],[-64,-56],[0,-49]],[[6659,2078],[-260,2]],[[6937,2170],[-19,-33],[-195,46]],[[7056,2382],[-119,-212]],[[5967,2080],[-444,-23],[-2,158]],[[5521,2215],[0,406]],[[5966,2623],[1,-543]],[[6323,2081],[-356,-1]],[[5521,2215],[-546,-1]],[[7144,2084],[-2,15],[-14,8],[-3,13],[-8,-5],[-11,8],[4,9],[-5,19],[-7,-2],[2,-19],[-11,9],[-6,-9],[-23,16],[-9,-11],[-11,5],[4,-11],[-4,-10],[-19,7],[0,21],[-18,-1],[2,12],[-20,10],[0,15],[-21,-10],[-9,-14],[-6,9],[-12,2]],[[7418,2494],[42,-34],[6,-17],[17,-17],[20,16]],[[7503,2442],[22,-33],[-12,-18],[-60,13],[50,-50],[1,-37]],[[7504,2317],[-252,-41],[-5,-24],[18,-21],[9,-1],[23,-17],[27,-2]],[[7324,2211],[-83,-65],[-2,29],[-25,-2],[8,-40],[-78,-49]],[[7611,2694],[-11,-33],[41,-52],[-3,-61],[33,14],[61,-63],[-58,-35],[34,-8],[32,36],[65,-61],[-206,-120],[-31,32],[-1,52],[-28,7],[-35,70],[-28,-26],[27,-4]],[[7774,2678],[22,21],[-12,-76],[33,-27],[-88,-50],[41,38],[-13,55],[-22,-54],[-22,9],[0,39],[-45,-12],[0,52]],[[7854,2619],[-29,-15],[-21,49]],[[7800,2348],[-333,-262],[24,99],[49,11],[158,126],[52,7],[31,62],[19,-43]],[[7491,2222],[8,56]],[[7499,2278],[12,-39],[-20,-17]],[[5852,1339],[-287,0],[-27,35],[-72,-36]],[[5466,1338],[-60,46],[41,161],[-28,13],[-17,102],[-126,46],[-77,111],[-45,16],[-51,178],[-39,16],[-79,141],[-89,45]],[[5967,2080],[-1,-657]],[[5966,1423],[0,-82],[-114,-2]],[[6962,1876],[-8,-3],[-26,15],[-37,9],[-17,19],[-22,8],[-7,22],[-12,8],[-36,-4],[-31,17],[-8,-10],[-3,12],[-10,5],[-8,-2],[-9,-15],[-11,22],[1,22],[10,7],[2,16]],[[6730,2024],[1,24],[-7,11],[-10,4],[-17,-8],[-18,2],[-20,21]],[[7144,2084],[14,-15],[-22,-21],[26,13]],[[7162,2061],[76,-134],[16,17]],[[7254,1944],[-61,-97],[-39,10],[25,8],[-53,37],[-59,-29],[12,31],[-102,-19],[-13,21],[-19,-11],[17,-19]],[[7491,2222],[-112,-91],[29,133],[-48,-43],[26,-22],[-25,-68],[-45,21],[8,59]],[[7504,2317],[-5,-39]],[[7387,2066],[52,81],[26,-28],[-12,-49],[-149,-196],[19,69],[57,66],[-18,15],[25,42]],[[7162,2061],[86,13],[74,51],[1,-83],[-69,-98]],[[6174,1341],[-2,71],[-17,0],[-1,16],[-28,-2],[1,-15],[-31,1],[0,14],[-130,-3]],[[6399,2080],[0,-745]],[[6399,1335],[-225,6]],[[6730,2024],[-103,-109],[-7,-229]],[[6620,1686],[-87,-3],[1,-351]],[[6534,1332],[-135,3]],[[7089,1612],[-385,-5],[-28,34],[-3,23],[-53,22]],[[6962,1876],[15,-21],[69,10],[-6,-57],[60,-55],[-24,3],[22,-23],[-25,-47],[-35,-7],[39,-2],[29,72],[46,-18],[-63,-119]],[[7171,1623],[-19,7]],[[7152,1630],[-7,66],[42,-37],[25,90],[72,97],[-28,8],[45,10],[-130,-241]],[[6745,1355],[-27,-10],[-5,-18],[-10,-4],[-35,-10],[-34,3],[-20,-8],[-8,-19],[-14,-3]],[[6592,1286],[1,45],[-59,1]],[[7089,1612],[-61,-226],[-67,-1],[-6,112],[-15,-90],[-55,-41],[-114,112],[53,-117],[-79,-6]],[[7171,1623],[-103,-272]],[[7068,1351],[-13,1]],[[7055,1352],[31,146],[66,132]],[[6248,885],[-397,1]],[[5851,886],[1,453]],[[6174,1341],[-6,-1],[1,-7],[26,-21],[-2,-86],[19,-2],[1,-79],[37,-2],[-2,-258]],[[5694,690],[-91,260],[-80,84],[-2,46],[-47,31],[13,160],[-21,67]],[[5851,886],[-40,-102],[-117,-94]],[[6321,884],[-73,1]],[[6592,1286],[-4,-402]],[[6588,884],[-267,0]],[[6608,721],[-21,4],[1,159]],[[6745,1355],[180,-54],[92,32],[-58,-172],[18,-80],[-68,-17],[8,-124],[48,-49],[33,-181]],[[6998,710],[-316,-4],[-74,15]],[[7068,1351],[-15,-69],[2,70]],[[7117,709],[-4,1]],[[7113,710],[-44,99],[-18,107],[-10,95],[-4,178],[9,85],[8,2],[-7,-100],[4,-140],[18,-137],[48,-190]],[[6124,390],[-59,-17],[-108,125],[-68,-14],[-23,33],[-127,22],[4,65],[-51,54],[2,32]],[[6321,884],[-197,-494]],[[6608,721],[-9,-53],[2,-19],[-12,1],[-12,-69],[100,-16],[3,-93]],[[6680,472],[2,-270]],[[6682,202],[-132,-1],[-27,-23],[-6,29],[-89,-10],[-69,40],[15,22],[-16,11],[-27,-20],[-14,44],[-29,-2],[-52,61],[-27,-18],[-85,55]],[[6998,710],[20,-78],[-38,-39],[41,-86]],[[7021,507],[-19,-18],[-10,-35],[-30,9],[-34,-12],[2,-22],[-250,43]],[[7165,538],[-15,1]],[[7150,539],[-12,56],[-8,57],[-17,58]],[[7117,709],[48,-171]],[[7165,538],[28,-149],[18,-171],[-6,-5],[-22,168],[-14,92],[-19,66]],[[7021,507],[40,-24],[12,-166],[76,-107],[-18,-62],[48,6],[32,-51],[-103,10],[2,-25],[-58,-21],[-4,-67],[-37,0],[-118,83],[11,19],[-29,8],[-26,57],[-167,35]]],"transform":{"scale":[0.0013143987391885594,0.0010649420215456773],"translate":[-106.65006186839652,25.845557429644302]}}