{"type":"Topology","objects":{"Illinois.geo":{"type":"GeometryCollection","geometries":[{"type":"Polygon","properties":{"name":"Jo Daviess","fips":"17085"},"id":"Jo Daviess","arcs":[[0,1,2]]},{"type":"Polygon","properties":{"name":"Rock Island","fips":"17161"},"id":"Rock Island","arcs":[[3,4,5,6]]},{"type":"Polygon","properties":{"name":"Will","fips":"17197"},"id":"Will","arcs":[[7,8,9,10,11,12]]},{"type":"Polygon","properties":{"name":"Kendall","fips":"17093"},"id":"Kendall","arcs":[[13,-9,14,15,16]]},{"type":"Polygon","properties":{"name":"La Salle","fips":"17099"},"id":"La Salle","arcs":[[17,18,19,20,-16,21,22,23,24]]},{"type":"Polygon","properties":{"name":"Bureau","fips":"17011"},"id":"Bureau","arcs":[[25,26,27,-19,28,29,30]]},{"type":"Polygon","properties":{"name":"Henry","fips":"17073"},"id":"Henry","arcs":[[31,-7,32,-26,33,34]]},{"type":"Polygon","properties":{"name":"Grundy","fips":"17063"},"id":"Grundy","arcs":[[35,-22,-15,-8,36]]},{"type":"Polygon","properties":{"name":"Mercer","fips":"17131"},"id":"Mercer","arcs":[[37,-4,-32,38,39,40]]},{"type":"Polygon","properties":{"name":"Putnam","fips":"17155"},"id":"Putnam","arcs":[[-29,-18,41]]},{"type":"Polygon","properties":{"name":"Kankakee","fips":"17091"},"id":"Kankakee","arcs":[[42,43,-37,-13,44,45]]},{"type":"Polygon","properties":{"name":"Stark","fips":"17175"},"id":"Stark","arcs":[[46,47,-34,-31,48]]},{"type":"Polygon","properties":{"name":"Knox","fips":"17095"},"id":"Knox","arcs":[[49,50,-39,-35,-48,51]]},{"type":"Polygon","properties":{"name":"Marshall","fips":"17123"},"id":"Marshall","arcs":[[-25,52,53,-49,-30,-42]]},{"type":"Polygon","properties":{"name":"Livingston","fips":"17105"},"id":"Livingston","arcs":[[-23,-36,-44,54,55,56]]},{"type":"Polygon","properties":{"name":"Henderson","fips":"17071"},"id":"Henderson","arcs":[[57,-41,58,59,60]]},{"type":"Polygon","properties":{"name":"Warren","fips":"17187"},"id":"Warren","arcs":[[61,-59,-40,-51,62]]},{"type":"Polygon","properties":{"name":"Iroquois","fips":"17075"},"id":"Iroquois","arcs":[[63,-46,64,65]]},{"type":"Polygon","properties":{"name":"Ford","fips":"17053"},"id":"Ford","arcs":[[66,67,-55,-43,-64,68]]},{"type":"Polygon","properties":{"name":"Peoria","fips":"17143"},"id":"Peoria","arcs":[[-52,-47,-54,69,70,71]]},{"type":"Polygon","properties":{"name":"Woodford","fips":"17203"},"id":"Woodford","arcs":[[-70,-53,-24,-57,72,73]]},{"type":"Polygon","properties":{"name":"McLean","fips":"17113"},"id":"McLean","arcs":[[74,75,76,77,-73,-56,-68,78]]},{"type":"Polygon","properties":{"name":"Tazewell","fips":"17179"},"id":"Tazewell","arcs":[[79,80,81,-71,-74,-78]]},{"type":"Polygon","properties":{"name":"Fulton","fips":"17057"},"id":"Fulton","arcs":[[82,-63,-50,-72,-82,83,84]]},{"type":"Polygon","properties":{"name":"Hancock","fips":"17067"},"id":"Hancock","arcs":[[-61,85,86,87,88]]},{"type":"Polygon","properties":{"name":"McDonough","fips":"17109"},"id":"McDonough","arcs":[[89,-86,-60,-62,-83]]},{"type":"Polygon","properties":{"name":"Vermilion","fips":"17183"},"id":"Vermilion","arcs":[[90,91,-69,-66,92]]},{"type":"Polygon","properties":{"name":"Mason","fips":"17125"},"id":"Mason","arcs":[[93,-84,-81,94,95,96]]},{"type":"Polygon","properties":{"name":"Champaign","fips":"17019"},"id":"Champaign","arcs":[[97,-79,-67,-92,98]]},{"type":"Polygon","properties":{"name":"Logan","fips":"17107"},"id":"Logan","arcs":[[99,-95,-80,-77,100,101,102]]},{"type":"Polygon","properties":{"name":"Piatt","fips":"17147"},"id":"Piatt","arcs":[[103,-75,-98,104,105,106]]},{"type":"Polygon","properties":{"name":"De Witt","fips":"17039"},"id":"De Witt","arcs":[[-101,-76,-104,107]]},{"type":"Polygon","properties":{"name":"Schuyler","fips":"17169"},"id":"Schuyler","arcs":[[108,-87,-90,-85,-94,109,110]]},{"type":"Polygon","properties":{"name":"Adams","fips":"17001"},"id":"Adams","arcs":[[111,112,-88,-109,113]]},{"type":"Polygon","properties":{"name":"Menard","fips":"17129"},"id":"Menard","arcs":[[114,-96,-100,115]]},{"type":"Polygon","properties":{"name":"Cass","fips":"17017"},"id":"Cass","arcs":[[116,-110,-97,-115,117,118]]},{"type":"Polygon","properties":{"name":"Brown","fips":"17009"},"id":"Brown","arcs":[[119,-114,-111,-117,120]]},{"type":"Polygon","properties":{"name":"Macon","fips":"17115"},"id":"Macon","arcs":[[121,122,-102,-108,-107,123,124]]},{"type":"Polygon","properties":{"name":"Sangamon","fips":"17167"},"id":"Sangamon","arcs":[[125,126,-118,-116,-103,-123,127,128]]},{"type":"Polygon","properties":{"name":"Edgar","fips":"17045"},"id":"Edgar","arcs":[[129,130,-91,131,132]]},{"type":"Polygon","properties":{"name":"Douglas","fips":"17041"},"id":"Douglas","arcs":[[133,134,-105,-99,-131]]},{"type":"Polygon","properties":{"name":"Morgan","fips":"17137"},"id":"Morgan","arcs":[[135,136,137,-121,-119,-127,138]]},{"type":"Polygon","properties":{"name":"Pike","fips":"17149"},"id":"Pike","arcs":[[-112,-120,-138,139,140,141,142]]},{"type":"Polygon","properties":{"name":"Christian","fips":"17021"},"id":"Christian","arcs":[[-128,-122,143,144]]},{"type":"Polygon","properties":{"name":"Moultrie","fips":"17139"},"id":"Moultrie","arcs":[[145,-124,-106,-135,146]]},{"type":"Polygon","properties":{"name":"Scott","fips":"17171"},"id":"Scott","arcs":[[-140,-137,147]]},{"type":"Polygon","properties":{"name":"Coles","fips":"17029"},"id":"Coles","arcs":[[148,149,-147,-134,-130,150]]},{"type":"Polygon","properties":{"name":"Shelby","fips":"17173"},"id":"Shelby","arcs":[[151,152,-144,-125,-146,-150,153,154]]},{"type":"Polygon","properties":{"name":"Montgomery","fips":"17135"},"id":"Montgomery","arcs":[[155,-129,-145,-153,156,157,158]]},{"type":"Polygon","properties":{"name":"Macoupin","fips":"17117"},"id":"Macoupin","arcs":[[159,160,-139,-126,-156,161]]},{"type":"Polygon","properties":{"name":"Greene","fips":"17061"},"id":"Greene","arcs":[[162,163,-141,-148,-136,-161]]},{"type":"Polygon","properties":{"name":"Clark","fips":"17023"},"id":"Clark","arcs":[[164,-151,-133,165,166,167]]},{"type":"Polygon","properties":{"name":"Calhoun","fips":"17013"},"id":"Calhoun","arcs":[[168,169,-142,-164]]},{"type":"Polygon","properties":{"name":"Cumberland","fips":"17035"},"id":"Cumberland","arcs":[[170,171,-154,-149,-165]]},{"type":"Polygon","properties":{"name":"Jersey","fips":"17083"},"id":"Jersey","arcs":[[172,173,-169,-163,-160]]},{"type":"Polygon","properties":{"name":"Fayette","fips":"17051"},"id":"Fayette","arcs":[[-157,-152,174,175,176,177,178]]},{"type":"Polygon","properties":{"name":"Effingham","fips":"17049"},"id":"Effingham","arcs":[[179,-175,-155,-172,180]]},{"type":"Polygon","properties":{"name":"Crawford","fips":"17033"},"id":"Crawford","arcs":[[181,-167,182,183,184]]},{"type":"Polygon","properties":{"name":"Jasper","fips":"17079"},"id":"Jasper","arcs":[[185,186,-181,-171,-168,-182]]},{"type":"Polygon","properties":{"name":"Bond","fips":"17005"},"id":"Bond","arcs":[[187,-158,-179,188]]},{"type":"Polygon","properties":{"name":"Madison","fips":"17119"},"id":"Madison","arcs":[[-173,-162,-159,-188,189,190,191]]},{"type":"Polygon","properties":{"name":"Clay","fips":"17025"},"id":"Clay","arcs":[[192,-176,-180,-187,193,194]]},{"type":"Polygon","properties":{"name":"Lawrence","fips":"17101"},"id":"Lawrence","arcs":[[195,196,197,-184]]},{"type":"Polygon","properties":{"name":"Richland","fips":"17159"},"id":"Richland","arcs":[[198,199,-194,-186,-185,-198,200]]},{"type":"Polygon","properties":{"name":"Marion","fips":"17121"},"id":"Marion","arcs":[[201,-177,-193,202,203,204]]},{"type":"Polygon","properties":{"name":"Clinton","fips":"17027"},"id":"Clinton","arcs":[[-202,205,206,-190,-189,-178]]},{"type":"Polygon","properties":{"name":"St. Clair","fips":"17163"},"id":"St. Clair","arcs":[[207,208,-191,-207,209,210]]},{"type":"Polygon","properties":{"name":"Wayne","fips":"17191"},"id":"Wayne","arcs":[[211,212,213,-203,-195,-200,214]]},{"type":"Polygon","properties":{"name":"Edwards","fips":"17047"},"id":"Edwards","arcs":[[-215,-199,215,216]]},{"type":"Polygon","properties":{"name":"Wabash","fips":"17185"},"id":"Wabash","arcs":[[-216,-201,-197,217,218]]},{"type":"Polygon","properties":{"name":"Monroe","fips":"17133"},"id":"Monroe","arcs":[[219,220,-208]]},{"type":"Polygon","properties":{"name":"Washington","fips":"17189"},"id":"Washington","arcs":[[221,-210,-206,-205,222,223]]},{"type":"Polygon","properties":{"name":"Jefferson","fips":"17081"},"id":"Jefferson","arcs":[[224,225,-223,-204,-214,226]]},{"type":"Polygon","properties":{"name":"White","fips":"17193"},"id":"White","arcs":[[227,-212,-217,-219,228,229]]},{"type":"Polygon","properties":{"name":"Hamilton","fips":"17065"},"id":"Hamilton","arcs":[[230,231,-227,-213,-228]]},{"type":"Polygon","properties":{"name":"Randolph","fips":"17157"},"id":"Randolph","arcs":[[-220,-211,-222,232,233,234]]},{"type":"Polygon","properties":{"name":"Perry","fips":"17145"},"id":"Perry","arcs":[[235,236,-233,-224,-226]]},{"type":"Polygon","properties":{"name":"Franklin","fips":"17055"},"id":"Franklin","arcs":[[237,238,239,-236,-225,-232]]},{"type":"Polygon","properties":{"name":"Jackson","fips":"17077"},"id":"Jackson","arcs":[[240,241,-234,-237,-240,242]]},{"type":"Polygon","properties":{"name":"Gallatin","fips":"17059"},"id":"Gallatin","arcs":[[243,244,-230,245]]},{"type":"Polygon","properties":{"name":"Saline","fips":"17165"},"id":"Saline","arcs":[[246,247,-238,-231,-245,248]]},{"type":"Polygon","properties":{"name":"Williamson","fips":"17199"},"id":"Williamson","arcs":[[249,250,-243,-239,-248]]},{"type":"Polygon","properties":{"name":"Hardin","fips":"17069"},"id":"Hardin","arcs":[[251,-249,-244,252]]},{"type":"Polygon","properties":{"name":"Pope","fips":"17151"},"id":"Pope","arcs":[[253,254,-247,-252,255]]},{"type":"Polygon","properties":{"name":"Union","fips":"17181"},"id":"Union","arcs":[[256,-241,-251,257,258,259]]},{"type":"Polygon","properties":{"name":"Johnson","fips":"17087"},"id":"Johnson","arcs":[[260,-258,-250,-255,261]]},{"type":"Polygon","properties":{"name":"Massac","fips":"17127"},"id":"Massac","arcs":[[-254,262,263,-262]]},{"type":"Polygon","properties":{"name":"Alexander","fips":"17003"},"id":"Alexander","arcs":[[-260,264,265]]},{"type":"Polygon","properties":{"name":"Pulaski","fips":"17153"},"id":"Pulaski","arcs":[[-265,-259,-261,-264,266]]},{"type":"Polygon","properties":{"name":"Stephenson","fips":"17177"},"id":"Stephenson","arcs":[[-2,267,268,269,270]]},{"type":"Polygon","properties":{"name":"Winnebago","fips":"17201"},"id":"Winnebago","arcs":[[271,-269,272,273]]},{"type":"Polygon","properties":{"name":"McHenry","fips":"17111"},"id":"McHenry","arcs":[[274,275,276,277,278,279]]},{"type":"Polygon","properties":{"name":"Boone","fips":"17007"},"id":"Boone","arcs":[[-274,280,-276,281]]},{"type":"Polygon","properties":{"name":"Lake","fips":"17097"},"id":"Lake","arcs":[[282,-278,283]]},{"type":"Polygon","properties":{"name":"Ogle","fips":"17141"},"id":"Ogle","arcs":[[284,-270,-272,285,286,287]]},{"type":"Polygon","properties":{"name":"Carroll","fips":"17015"},"id":"Carroll","arcs":[[288,289,-3,-271,-285]]},{"type":"Polygon","properties":{"name":"Cook","fips":"17031"},"id":"Cook","arcs":[[290,-279,-283,291,-11,292]]},{"type":"Polygon","properties":{"name":"Kane","fips":"17089"},"id":"Kane","arcs":[[293,-280,-291,294,-14]]},{"type":"Polygon","properties":{"name":"DeKalb","fips":"17037"},"id":"DeKalb","arcs":[[-21,295,-286,-282,-275,-294,-17]]},{"type":"Polygon","properties":{"name":"DuPage","fips":"17043"},"id":"DuPage","arcs":[[-295,-293,-10]]},{"type":"Polygon","properties":{"name":"Whiteside","fips":"17195"},"id":"Whiteside","arcs":[[-6,296,-289,-288,297,-27,-33]]},{"type":"Polygon","properties":{"name":"Lee","fips":"17103"},"id":"Lee","arcs":[[-298,-287,-296,-20,-28]]}]}},"arcs":[[[2975,9434],[-110,23],[-99,59],[-27,39],[-24,139],[-34,35],[-124,52],[-181,60],[-105,70],[-106,27],[-9,34],[34,27],[544,-2],[1239,-7]],[[3973,9990],[3,-556]],[[3976,9434],[-1001,0]],[[2690,7867],[-1585,6]],[[1105,7873],[43,120],[71,40],[67,14],[127,-18],[263,42],[161,10],[178,0],[124,22],[145,86],[149,30],[214,2],[50,29],[30,43],[186,36],[23,29],[-5,83],[38,134],[53,61],[123,46]],[[3145,8682],[48,-142],[47,-43],[86,-24],[58,-51],[17,-48],[-65,-48]],[[3336,8326],[-16,-43],[-46,-30],[-126,-36],[-280,-16],[-51,-67],[-120,-34],[-7,-233]],[[8150,7637],[-26,468]],[[8124,8105],[-18,474]],[[8106,8579],[586,6],[2,-61]],[[8694,8524],[-6,-90],[297,3],[6,-147],[282,5],[11,-181],[653,3]],[[9937,8117],[1,-305]],[[9938,7812],[-1219,-11],[6,-156],[-575,-8]],[[7257,8571],[849,8]],[[8124,8105],[-860,-11]],[[7264,8094],[-17,325]],[[7247,8419],[-7,144],[17,8]],[[5857,7462],[-5,376]],[[5852,7838],[-3,496]],[[5849,8334],[0,71],[575,1]],[[6424,8406],[823,13]],[[7264,8094],[27,-621]],[[7291,7473],[-858,-7],[3,-327]],[[6436,7139],[-304,-3]],[[6132,7136],[-1,324],[-274,2]],[[4124,7693],[-13,631]],[[4111,8324],[577,6]],[[4688,8330],[1161,4]],[[5852,7838],[-249,13],[-188,-50],[-43,-109],[-271,-3],[0,-148]],[[5101,7541],[-434,-4]],[[4667,7537],[-2,159],[-541,-3]],[[2681,7547],[9,320]],[[3336,8326],[775,-2]],[[4124,7693],[-30,-2],[4,-151],[-292,0]],[[3806,7540],[-1125,7]],[[8133,7478],[-842,-5]],[[8150,7637],[9,-158],[-26,-1]],[[1401,7394],[-8,61],[-81,73],[-70,38],[-95,19],[-113,100],[-2,66],[73,122]],[[2681,7547],[-8,-160]],[[2673,7387],[-862,3]],[[1811,7390],[-410,4]],[[5857,7462],[-453,-8],[50,88],[-353,-1]],[[8444,7274],[-298,-3]],[[8146,7271],[-13,207]],[[9938,7812],[1,-231],[0,-297]],[[9939,7284],[-1495,-10]],[[4658,7226],[-849,2]],[[3809,7228],[-3,312]],[[4667,7537],[-9,-311]],[[3800,6759],[-1142,-17]],[[2658,6742],[15,645]],[[3809,7228],[-9,-469]],[[6132,7136],[-1051,-8]],[[5081,7128],[41,26],[21,68],[-485,4]],[[8146,7271],[26,-688],[-556,-6]],[[7616,6577],[-286,0],[-18,243],[-863,2]],[[6449,6822],[-13,317]],[[751,6621],[131,23],[83,47],[23,42],[68,102],[10,130],[99,83],[164,81],[57,48],[15,217]],[[1811,7390],[-23,-779]],[[1788,6611],[-284,2]],[[1504,6613],[-753,8]],[[2656,6596],[-868,15]],[[2658,6742],[-2,-146]],[[8921,6333],[-444,14],[-33,927]],[[9939,7284],[-2,-479],[-11,-454]],[[9926,6351],[-1005,-18]],[[8926,6186],[-1314,-5]],[[7612,6181],[4,396]],[[8921,6333],[5,-147]],[[5081,7128],[-74,-95],[-126,-97],[-11,-46],[25,-83]],[[4895,6807],[13,-27],[-18,-36],[-44,-38],[-119,-39],[3,-40],[-92,-64],[-6,-55],[-33,-26],[-339,-31],[-167,-63]],[[4093,6388],[14,140],[-33,2],[8,76],[-278,1],[-4,152]],[[6449,6822],[-141,0],[-4,-163],[-135,-3],[-2,-60],[-150,-3],[-1,-24],[-85,1],[2,-25],[-342,-3]],[[5591,6542],[-4,31],[-138,1],[-8,231],[-546,2]],[[7613,5980],[-277,-1]],[[7336,5979],[-1445,-6]],[[5891,5973],[-284,0],[-1,79]],[[5606,6052],[-15,490]],[[7612,6181],[1,-201]],[[5606,6052],[-852,-8]],[[4754,6044],[-266,-1],[-15,209],[-518,6]],[[3955,6258],[57,32],[43,72],[38,26]],[[2647,5956],[9,640]],[[3955,6258],[-89,-30],[-79,-50],[-122,-36],[-82,-150],[-99,-64],[-28,-46],[-94,-29],[-98,-54]],[[3264,5799],[-618,8],[1,149]],[[1504,6613],[-12,-643]],[[1492,5970],[-8,-158]],[[1484,5812],[-1460,7]],[[24,5819],[19,92],[30,105],[95,113],[75,27],[82,10],[33,19],[-32,80],[27,103],[-19,45],[-76,35],[4,45],[89,55],[283,66],[117,7]],[[2647,5956],[-1155,14]],[[9929,5252],[-110,1],[32,-23],[-136,0],[-2,24],[-801,-8]],[[8912,5246],[-8,630],[30,1],[-8,309]],[[9926,6351],[4,-20],[1,-574],[-2,-505]],[[2899,5687],[34,31],[56,0],[71,25],[177,4],[27,21],[0,31]],[[4754,6044],[11,-342]],[[4765,5702],[-132,53],[-100,-38],[-47,3],[-96,-25],[-55,8],[-60,-15],[-65,-3],[-42,25],[-51,-18],[-34,26],[-33,-21],[-78,14],[-104,-1],[-86,-47]],[[3782,5663],[-158,-21],[-62,-33],[-106,-27],[-140,2],[-37,-17],[-90,-8],[-50,23],[-36,-12],[-43,7],[-61,78],[-100,32]],[[7608,5240],[5,740]],[[8912,5246],[-1304,-6]],[[4817,5417],[10,210],[-57,1],[-5,74]],[[5891,5973],[5,-418]],[[5896,5555],[3,-245],[-183,-2]],[[5716,5308],[-467,-1],[-1,25],[-207,3],[6,85],[-230,-3]],[[6888,5563],[0,79],[157,1],[3,72],[288,264]],[[7608,5240],[-6,-165],[-18,2]],[[7584,5077],[-681,7]],[[6903,5084],[-15,479]],[[6888,5563],[-992,-8]],[[1479,5652],[5,160]],[[2899,5687],[-87,-15],[-34,-74],[-63,-16],[-36,-90],[-182,-55]],[[2497,5437],[-225,-10],[-4,37],[-38,19],[31,9],[-9,14],[-80,2],[-92,31],[7,55],[-81,8],[33,46],[-560,4]],[[1483,5180],[-2,-148],[-1125,-9]],[[356,5023],[-21,77],[-168,108],[-4,40],[42,30],[9,36],[-42,44],[-100,108],[-42,110],[-30,123],[24,120]],[[1479,5652],[4,-472]],[[3788,5286],[-6,377]],[[4817,5417],[-301,-3],[-12,-103],[-148,-2],[-13,-19],[-555,-4]],[[2322,5240],[106,67],[69,130]],[[3788,5286],[-1,-53]],[[3787,5233],[-1465,7]],[[2343,5176],[-753,-5],[-107,9]],[[2322,5240],[21,-64]],[[6196,4834],[-286,0],[-5,262],[-106,27],[-80,-8]],[[5719,5115],[-3,193]],[[6903,5084],[-31,-1],[-4,-101],[-129,-2],[-2,-147]],[[6737,4833],[-541,1]],[[4521,4601],[-564,-2]],[[3957,4599],[2,57],[-142,265],[-30,312]],[[5719,5115],[-94,16],[-55,-49],[-123,-53],[-189,-39],[-69,10],[-2,-112],[-134,-4],[3,-68],[-128,-3],[2,-211]],[[4930,4602],[-409,-1]],[[8858,4523],[-8,369]],[[8850,4892],[-7,194],[74,4],[-5,156]],[[9929,5252],[1,-504],[-8,-238]],[[9922,4510],[-371,2],[-4,17],[-689,-6]],[[8850,4892],[-227,-5],[3,-51],[-1038,-13]],[[7588,4823],[-4,254]],[[3396,4597],[-370,-2]],[[3026,4595],[7,208],[-103,1],[-1,50],[-85,0],[1,158],[-272,1],[3,66],[-312,4]],[[2264,5083],[50,29],[29,64]],[[3957,4599],[-561,-2]],[[2264,5083],[-95,-162],[14,-45],[72,-65],[74,-142],[-13,-73]],[[2316,4596],[-84,-191],[10,-48]],[[2242,4357],[-824,13]],[[1418,4370],[-221,80],[-70,53],[-73,100],[-156,43],[-117,85],[-286,156],[-123,70],[-16,66]],[[6196,4834],[1,-557],[-267,2]],[[5930,4279],[-994,-1],[-6,324]],[[7592,4462],[-293,0],[1,48],[-36,1],[-1,24],[-49,-1],[0,29],[-56,0],[-4,32],[-179,5],[-1,98],[-231,3],[-6,132]],[[7588,4823],[4,-361]],[[3026,4595],[-710,1]],[[8737,4332],[-1144,-5]],[[7593,4327],[-1,135]],[[8858,4523],[-122,1],[1,-192]],[[6751,4033],[-830,5]],[[5921,4038],[9,241]],[[7593,4327],[2,-296]],[[7595,4031],[-844,2]],[[4524,3639],[-20,648],[16,1],[1,313]],[[5921,4038],[-283,-2],[-4,-345]],[[5634,3691],[-839,5],[3,-54],[-132,-3]],[[4666,3639],[-142,0]],[[3403,3641],[-1,472]],[[3402,4113],[-6,484]],[[4524,3639],[-1121,2]],[[3402,4113],[-130,-12],[-3,-47],[-278,-2],[-2,-86],[-435,-4],[-35,-24],[-32,44],[-123,-2],[-45,-13],[11,-31],[-65,-78]],[[2265,3858],[-15,69],[36,106],[-58,270],[14,54]],[[8744,3966],[-7,366]],[[9922,4510],[-4,-230],[-143,-22],[-69,-56],[37,-18],[-13,-29],[22,-42],[56,-18],[-10,-72],[-14,-19],[-35,-4],[-90,-50]],[[9659,3950],[-53,1],[-1,17],[-723,-1]],[[8882,3967],[-138,-1]],[[2265,3858],[-7,-18],[87,-137],[2,-48],[62,-64],[46,-22],[109,17],[46,-15]],[[2610,3571],[-151,-122],[-100,-37],[-141,17],[-104,99],[-93,186],[-4,36],[43,65],[-66,91],[-3,94],[-36,52],[-14,42],[-103,88],[-177,98],[-243,90]],[[8744,3966],[-881,-5]],[[7863,3961],[-263,2],[-5,68]],[[3403,3641],[-317,0],[0,-132]],[[3086,3509],[-101,0],[-233,68],[-142,-6]],[[6751,4033],[-1,-538],[273,1]],[[7023,3496],[-4,-158]],[[7019,3338],[-1100,-9],[-4,-152]],[[5915,3177],[-294,1]],[[5621,3178],[-5,481],[22,2],[-4,30]],[[7860,3492],[-837,4]],[[7863,3961],[-3,-469]],[[8883,3383],[-1,584]],[[9659,3950],[-65,-39],[27,-29],[-7,-31],[76,-18],[2,-27],[47,-8],[67,-40],[9,-121],[-25,-3],[109,-30],[36,-25],[8,-57],[-22,-49],[-50,-64],[22,-21]],[[9893,3388],[-916,-5]],[[8977,3383],[-94,0]],[[8883,3383],[-765,-2]],[[8118,3381],[-258,7],[0,104]],[[4766,3177],[-3,236],[-93,0],[-4,226]],[[5621,3178],[-855,-1]],[[4766,3177],[3,-147],[-275,-5]],[[4494,3025],[-1170,2]],[[3324,3027],[-46,76],[14,42],[83,89],[70,23],[33,27],[22,54],[-49,41],[-277,111],[-88,19]],[[7020,2942],[-1,396]],[[8118,3381],[1,-202],[-68,-6],[29,-141],[-42,-32],[20,-42],[51,-25]],[[8109,2933],[-1089,9]],[[9893,3388],[106,-113],[-28,-34],[28,-13],[-1,-60],[-89,-91],[-111,-25],[-92,-54],[-8,-36],[22,-43],[-52,-10],[-31,-35]],[[9637,2874],[-657,1]],[[8980,2875],[-3,508]],[[8874,2876],[-475,2]],[[8399,2878],[3,51],[-293,4]],[[8980,2875],[-106,1]],[[5914,2743],[1,434]],[[7020,2942],[-4,-249]],[[7016,2693],[-1099,0]],[[5917,2693],[-3,50]],[[5914,2743],[-299,12],[-81,-11],[-148,19],[-103,-44],[-80,9],[-66,-13],[-61,-36],[-107,25],[-45,-12],[-75,14],[-116,-27],[-19,-31],[-48,-15],[-47,2],[-13,-26],[-100,-16]],[[4506,2593],[-12,432]],[[4021,2238],[-65,97],[17,16],[31,-10],[-16,53],[-284,5],[0,32],[-285,144],[-1,33],[-299,166]],[[3119,2774],[11,25],[51,55],[143,85],[0,88]],[[4506,2593],[-11,-362]],[[4495,2231],[-474,7]],[[8388,2304],[-550,-5]],[[7838,2299],[-832,6]],[[7006,2305],[10,388]],[[8399,2878],[-11,-574]],[[8874,2876],[23,-67],[-35,-75],[27,-81],[-17,-29],[20,-20],[-68,-43],[0,-42],[38,-51],[7,-98],[-69,-65]],[[8800,2305],[-412,-1]],[[9637,2874],[-50,-48],[54,-58],[-5,-27],[-66,6],[-32,-41],[-158,-28],[-7,-16],[50,-21],[-24,-50],[-89,-72],[-126,-46],[-39,-120],[-32,-2],[-27,57],[-24,-2],[-12,-27],[-64,-36],[1,39],[-31,4],[-135,-115]],[[8821,2271],[-21,34]],[[4021,2238],[-339,1],[3,-157],[-421,-86]],[[3264,1996],[-116,60],[-88,81],[-118,39],[-70,83],[-11,161],[26,76],[48,46],[94,66],[90,166]],[[4787,2227],[-292,4]],[[5917,2693],[-17,-471]],[[5900,2222],[-1113,5]],[[7004,2068],[-1059,-3]],[[5945,2065],[-47,4],[2,153]],[[7006,2305],[-2,-237]],[[7832,1679],[6,620]],[[8821,2271],[-15,-11],[20,-62],[114,-54],[1,-24],[-46,-38],[-58,-9],[-112,-51],[16,-20],[118,8],[-26,-43],[-148,-35],[-21,-16],[4,-12],[49,-9],[-18,-46],[18,-60],[-52,-34],[2,-39],[-57,-9],[-36,26],[-12,-37],[133,-11],[10,-21],[-46,-18],[-137,19],[-4,-20]],[[8518,1645],[-106,47],[-22,-12],[-558,-1]],[[7832,1679],[-828,-8]],[[7004,1671],[0,397]],[[4787,2227],[-14,-476]],[[4773,1751],[-161,-207],[-46,-19],[-13,-44]],[[4553,1481],[-93,66],[-308,116],[-23,0],[-15,-24],[-84,-29],[-93,4],[-102,61],[51,94],[-131,10],[-77,43],[-194,71],[-38,39],[-182,64]],[[5945,2065],[-18,-36],[42,-26],[-42,-83],[-13,-101],[-84,-77]],[[5830,1742],[-1057,9]],[[7004,1671],[-2,-77]],[[7002,1594],[-1112,-3]],[[5890,1591],[0,151],[-60,0]],[[5895,1118],[-764,4],[-4,-42],[-40,-24],[-120,4]],[[4967,1060],[29,79],[-14,63],[14,53],[-20,27],[-150,20],[-212,72],[-23,69],[-38,38]],[[5890,1591],[5,-473]],[[8437,1081],[-62,-2],[-89,52],[-457,-5]],[[7829,1126],[3,553]],[[8518,1645],[64,-50],[104,-43],[-20,-30],[-117,7],[8,-25],[126,-21],[-92,-128],[-153,-62],[-64,-73],[4,-58],[59,-81]],[[7742,1125],[-749,-5]],[[6993,1120],[9,474]],[[7829,1126],[-87,-1]],[[6993,1120],[-832,-4]],[[6161,1116],[-266,2]],[[7724,785],[18,340]],[[8437,1081],[156,-132],[-41,-63],[-558,-60],[-119,-61],[-151,20]],[[7547,147],[-4,178],[-554,316]],[[6989,641],[4,479]],[[7724,785],[-119,-35],[-109,-189],[25,-70],[126,-95],[70,-88],[-69,-105],[-66,-48],[-35,-8]],[[5107,638],[83,30],[20,100],[-65,76],[-103,70],[-75,146]],[[6161,1116],[-8,-481]],[[6153,635],[-490,1]],[[5663,636],[-556,2]],[[6450,589],[-55,-11],[-100,20],[-143,-30],[1,67]],[[6989,641],[-485,-4],[-21,-35],[-33,-13]],[[7547,147],[-66,-6],[-105,15],[-137,65],[-185,48],[-126,11],[-19,19],[-291,91],[-173,29]],[[6445,419],[5,170]],[[5663,636],[74,-43],[11,-41],[-88,-40],[-16,-68],[-29,-12],[-3,-37],[30,-15],[-26,-35],[-8,-93],[53,-38],[167,-32],[26,-42]],[[5854,140],[-12,-69],[60,-50],[51,-19],[-159,-2],[-41,76],[-69,24],[-66,82],[-50,7],[-48,-10],[-16,-45],[114,-60],[5,-34],[-52,-17],[-70,18],[-180,72],[8,90],[-109,69],[-42,51],[-69,107],[7,53],[-61,4],[-60,37],[0,52],[33,44],[79,18]],[[6445,419],[-151,3],[-179,-62],[-130,-133],[-73,-34],[-58,-53]],[[3973,9990],[222,-2],[1083,-10]],[[5278,9978],[-3,-538]],[[5275,9440],[-729,-6]],[[4546,9434],[-570,0]],[[6419,9353],[-584,-2],[-2,90],[-558,-1]],[[5278,9978],[102,0],[1049,-12]],[[6429,9966],[-10,-613]],[[7288,9359],[-289,-1]],[[6999,9358],[10,605]],[[7009,9963],[1019,5],[258,-5]],[[8286,9963],[-24,-602]],[[8262,9361],[-97,-1]],[[8165,9360],[-877,-1]],[[6429,9966],[434,0],[146,-3]],[[6999,9358],[-580,-5]],[[9369,9360],[-1107,1]],[[8286,9963],[991,-1],[-99,-316],[191,-286]],[[4552,8956],[-6,478]],[[6419,9353],[-11,-471]],[[6408,8882],[-1040,-5],[-3,24],[-88,0],[-71,-27],[-9,34],[-37,6],[-69,-1],[-20,-11],[-378,1]],[[4693,8903],[-2,51],[-139,2]],[[4552,8956],[-1155,-5]],[[3397,8951],[29,97],[-19,89],[-44,50],[3,78],[-23,30],[-39,4],[-98,67],[-231,68]],[[8105,9056],[-4,144],[68,2],[-4,158]],[[9369,9360],[224,-175],[145,-385],[206,-224],[-7,-459]],[[8694,8524],[124,2],[147,51],[-12,496],[-848,-17]],[[7257,8571],[-7,628],[41,0],[-3,160]],[[8105,9056],[1,-477]],[[6424,8406],[-16,476]],[[3145,8682],[149,44],[103,225]],[[4693,8903],[-5,-573]]],"transform":{"scale":[0.0004008775468659593,0.0005523093700055964],"translate":[-91.51628404230237,36.986822284439896]}}