{"type":"Topology","objects":{"Minnesota.geo":{"type":"GeometryCollection","geometries":[{"type":"Polygon","properties":{"name":"Lake of the Woods","fips":"27077"},"id":"Lake of the Woods","arcs":[[0,1,2,3]]},{"type":"Polygon","properties":{"name":"Kittson","fips":"27069"},"id":"Kittson","arcs":[[4,5,6]]},{"type":"Polygon","properties":{"name":"Roseau","fips":"27135"},"id":"Roseau","arcs":[[-5,7,-1,8,9]]},{"type":"Polygon","properties":{"name":"Koochiching","fips":"27071"},"id":"Koochiching","arcs":[[10,-3,11,12,13]]},{"type":"Polygon","properties":{"name":"St. Louis","fips":"27137"},"id":"St. Louis","arcs":[[14,15,-13,16,17,18,19]]},{"type":"Polygon","properties":{"name":"Marshall","fips":"27089"},"id":"Marshall","arcs":[[20,-6,-10,21,22,23]]},{"type":"Polygon","properties":{"name":"Beltrami","fips":"27007"},"id":"Beltrami","arcs":[[24,-22,-9,-4,-11,25,26,27,28]]},{"type":"Polygon","properties":{"name":"Lake","fips":"27075"},"id":"Lake","arcs":[[29,30,-18,31]]},{"type":"Polygon","properties":{"name":"Polk","fips":"27119"},"id":"Polk","arcs":[[32,33,-24,34,35,36,37,38]]},{"type":"Polygon","properties":{"name":"Pennington","fips":"27113"},"id":"Pennington","arcs":[[-35,-23,-25,39,-37,40]]},{"type":"Polygon","properties":{"name":"Clearwater","fips":"27029"},"id":"Clearwater","arcs":[[-38,-40,-29,41,42,43]]},{"type":"Polygon","properties":{"name":"Red Lake","fips":"27125"},"id":"Red Lake","arcs":[[-41,-36]]},{"type":"Polygon","properties":{"name":"Itasca","fips":"27061"},"id":"Itasca","arcs":[[-16,44,45,-26,-14]]},{"type":"Polygon","properties":{"name":"Norman","fips":"27107"},"id":"Norman","arcs":[[46,47,-33,48,49]]},{"type":"Polygon","properties":{"name":"Mahnomen","fips":"27087"},"id":"Mahnomen","arcs":[[-44,50,-49,-39]]},{"type":"Polygon","properties":{"name":"Cass","fips":"27021"},"id":"Cass","arcs":[[51,52,-27,-46,53,54,55,56]]},{"type":"Polygon","properties":{"name":"Hubbard","fips":"27057"},"id":"Hubbard","arcs":[[57,-42,-28,-53,58]]},{"type":"Polygon","properties":{"name":"Becker","fips":"27005"},"id":"Becker","arcs":[[59,60,-50,-51,-43,-58,61]]},{"type":"Polygon","properties":{"name":"Clay","fips":"27027"},"id":"Clay","arcs":[[62,63,-47,-61,64]]},{"type":"Polygon","properties":{"name":"Aitkin","fips":"27001"},"id":"Aitkin","arcs":[[65,66,67,-54,-45,-15,68,69]]},{"type":"Polygon","properties":{"name":"Wadena","fips":"27159"},"id":"Wadena","arcs":[[70,-62,-59,-52,71]]},{"type":"Polygon","properties":{"name":"Crow Wing","fips":"27035"},"id":"Crow Wing","arcs":[[72,-55,-68,73]]},{"type":"Polygon","properties":{"name":"Carlton","fips":"27017"},"id":"Carlton","arcs":[[-69,-20,74,75]]},{"type":"Polygon","properties":{"name":"Otter Tail","fips":"27111"},"id":"Otter Tail","arcs":[[-65,-60,-71,76,77,78,79]]},{"type":"Polygon","properties":{"name":"Wilkin","fips":"27167"},"id":"Wilkin","arcs":[[80,-63,-80,81,82]]},{"type":"Polygon","properties":{"name":"Pine","fips":"27115"},"id":"Pine","arcs":[[83,-70,-76,84,85]]},{"type":"Polygon","properties":{"name":"Todd","fips":"27153"},"id":"Todd","arcs":[[86,87,88,-77,-72,-57]]},{"type":"Polygon","properties":{"name":"Morrison","fips":"27097"},"id":"Morrison","arcs":[[89,-87,-56,-73,90,91]]},{"type":"Polygon","properties":{"name":"Mille Lacs","fips":"27095"},"id":"Mille Lacs","arcs":[[92,-91,-74,-67,93,94,95]]},{"type":"Polygon","properties":{"name":"Kanabec","fips":"27065"},"id":"Kanabec","arcs":[[96,-94,-66,-84]]},{"type":"Polygon","properties":{"name":"Grant","fips":"27051"},"id":"Grant","arcs":[[97,-82,-79,98,99]]},{"type":"Polygon","properties":{"name":"Douglas","fips":"27041"},"id":"Douglas","arcs":[[-99,-78,-89,100,101]]},{"type":"Polygon","properties":{"name":"Traverse","fips":"27155"},"id":"Traverse","arcs":[[102,103,104,-83,-98]]},{"type":"Polygon","properties":{"name":"Benton","fips":"27009"},"id":"Benton","arcs":[[105,106,-92,-93]]},{"type":"Polygon","properties":{"name":"Stearns","fips":"27145"},"id":"Stearns","arcs":[[107,-101,-88,-90,-107,108,109,110,111]]},{"type":"Polygon","properties":{"name":"Pope","fips":"27121"},"id":"Pope","arcs":[[112,113,-102,-108,114]]},{"type":"Polygon","properties":{"name":"Stevens","fips":"27149"},"id":"Stevens","arcs":[[115,-103,-100,-114,116]]},{"type":"Polygon","properties":{"name":"Isanti","fips":"27059"},"id":"Isanti","arcs":[[117,118,-95,-97,119]]},{"type":"Polygon","properties":{"name":"Chisago","fips":"27025"},"id":"Chisago","arcs":[[120,-120,-86,121,122]]},{"type":"Polygon","properties":{"name":"Big Stone","fips":"27011"},"id":"Big Stone","arcs":[[-104,-116,123,124,125]]},{"type":"Polygon","properties":{"name":"Sherburne","fips":"27141"},"id":"Sherburne","arcs":[[126,127,-109,-106,-96,-119]]},{"type":"Polygon","properties":{"name":"Wright","fips":"27171"},"id":"Wright","arcs":[[128,-110,-128,129,130,131]]},{"type":"Polygon","properties":{"name":"Anoka","fips":"27003"},"id":"Anoka","arcs":[[132,133,-127,-118,-121,134]]},{"type":"Polygon","properties":{"name":"Kandiyohi","fips":"27067"},"id":"Kandiyohi","arcs":[[135,136,137,138,-115,-112]]},{"type":"Polygon","properties":{"name":"Swift","fips":"27151"},"id":"Swift","arcs":[[-139,139,140,-124,-117,-113]]},{"type":"Polygon","properties":{"name":"Meeker","fips":"27093"},"id":"Meeker","arcs":[[-136,-111,-129,141,142]]},{"type":"Polygon","properties":{"name":"Washington","fips":"27163"},"id":"Washington","arcs":[[143,144,-135,-123,145]]},{"type":"Polygon","properties":{"name":"Lac qui Parle","fips":"27073"},"id":"Lac qui Parle","arcs":[[146,147,148,-125,-141]]},{"type":"Polygon","properties":{"name":"Hennepin","fips":"27053"},"id":"Hennepin","arcs":[[-130,-134,149,150,151,152]]},{"type":"Polygon","properties":{"name":"Chippewa","fips":"27023"},"id":"Chippewa","arcs":[[153,-147,-140,-138,154]]},{"type":"Polygon","properties":{"name":"Ramsey","fips":"27123"},"id":"Ramsey","arcs":[[155,-150,-133,-145]]},{"type":"Polygon","properties":{"name":"McLeod","fips":"27085"},"id":"McLeod","arcs":[[-142,-132,156,157,158]]},{"type":"Polygon","properties":{"name":"Carver","fips":"27019"},"id":"Carver","arcs":[[159,-157,-131,-153,160]]},{"type":"Polygon","properties":{"name":"Dakota","fips":"27037"},"id":"Dakota","arcs":[[-151,-156,-144,161,162,163,164]]},{"type":"Polygon","properties":{"name":"Yellow Medicine","fips":"27173"},"id":"Yellow Medicine","arcs":[[165,-148,-154,166,167,168,169]]},{"type":"Polygon","properties":{"name":"Renville","fips":"27129"},"id":"Renville","arcs":[[170,171,172,173,-167,-155,-137,-143,-159]]},{"type":"Polygon","properties":{"name":"Scott","fips":"27139"},"id":"Scott","arcs":[[174,-161,-152,-165,175,176]]},{"type":"Polygon","properties":{"name":"Sibley","fips":"27143"},"id":"Sibley","arcs":[[177,-171,-158,-160,-175,178]]},{"type":"Polygon","properties":{"name":"Goodhue","fips":"27049"},"id":"Goodhue","arcs":[[179,180,181,182,-163,183]]},{"type":"Polygon","properties":{"name":"Redwood","fips":"27127"},"id":"Redwood","arcs":[[184,185,186,-168,-174,187]]},{"type":"Polygon","properties":{"name":"Lyon","fips":"27083"},"id":"Lyon","arcs":[[188,189,-169,-187,190]]},{"type":"Polygon","properties":{"name":"Lincoln","fips":"27081"},"id":"Lincoln","arcs":[[-190,191,192,-170]]},{"type":"Polygon","properties":{"name":"Le Sueur","fips":"27079"},"id":"Le Sueur","arcs":[[193,-179,-177,194,195,196]]},{"type":"Polygon","properties":{"name":"Rice","fips":"27131"},"id":"Rice","arcs":[[197,198,-195,-176,-164,-183,199]]},{"type":"Polygon","properties":{"name":"Brown","fips":"27015"},"id":"Brown","arcs":[[200,201,202,-188,-173,203]]},{"type":"Polygon","properties":{"name":"Nicollet","fips":"27103"},"id":"Nicollet","arcs":[[204,-204,-172,-178,-194]]},{"type":"Polygon","properties":{"name":"Wabasha","fips":"27157"},"id":"Wabasha","arcs":[[205,206,-180,207]]},{"type":"Polygon","properties":{"name":"Blue Earth","fips":"27013"},"id":"Blue Earth","arcs":[[-201,-205,-197,208,209,210,211]]},{"type":"Polygon","properties":{"name":"Waseca","fips":"27161"},"id":"Waseca","arcs":[[-209,-196,-199,212,213,214]]},{"type":"Polygon","properties":{"name":"Pipestone","fips":"27117"},"id":"Pipestone","arcs":[[215,216,-192,-189,217]]},{"type":"Polygon","properties":{"name":"Dodge","fips":"27039"},"id":"Dodge","arcs":[[218,-200,-182,219,220]]},{"type":"Polygon","properties":{"name":"Murray","fips":"27101"},"id":"Murray","arcs":[[221,222,223,-218,-191,-186]]},{"type":"Polygon","properties":{"name":"Cottonwood","fips":"27033"},"id":"Cottonwood","arcs":[[-185,-203,224,225,226,-222]]},{"type":"Polygon","properties":{"name":"Steele","fips":"27147"},"id":"Steele","arcs":[[-219,227,-213,-198]]},{"type":"Polygon","properties":{"name":"Olmsted","fips":"27109"},"id":"Olmsted","arcs":[[228,229,230,-220,-181,-207]]},{"type":"Polygon","properties":{"name":"Winona","fips":"27169"},"id":"Winona","arcs":[[-206,231,232,233,-229]]},{"type":"Polygon","properties":{"name":"Watonwan","fips":"27165"},"id":"Watonwan","arcs":[[234,-225,-202,-212,235]]},{"type":"Polygon","properties":{"name":"Faribault","fips":"27043"},"id":"Faribault","arcs":[[236,-210,-215,237,238]]},{"type":"Polygon","properties":{"name":"Rock","fips":"27133"},"id":"Rock","arcs":[[239,-216,-224,240]]},{"type":"Polygon","properties":{"name":"Freeborn","fips":"27047"},"id":"Freeborn","arcs":[[-214,-228,241,242,-238]]},{"type":"Polygon","properties":{"name":"Nobles","fips":"27105"},"id":"Nobles","arcs":[[-241,-223,-227,243,244]]},{"type":"Polygon","properties":{"name":"Jackson","fips":"27063"},"id":"Jackson","arcs":[[-226,-235,245,246,-244]]},{"type":"Polygon","properties":{"name":"Martin","fips":"27091"},"id":"Martin","arcs":[[-237,247,-246,-236,-211]]},{"type":"Polygon","properties":{"name":"Houston","fips":"27055"},"id":"Houston","arcs":[[248,-233,249]]},{"type":"Polygon","properties":{"name":"Mower","fips":"27099"},"id":"Mower","arcs":[[-242,-221,-231,250,251]]},{"type":"Polygon","properties":{"name":"Fillmore","fips":"27045"},"id":"Fillmore","arcs":[[-230,-234,-249,252,-251]]},{"type":"Polygon","properties":{"name":"Cook","fips":"27031"},"id":"Cook","arcs":[[253,-30]]}]}},"arcs":[[[2450,8594],[3,287],[320,4],[-1,331],[-50,-29],[-112,-26],[-91,40],[-31,50],[13,23],[-22,26],[-3,30],[17,25],[43,11]],[[2536,9366],[155,0],[7,633],[416,-70],[196,-772],[-18,-169],[162,-109],[181,-5]],[[3635,8874],[-1,-583]],[[3634,8291],[-1014,1],[-10,299],[-160,3]],[[1068,9366],[-1,-471],[22,-3],[-2,-296]],[[1087,8596],[-991,-16]],[[96,8580],[-6,12],[18,7],[-28,22],[20,18],[-7,18],[22,6],[-5,46],[28,12],[-6,15],[26,0],[14,76],[-26,35],[9,23],[-32,30],[3,36],[-20,14],[11,14],[-11,30],[-34,34],[12,15],[-20,9],[12,35],[-6,64],[-53,99],[-17,116],[1068,0]],[[1068,9366],[1468,0]],[[2450,8594],[-338,-6]],[[2112,8588],[-1025,8]],[[3652,7412],[-18,879]],[[3635,8874],[180,-5],[80,-95],[502,-47],[41,-169],[41,-23],[346,38],[64,26],[10,74],[199,76],[276,-18]],[[5374,8731],[-3,-949],[11,-1],[5,-296]],[[5387,7485],[-896,10],[-3,-85],[-836,2]],[[5415,5563],[2,436]],[[5417,5999],[-10,1195],[-20,0],[0,291]],[[5374,8731],[188,3],[283,-151],[113,1],[20,-64],[-94,-14],[-10,-58],[272,-35],[53,-65],[-22,-76],[134,-232],[121,40],[-30,92],[31,92],[195,24],[118,-19],[72,-179],[248,-75]],[[7066,8015],[-16,-566],[16,-524],[-16,-1088]],[[7050,5837],[-373,-230],[-164,-210],[-115,-3]],[[6398,5394],[1,166],[-984,3]],[[121,7962],[-1,34],[8,15],[26,6],[-38,24],[40,11],[-24,9],[5,44],[-16,9],[32,23],[-1,14],[-24,12],[22,3],[-1,15],[-23,12],[26,15],[-32,11],[8,60],[-25,3],[21,16],[-2,20],[-30,7],[38,33],[-27,4],[-2,16],[38,-6],[4,36],[-32,2],[12,134],[-18,2],[12,28],[-21,6]],[[2112,8588],[14,-634]],[[2126,7954],[-1183,1]],[[943,7955],[-822,7]],[[2130,7699],[-4,255]],[[3652,7412],[2,-712]],[[3654,6700],[-2,-35],[-326,-1]],[[3326,6664],[-671,2]],[[2655,6666],[-17,783],[-79,33],[-20,26],[-4,34],[27,109],[28,51],[-460,-3]],[[8055,7996],[8,-1250]],[[8063,6746],[-581,-572],[-432,-337]],[[7066,8015],[100,-16],[11,-140],[175,-17],[-4,-104],[432,64],[275,194]],[[1505,6816],[-1014,-2]],[[491,6814],[-12,35],[15,40],[-12,31],[8,65],[-27,24],[-21,100],[-45,68],[-11,84],[-33,53],[-34,26],[9,31],[-30,72],[-27,9],[7,72],[-42,63],[-25,159],[-33,38],[-9,52],[-29,26],[1,45],[-20,9],[26,19],[-28,14],[2,13]],[[943,7955],[7,-256],[21,-3],[0,-93]],[[971,7603],[-3,-197],[167,-5],[3,-142],[668,0],[-2,146],[162,9],[-2,142]],[[1964,7556],[170,-1]],[[2134,7555],[10,-449],[25,-2],[2,-289]],[[2171,6815],[-666,1]],[[2130,7699],[4,-144]],[[1964,7556],[4,50],[-997,-3]],[[2655,6666],[1,-149],[20,-2],[-8,-297]],[[2668,6218],[-492,2]],[[2176,6220],[-5,595]],[[5417,5999],[-931,14]],[[4486,6013],[-1,305],[-21,15],[-14,40],[25,30],[2,71],[-65,1],[-57,36],[-43,-49],[-38,20],[-32,45],[-71,28],[-28,47],[-1,73],[-54,84],[-30,17],[-37,-4],[-229,-99],[-138,27]],[[1343,6221],[-836,-1]],[[507,6220],[16,31],[-13,120],[-17,28],[16,63],[-12,35],[11,47],[-16,32],[14,39],[-13,43],[-23,7],[15,40],[-14,42],[20,67]],[[1505,6816],[-1,-592]],[[1504,6224],[-161,-3]],[[2176,6220],[-672,4]],[[3241,4886],[-6,25],[-24,-2],[-37,29],[6,388],[-12,2],[-2,298]],[[3166,5626],[166,0],[10,294],[-11,4],[6,583],[-10,1],[-1,156]],[[4486,6013],[1,-388]],[[4487,5625],[-740,-1],[19,-839],[-12,-53]],[[3754,4732],[-17,28],[-42,6],[-26,40],[-33,15],[-43,-10],[-28,-25],[-73,-11],[-65,39],[-33,-1],[-20,33],[-25,9]],[[3349,4855],[-26,15],[-17,-13],[-27,0],[-38,29]],[[2681,5630],[-13,588]],[[3166,5626],[-485,4]],[[2681,5479],[-1313,-1]],[[1368,5478],[3,440],[-25,2],[-3,301]],[[2681,5630],[0,-151]],[[1230,5330],[-652,-8]],[[578,5322],[-8,9],[-4,84],[16,48],[1,94],[-22,84],[38,56],[-13,39],[28,94],[-8,23],[-33,-7],[-2,27],[-16,13],[11,24],[-30,0],[-10,57],[-14,12],[16,40],[-5,77],[10,23],[-26,101]],[[1368,5478],[-1,-145],[-137,-3]],[[5425,4527],[-496,-7]],[[4929,4520],[2,148],[-483,-3]],[[4448,4665],[-6,583],[45,16],[0,361]],[[5415,5563],[10,-593]],[[5425,4970],[0,-443]],[[2689,4885],[-8,594]],[[3241,4886],[-552,-1]],[[4445,4518],[-740,9],[4,46],[-27,67],[72,92]],[[4448,4665],[-3,-147]],[[6398,5394],[21,-13],[-2,-414]],[[6417,4967],[-992,3]],[[2689,4885],[16,-448]],[[2705,4437],[-801,3]],[[1904,4440],[-654,-2]],[[1250,4438],[2,300],[-18,3],[-4,589]],[[848,4295],[32,127],[-25,139],[-22,25],[2,40],[-15,39],[-5,167],[-17,24],[-48,15],[-47,90],[-28,25],[-7,71],[-33,35],[-14,169],[-26,20],[-17,41]],[[1250,4438],[-1,-142]],[[1249,4296],[-401,-1]],[[5315,3806],[4,420],[107,3],[-1,298]],[[6417,4967],[0,-441],[-1,-142],[-49,-28],[-25,-58],[-24,-11],[-78,16],[-49,-76],[-80,2],[-37,-53],[-147,-60],[-52,-43],[-37,-78],[-19,-13],[-39,-126],[-71,-55]],[[5709,3801],[-394,5]],[[3349,4855],[12,-981]],[[3361,3874],[-643,-2]],[[2718,3872],[-7,268],[-9,2],[3,295]],[[3831,3880],[-470,-6]],[[4445,4518],[0,-290],[57,-3],[0,-274]],[[4502,3951],[-764,1],[19,-28],[74,-44]],[[4505,3513],[-3,438]],[[4929,4520],[-5,-296],[-107,-1],[4,-417]],[[4821,3806],[1,-298]],[[4822,3508],[-317,5]],[[5315,3806],[-494,0]],[[1265,3848],[1,293],[-15,2],[-2,153]],[[1904,4440],[-8,-291],[11,-2],[5,-296]],[[1912,3851],[-647,-3]],[[2718,3872],[-2,-21]],[[2716,3851],[-804,0]],[[1265,3848],[-3,-292]],[[1262,3556],[-760,-5]],[[502,3551],[-16,43],[29,70],[228,151],[69,118],[21,16],[27,198],[7,23],[-19,125]],[[4505,3513],[-505,-6]],[[4000,3507],[-73,127],[22,82],[-40,56],[6,22],[-47,25],[-37,61]],[[2722,3257],[-6,594]],[[4000,3507],[2,-66],[19,-56],[108,-94]],[[4129,3291],[-58,-139],[-37,-35],[-55,-42],[-37,30],[-76,-19],[-11,-45]],[[3855,3041],[-148,0],[-5,73],[-502,-3]],[[3200,3111],[0,150],[-478,-4]],[[2557,3254],[-629,5]],[[1928,3259],[4,295],[-19,1],[-1,296]],[[2722,3257],[-165,-3]],[[1435,3255],[-156,3],[-2,296],[-15,2]],[[1928,3259],[-493,-4]],[[5463,3259],[-637,2]],[[4826,3261],[-4,247]],[[5315,3806],[1,-292],[145,-4],[2,-251]],[[5468,3065],[-5,194]],[[5709,3801],[-34,-35],[-33,-111],[11,-113],[54,-26],[95,1],[44,-29],[56,-131],[39,-25],[13,-27],[-5,-75],[-47,-55],[-29,-77],[-51,-35]],[[5822,3063],[-354,2]],[[1435,3255],[0,-283],[18,-4],[4,-101]],[[1457,2867],[-96,21],[-11,8],[5,18],[-32,-1],[-30,21],[-47,9],[-38,40],[-122,12],[-53,34],[-27,-4]],[[1006,3025],[-4,41],[-26,50],[-71,79],[-94,37],[-115,24],[-58,81],[-40,101],[-96,113]],[[4826,3261],[-6,-281]],[[4820,2980],[-57,52],[-16,34],[-62,-9],[-92,23],[-100,-7],[-160,94],[-38,50],[-59,-3],[-85,48],[-22,29]],[[3863,2525],[-8,516]],[[4820,2980],[-13,-21],[-33,-2],[-68,-41],[-60,-12],[3,-64],[-42,-22],[-39,-41],[-21,-54],[-52,-39],[-3,-166]],[[4492,2518],[-317,1]],[[4175,2519],[-312,6]],[[5463,2773],[-265,-3],[-1,-150]],[[5197,2620],[-65,-1],[5,109],[-37,73],[-138,92],[-25,33],[-76,21],[-41,33]],[[5468,3065],[-5,-292]],[[3200,3111],[11,-736]],[[3211,2375],[-637,-2]],[[2574,2373],[2,449]],[[2576,2822],[-1,140],[-15,0],[-3,292]],[[2576,2822],[-1045,-4]],[[1531,2818],[-74,49]],[[3863,2525],[-320,-8],[-2,-141]],[[3541,2376],[-330,-1]],[[5746,2125],[-96,30],[-47,33],[-60,-24],[-75,27],[11,141],[-11,43]],[[5468,2375],[45,5],[2,392],[-52,1]],[[5822,3063],[-11,-145],[-10,-44],[23,-51],[0,-74],[-67,-81],[44,-74],[-5,-36],[22,-111],[-5,-35],[-24,-26],[10,-64],[4,-45],[-57,-152]],[[1531,2818],[29,-45],[256,-231],[38,-72],[86,-21]],[[1940,2449],[-2,-76],[-143,-5],[1,-142],[-790,-7]],[[1006,2219],[-2,290],[2,516]],[[5197,2620],[22,1],[11,-214],[46,-26]],[[5276,2381],[-83,-118],[-124,-66]],[[5069,2197],[-66,6],[-22,26],[-43,15],[-55,-15],[-70,3]],[[4813,2232],[-2,143],[-315,-1],[-4,144]],[[2265,2146],[-51,27],[24,26],[-17,21],[-122,88],[-27,44],[-45,38],[-56,8],[-31,51]],[[2574,2373],[-309,-4],[0,-223]],[[5468,2375],[-42,44],[-16,46],[-13,4],[-49,-23],[-72,-65]],[[4175,2519],[3,-439]],[[4178,2080],[-227,0],[-8,-8],[-26,10],[-28,-12],[-23,8],[-2,-147],[-313,1],[-1,145]],[[3550,2077],[0,297],[-9,2]],[[4491,1945],[2,61],[-154,1],[-1,71],[-160,2]],[[4813,2232],[-62,-15],[-63,-61],[2,-17],[-21,-19],[6,-66],[-65,-12],[-22,-36],[-97,-61]],[[5746,2125],[89,-56]],[[5835,2069],[-2,-137],[-74,-4],[-3,-147],[-158,-5],[-5,-37],[-28,-11],[-55,-8],[-61,11],[-10,-70]],[[5439,1661],[-312,1],[-6,116]],[[5121,1778],[6,143],[-49,-3],[-9,279]],[[1004,1925],[2,294]],[[2265,2146],[103,-49],[28,-43],[28,-5]],[[2424,2049],[1,-268],[-296,-3]],[[2129,1778],[-12,-1],[-6,150],[-640,-2]],[[1471,1925],[-467,0]],[[3550,2077],[-178,-3],[7,-441]],[[3379,1633],[-212,-8]],[[3167,1625],[-38,52],[-59,24]],[[3070,1701],[-27,36],[-34,5],[-89,43],[-41,3],[-102,47],[-126,89],[-64,61],[-63,-2],[-39,49],[-61,17]],[[4313,1779],[13,91],[108,70],[57,5]],[[5121,1778],[-319,0]],[[4802,1778],[-489,1]],[[4285,1633],[-906,0]],[[4313,1779],[22,-40],[-50,-106]],[[6468,1631],[-238,-5],[-3,-141],[-148,-3],[-6,-294]],[[6073,1188],[-167,-1]],[[5906,1187],[-469,6]],[[5437,1193],[2,468]],[[5835,2069],[138,-121],[28,-55],[130,-59],[218,-38],[27,-21],[31,-83],[61,-61]],[[2751,1191],[-463,-1]],[[2288,1190],[-165,1]],[[2123,1191],[6,587]],[[3070,1701],[-7,-364],[-310,-9],[-2,-137]],[[1511,1191],[-22,1]],[[1489,1192],[3,586],[-18,1],[-3,146]],[[2123,1191],[-612,0]],[[1489,1192],[-486,1]],[[1003,1193],[3,578],[-2,154]],[[4172,1269],[-5,36],[37,55],[36,22],[28,52],[-24,84],[41,115]],[[4802,1778],[4,-583]],[[4806,1195],[-319,0]],[[4487,1195],[-2,72],[-313,2]],[[5429,1190],[-469,-1]],[[4960,1189],[-154,6]],[[5437,1193],[-8,-3]],[[3706,1303],[8,-265]],[[3714,1038],[-639,0]],[[3075,1038],[-315,2],[1,148],[-10,3]],[[3167,1625],[102,-32],[21,-52],[23,9],[6,-16],[89,-18],[23,-21],[62,-18],[24,8],[11,-22],[21,-3],[63,-50],[14,-43],[36,-47],[44,-17]],[[4172,1269],[6,-27],[-15,-17],[25,-51],[-38,-37],[-46,-4],[-62,36],[-123,38],[-120,64],[-93,32]],[[6988,1180],[-300,4],[-5,-148]],[[6683,1036],[-307,5],[-2,145],[-301,2]],[[6468,1631],[56,-30],[149,-39],[155,-87],[43,-43],[21,-37],[1,-50],[43,-52],[52,-113]],[[4487,1195],[3,-597]],[[4490,598],[-617,-5]],[[3873,593],[-159,2]],[[3714,595],[0,443]],[[4960,1189],[-2,-595]],[[4958,594],[-311,2]],[[4647,596],[-157,2]],[[1506,594],[-502,3]],[[1004,597],[-1,596]],[[1511,1191],[-5,-597]],[[5426,592],[3,598]],[[5906,1187],[2,-587],[-18,-6]],[[5890,594],[-464,-2]],[[2288,1190],[-3,-596]],[[2285,594],[-764,0]],[[1521,594],[-15,0]],[[3075,1038],[-5,-445]],[[3070,593],[-771,2]],[[2299,595],[-14,-1]],[[5426,592],[-468,2]],[[6683,1036],[-2,-442]],[[6681,594],[-479,-5],[1,-19]],[[6203,570],[-313,0],[0,24]],[[6988,1180],[124,-92],[132,-120],[65,-44],[42,-10],[53,-1],[134,-83],[68,-65],[105,-171]],[[7711,594],[-569,-3]],[[7142,591],[-461,3]],[[3079,592],[-9,1]],[[3714,595],[-635,-3]],[[3874,1],[-1,592]],[[4647,596],[-3,-591]],[[4644,5],[-416,-1],[-354,-3]],[[1517,1],[-518,2],[5,594]],[[1521,594],[-4,-593]],[[5426,592],[-4,-586]],[[5422,6],[-579,-2],[-199,1]],[[2299,595],[-7,-593]],[[2292,2],[-522,-1],[-253,0]],[[3079,592],[-1,-589]],[[3078,3],[-79,-1],[-618,2],[-89,-2]],[[3874,1],[-271,-1],[-525,3]],[[7142,3],[0,588]],[[7711,594],[54,-100],[-11,-112],[1,-77],[33,-133],[-10,-86],[22,-81],[-503,-1],[-155,-1]],[[6203,570],[0,-568]],[[6203,2],[-136,2],[-609,1],[-36,1]],[[7142,3],[-451,-1],[-488,0]],[[8055,7996],[212,101],[157,-283],[228,57],[14,-49],[535,34],[154,-46],[51,-106],[113,-53],[196,58],[284,-42],[-123,-16],[-14,-56],[-472,-230],[-662,-195],[-665,-424]]],"transform":{"scale":[0.0007699533249513369,0.0005874215459109858],"translate":[-97.22943642753313,43.49810209907679]}}