{"type":"Topology","objects":{"Washington.geo":{"type":"GeometryCollection","geometries":[{"type":"Polygon","properties":{"name":"Ferry","fips":"53019"},"id":"Ferry","arcs":[[0,1,2,3]]},{"type":"Polygon","properties":{"name":"Stevens","fips":"53065"},"id":"Stevens","arcs":[[4,5,-3,6,7]]},{"type":"Polygon","properties":{"name":"Okanogan","fips":"53047"},"id":"Okanogan","arcs":[[8,9,10,11,12,13,-1,14]]},{"type":"Polygon","properties":{"name":"Pend Oreille","fips":"53051"},"id":"Pend Oreille","arcs":[[15,16,-8]]},{"type":"Polygon","properties":{"name":"Whatcom","fips":"53073"},"id":"Whatcom","arcs":[[-13,17,18]]},{"type":"Polygon","properties":{"name":"Skagit","fips":"53057"},"id":"Skagit","arcs":[[19,-18,-12,20,21]]},{"type":"Polygon","properties":{"name":"San Juan","fips":"53055"},"id":"San Juan","arcs":[[22]]},{"type":"Polygon","properties":{"name":"Chelan","fips":"53007"},"id":"Chelan","arcs":[[23,24,-21,-11,25,26]]},{"type":"Polygon","properties":{"name":"Clallam","fips":"53009"},"id":"Clallam","arcs":[[27,28]]},{"type":"Polygon","properties":{"name":"Snohomish","fips":"53061"},"id":"Snohomish","arcs":[[29,30,31,32,-22,-25]]},{"type":"MultiPolygon","properties":{"name":"Island","fips":"53029"},"id":"Island","arcs":[[[33]],[[34,-32]]]},{"type":"Polygon","properties":{"name":"Douglas","fips":"53017"},"id":"Douglas","arcs":[[35,-26,-10,36]]},{"type":"Polygon","properties":{"name":"Jefferson","fips":"53031"},"id":"Jefferson","arcs":[[37,38,39,40,-29]]},{"type":"Polygon","properties":{"name":"Spokane","fips":"53063"},"id":"Spokane","arcs":[[41,42,-5,-17,43]]},{"type":"Polygon","properties":{"name":"Grant","fips":"53025"},"id":"Grant","arcs":[[44,45,46,-37,-9,47,48,49]]},{"type":"Polygon","properties":{"name":"Lincoln","fips":"53043"},"id":"Lincoln","arcs":[[50,51,-48,-15,-4,-6,-43]]},{"type":"Polygon","properties":{"name":"Kitsap","fips":"53035"},"id":"Kitsap","arcs":[[52,53,54,55,56]]},{"type":"Polygon","properties":{"name":"King","fips":"53033"},"id":"King","arcs":[[57,58,-30,-24,59]]},{"type":"Polygon","properties":{"name":"Mason","fips":"53045"},"id":"Mason","arcs":[[60,61,-39,62,-54,63,64]]},{"type":"Polygon","properties":{"name":"Kittitas","fips":"53037"},"id":"Kittitas","arcs":[[65,-60,-27,-36,-47,66]]},{"type":"Polygon","properties":{"name":"Grays Harbor","fips":"53027"},"id":"Grays Harbor","arcs":[[67,68,69,-40,-62,70]]},{"type":"MultiPolygon","properties":{"name":"Pierce","fips":"53053"},"id":"Pierce","arcs":[[[-64,-53,71]],[[72,-56]],[[73,74,-58,-66,75,76]]]},{"type":"Polygon","properties":{"name":"Adams","fips":"53001"},"id":"Adams","arcs":[[-49,-52,77,78]]},{"type":"Polygon","properties":{"name":"Whitman","fips":"53075"},"id":"Whitman","arcs":[[79,80,81,82,-78,-51,-42,83]]},{"type":"Polygon","properties":{"name":"Thurston","fips":"53067"},"id":"Thurston","arcs":[[84,-71,-61,85,-74]]},{"type":"Polygon","properties":{"name":"Yakima","fips":"53077"},"id":"Yakima","arcs":[[86,-76,-67,-46,87,88,89]]},{"type":"Polygon","properties":{"name":"Pacific","fips":"53049"},"id":"Pacific","arcs":[[90,91,-69,92]]},{"type":"Polygon","properties":{"name":"Lewis","fips":"53041"},"id":"Lewis","arcs":[[-68,-85,-77,-87,93,94,95,-93]]},{"type":"Polygon","properties":{"name":"Franklin","fips":"53021"},"id":"Franklin","arcs":[[96,97,98,-50,-79,-83]]},{"type":"Polygon","properties":{"name":"Benton","fips":"53005"},"id":"Benton","arcs":[[99,100,-88,-45,-99,101]]},{"type":"Polygon","properties":{"name":"Garfield","fips":"53023"},"id":"Garfield","arcs":[[102,103,-81,104]]},{"type":"Polygon","properties":{"name":"Columbia","fips":"53013"},"id":"Columbia","arcs":[[105,106,-97,-82,-104]]},{"type":"Polygon","properties":{"name":"Walla Walla","fips":"53071"},"id":"Walla Walla","arcs":[[107,-102,-98,-107]]},{"type":"Polygon","properties":{"name":"Asotin","fips":"53003"},"id":"Asotin","arcs":[[-105,-80,108]]},{"type":"Polygon","properties":{"name":"Skamania","fips":"53059"},"id":"Skamania","arcs":[[109,110,-94,-90,111,112]]},{"type":"Polygon","properties":{"name":"Cowlitz","fips":"53015"},"id":"Cowlitz","arcs":[[113,114,115,-95,-111]]},{"type":"Polygon","properties":{"name":"Wahkiakum","fips":"53069"},"id":"Wahkiakum","arcs":[[-91,-96,-116,116]]},{"type":"Polygon","properties":{"name":"Clark","fips":"53011"},"id":"Clark","arcs":[[117,-114,-110]]},{"type":"Polygon","properties":{"name":"Klickitat","fips":"53039"},"id":"Klickitat","arcs":[[-112,-89,-101,118]]}]}},"arcs":[[[7526,6961],[4,1528],[-28,4],[-1,486],[40,5],[-5,1015]],[[7536,9999],[823,0]],[[8359,9999],[-15,-54],[-3,-128],[18,-68],[-11,-112],[87,-260],[21,-8],[-4,-115],[17,-104],[-12,-47],[44,-135],[-42,-80],[-6,-132],[-26,-78],[2,-44],[-63,-133],[-22,-86],[54,-446],[32,-72],[-4,-96],[-54,-98],[-5,-170],[-66,-86],[12,-123],[-17,-55],[-39,-36],[-109,-7],[-27,-51],[7,-74],[33,-92],[14,-234]],[[8175,6775],[-30,-143],[-83,9],[-34,111],[-61,-23],[-29,13],[-18,122],[-17,17],[-88,0],[-73,38],[-60,-115],[-116,81],[-15,51],[-25,25]],[[9334,7234],[-132,-2],[7,-733],[-92,23],[-24,84],[-45,50],[-16,115],[-30,-39],[-17,-90],[-20,-25],[-99,-56],[-22,14]],[[8844,6575],[-27,60],[-35,30],[-85,-56],[-74,5],[-48,-90],[-51,-6],[-40,86],[-23,14],[-7,100],[-42,58],[-69,158],[-83,-29],[-64,-121],[-21,-9]],[[8359,9999],[975,0]],[[9334,9999],[6,-228],[-84,-6],[-1,-229],[-84,-4],[-1,-266],[-88,-5],[0,-270],[165,4],[8,-1503],[77,0],[2,-258]],[[7372,6931],[-3,58]],[[7369,6989],[26,85],[0,89],[-64,82],[-24,158],[-33,83],[-97,54],[-158,-127],[-86,2],[-25,-61],[-3,-82],[-33,-34],[-53,0],[-70,87],[-65,3],[-134,-207],[-32,-22],[-29,9],[-37,70],[20,161],[-68,8],[-20,46],[-25,3],[-12,-41],[-48,3],[-108,-101],[0,-37],[31,-69],[-20,-105],[18,-61]],[[6220,6985],[-243,-1],[-8,81],[-31,39],[2,56],[-37,34],[-23,65],[-113,113],[-59,88],[-62,26],[-21,32],[-15,51],[-3,140],[-34,21],[-22,64],[-76,64],[-67,110],[-78,55],[-5,45],[33,58],[-4,32],[-14,33],[-43,19],[-45,49],[-28,115],[1,37],[26,39],[-26,44],[29,44],[-30,37],[4,66],[-8,20],[-58,-8]],[[5162,8653],[16,55],[-8,71],[-25,32],[-48,-27],[-29,36],[-4,88],[16,60],[22,5],[7,29]],[[5109,9002],[40,21],[-1,42],[20,52],[34,-2],[12,80],[-9,40],[-73,98],[-16,64],[5,171],[-48,118],[-2,72],[24,40],[-13,46],[-36,26],[-48,-46],[-61,63],[-1,24],[23,33],[1,55]],[[4960,9999],[2576,0]],[[7526,6961],[-110,-36],[-44,6]],[[9334,9999],[521,0],[3,-468],[-12,-2291]],[[9846,7240],[-512,-6]],[[5109,9002],[-222,-3],[-1,-46],[-2013,1]],[[2873,8954],[-50,211],[13,134],[-231,130],[-73,310],[-87,118],[100,14],[-27,127],[2442,1]],[[3013,7945],[-238,360],[-131,-4],[-42,236],[117,70],[109,-174],[63,11],[-41,281],[97,115],[-74,114]],[[5162,8653],[-15,-30],[-79,-41],[-40,23],[-25,64],[-29,6],[-30,-35],[-28,13],[-19,-47],[-54,-7],[-19,-56],[-110,-37],[-9,-64],[26,-80],[-25,-90],[9,-153],[-16,-42],[2,-48],[53,-84]],[[4754,7945],[-1741,0]],[[2258,8390],[-162,103],[-83,123],[-13,118],[37,177],[48,-45],[117,-147],[4,-69],[52,-19],[-69,-39],[4,-69],[65,-133]],[[4626,5939],[-10,137],[11,78],[65,109],[-25,101],[-43,93]],[[4624,6457],[52,136],[-77,44],[-52,170],[25,176],[39,83],[4,48],[-19,77],[21,39],[90,48],[86,80],[49,96],[-3,68],[41,59],[-7,82],[-27,29],[-25,92],[-49,77],[-18,84]],[[6220,6985],[16,-52],[-68,-113],[4,-101],[-58,-59],[-21,-118],[-27,-57],[-109,-55],[-57,29],[-36,-9],[-73,-106],[-2,-46],[26,-99],[-45,-151],[2,-117],[-30,-94],[-53,-89],[-23,-120],[5,-151],[39,-129],[173,-78],[68,-86],[9,-47],[-20,-180]],[[5940,4957],[-370,-2],[-180,205],[-27,-49],[-42,-8],[-1,32],[-49,70],[-74,13],[-165,191],[-54,-5],[-95,57],[-112,247],[-46,34],[-43,64],[-21,80],[-35,53]],[[161,6741],[-161,800],[35,237],[-15,421],[197,-59],[732,-573],[761,-139],[350,109],[258,-158],[-4,-79]],[[2314,7300],[-39,-4],[2,-578],[-881,2],[0,21],[-1235,0]],[[4624,6457],[-1632,-4]],[[2992,6453],[117,510],[94,54],[16,111],[-193,349],[-43,281]],[[2983,7758],[-3,62]],[[2980,7820],[33,125]],[[2559,7907],[86,347],[79,24],[100,-243],[-3,-108],[-122,37],[-139,-205],[155,-56],[83,-374],[64,50],[149,-179],[31,-198],[-40,-171],[-72,39],[-36,201],[-94,-58],[-82,185],[-111,433],[-94,109],[46,167]],[[2983,7758],[-78,9],[11,-289],[119,-197],[-196,213],[-36,221],[43,126],[134,-21]],[[6050,4854],[-84,10],[-26,93]],[[7369,6989],[-159,-6],[1,-38],[-40,-5],[2,-83],[-31,-5],[-1,-44],[-50,-1],[-2,-44],[-24,-7],[4,-215],[-27,-7],[0,-64],[-28,-6],[-5,-91],[-24,-3],[-2,-48],[-24,-2],[-6,-132],[-14,-41],[-18,-6],[4,-114],[-29,-5],[1,-32],[-78,-9],[0,-25],[-33,-3],[1,-42],[-26,-4],[-1,-37],[-23,-2],[1,-42],[-26,-2],[0,-37],[-30,-4],[2,-40],[-30,-4],[2,-259],[-440,-13],[0,-74],[-28,-4],[0,-48],[-25,-4],[-1,-77],[-26,-7],[-1,-39],[-26,-2],[0,-41],[-31,-6],[1,-40],[-29,-6],[0,-265]],[[2314,7300],[107,192],[92,31],[-43,-170],[181,-486],[10,-152],[-118,-161],[-57,-18],[-25,157],[-63,-86],[-52,-448],[-107,-194]],[[2239,5965],[-662,1],[-2,-269]],[[1575,5697],[-702,3],[-1,39],[-381,-1]],[[491,5738],[-31,324],[-142,490],[-157,189]],[[9841,4962],[-1005,-3]],[[8836,4959],[8,1616]],[[9846,7240],[2,-217],[-6,-1763],[-1,-298]],[[6755,3277],[-20,82],[-56,49],[-143,-218],[-32,-12],[-68,23],[-116,-69],[-114,-1]],[[6206,3131],[-66,107],[-44,141],[-5,63]],[[6091,3442],[58,197],[-50,173],[5,197],[-40,125],[-29,196],[-34,88],[54,181],[-12,100],[7,155]],[[7372,6931],[-11,-1965]],[[7361,4966],[-9,-1013],[-490,-3],[-1,-505]],[[6861,3445],[-2,-162],[-104,-6]],[[8836,4959],[-169,-3]],[[8667,4956],[-1306,10]],[[2681,5367],[-207,1]],[[2474,5368],[-5,345],[-285,-6]],[[2184,5707],[140,285],[210,133],[38,279],[143,269],[-3,249],[104,-77],[75,-447],[-189,-168],[45,-364],[40,36],[16,-176],[49,-45],[-70,-315]],[[2782,5366],[-90,1]],[[2692,5367],[-11,0]],[[4283,4468],[-73,-10],[-91,113],[-82,-12],[-82,105],[-77,-9],[-118,50],[-59,-71],[-71,30],[-60,-37],[-30,46],[-125,57],[-58,79],[-55,146],[-226,-1],[-117,182]],[[2959,5136],[122,74],[7,133],[-93,347],[13,246],[-42,199],[26,318]],[[4626,5939],[-47,-7],[-86,-103],[-95,-194],[-82,-102],[-103,-244],[-26,-32],[28,-73],[15,-112],[112,-62],[11,-59],[-34,-74],[62,-103],[7,-162],[-20,-19],[-58,33],[-22,-8],[-29,-78],[24,-72]],[[2113,4475],[-5,-37],[-154,3]],[[1954,4441],[-359,2],[-2,507],[-19,4],[1,743]],[[2239,5965],[-167,-431],[-52,-312],[184,13],[227,247],[-260,-238],[-98,45],[111,418]],[[2474,5368],[-3,-110]],[[2471,5258],[-101,-178],[-300,-264],[43,-341]],[[4288,4415],[-5,53]],[[6091,3442],[-686,8],[0,248],[-149,7],[-4,239],[-531,4],[-21,86],[-47,77],[-5,58],[-97,158],[-137,133],[-52,-37],[-33,11],[-41,-19]],[[2010,3612],[-270,3]],[[1740,3615],[-933,-10]],[[807,3605],[-47,320],[42,23],[2,-98],[97,-146],[-23,184],[299,222],[-234,36],[-49,158],[-100,34],[-64,-327],[-39,686],[-49,313],[-113,214],[-38,514]],[[1954,4441],[-4,-243],[57,-5],[3,-581]],[[2681,5367],[-133,-165],[-36,-218],[64,-124],[-53,-176],[-82,209],[66,297],[-36,68]],[[2782,5366],[19,-70],[-57,-116],[45,-146],[-35,-93],[-39,122],[5,-66],[-118,62],[90,308]],[[3201,3526],[-14,31],[-54,-2],[-30,29],[0,98],[-28,62],[-83,12],[-84,43],[-32,39],[-24,96],[-83,104],[6,68],[-19,34],[-63,-3],[-15,68],[-37,42],[-25,125],[-27,58],[12,69]],[[2601,4499],[139,236],[78,311],[-20,83],[156,-164],[40,52],[-62,68],[27,51]],[[4288,4415],[0,-45],[-24,-55],[-4,-92],[-45,-59],[-18,-50],[-8,-101],[-54,-60],[-24,-83],[26,-114],[28,-31],[36,-91],[1,-49]],[[4202,3585],[-391,6],[-114,-157],[-156,51],[-181,-4],[-159,45]],[[8667,4956],[-2,-999],[-10,-4],[-2,-130],[-34,-68],[10,-45],[-36,-50],[7,-57],[-38,-56],[-74,12],[-80,-75],[-83,-33]],[[8325,3451],[-1464,-6]],[[9846,2560],[-85,-27],[-65,18],[-69,-20],[-11,92],[-15,22]],[[9601,2645],[-15,47],[3,111],[-22,73],[-45,75],[-57,33],[-80,116],[-23,114],[-37,26],[-33,84],[-26,5],[-28,-63],[-79,6],[-49,-20],[-60,83],[-77,7],[-49,-63],[-36,-128],[-39,-36],[-47,-8]],[[8802,3107],[-58,-91],[-157,-11],[-82,-39],[-42,-54],[-60,-2],[-61,106]],[[8342,3016],[17,92],[-18,78],[-1,116],[-35,105],[20,44]],[[9841,4962],[2,-403],[-1,-1685],[4,-314]],[[3201,3526],[-1188,-8],[-3,94]],[[2113,4475],[64,31],[139,-153],[170,225],[79,-125],[36,46]],[[4105,2432],[156,8],[19,66],[-84,312],[52,111],[-5,45],[15,46],[-8,53],[23,76],[-28,108],[28,50],[29,15],[9,78],[-18,28],[-59,21],[-32,136]],[[6206,3131],[1,-200],[10,-3],[0,-1002],[11,-1],[-4,-494]],[[6224,1431],[-2109,20]],[[4115,1451],[-10,981]],[[1757,2407],[-466,12],[-2,-272]],[[1289,2147],[-205,-130],[-138,202],[-110,-124],[18,1077],[54,-162],[13,-579],[220,60],[-127,222],[60,87],[-82,307],[40,161],[109,131],[-70,78],[-189,-85],[-61,38],[-14,175]],[[1740,3615],[17,-1208]],[[4105,2432],[-919,-8]],[[3186,2424],[-1250,-21]],[[1936,2403],[-179,4]],[[8342,3016],[-15,10]],[[8327,3026],[-126,37],[-90,-59],[-80,29],[-46,-28],[-159,-237],[2,-93],[-25,-84],[-4,-85],[-68,-128],[-55,-13],[-48,-136],[3,-62],[-49,-16],[-75,-108],[-152,-53],[-38,-38],[-23,-68]],[[7294,1884],[-111,79],[-126,55],[-56,82],[-9,38],[19,108],[-22,146],[11,291],[-8,120],[-137,198],[-40,85],[-17,111],[-36,46],[-7,34]],[[7359,1319],[-64,-95],[-138,-117],[-50,-10],[-158,30],[-98,-44],[-76,-9],[-94,-44],[-99,41],[-42,-40],[-72,-136],[-199,-32],[-46,-28]],[[6223,835],[1,596]],[[7294,1884],[16,-53],[28,-31],[79,-236],[-14,-156],[-44,-89]],[[9279,1321],[-155,1]],[[9124,1322],[-13,975],[-78,5],[-4,121],[-27,2],[-1,46],[-22,2],[-3,124],[-27,1],[-2,83],[-156,7],[11,419]],[[9601,2645],[1,-124],[-164,-12],[-2,-33],[-54,-3],[-2,-41],[-26,-3],[4,-758],[-79,-4],[0,-346]],[[9124,1322],[-486,-1],[-13,5]],[[8625,1326],[4,587],[-162,9],[0,245],[-157,5],[0,770],[17,2],[0,82]],[[8625,1326],[-1266,-7]],[[9846,2560],[-7,-114],[-26,-116],[47,-38],[33,-96],[37,-153],[7,-150],[49,-93],[-41,-197],[-33,-54],[38,-37],[49,-204],[-720,13]],[[3184,15],[-4,1471]],[[3180,1486],[6,938]],[[4115,1451],[-119,-6],[7,-771],[104,-3],[-22,-58],[17,-27],[-2,-76]],[[4100,510],[-227,-89],[-67,3],[-67,32],[-99,-69],[-49,-101],[-59,-18],[-35,-52],[-105,-79],[-208,-122]],[[3180,1486],[-59,-9],[-20,-32],[-36,-247],[-37,-6],[-150,75],[-35,-8],[-143,-132],[-119,-17],[-43,-76],[34,-110],[-34,8],[-45,-43]],[[2493,889],[1,50],[-29,105],[-2,115],[-86,241],[-31,151],[-96,90],[-97,131],[-87,68],[-74,13],[-46,-40]],[[1946,1813],[-10,590]],[[1946,1813],[-47,-75],[-72,2],[-212,377],[-191,-47],[-135,77]],[[3184,15],[-75,-15],[-68,67],[-103,-4],[-164,87],[-110,34],[-58,70],[-82,53],[-16,227],[11,95],[-30,115],[4,145]],[[6223,835],[-159,-60],[-95,-89],[-112,-55],[-66,-120],[-98,-9],[-204,-79],[-71,18],[-91,131],[-69,8],[-44,-32],[-49,-64],[-211,-131],[-59,-86],[-52,43],[-26,-15],[-83,22],[-51,-18],[-66,-114],[-63,-19],[-23,37],[-14,127],[-14,24],[-80,37],[-56,53],[-61,9],[-69,-26],[-27,12],[-110,71]]],"transform":{"scale":[0.0007814418796804459,0.0003457184200352749],"translate":[-124.73276977152562,45.543092820391514]}}