{"type":"Topology","objects":{"NY":{"type":"GeometryCollection","geometries":[{"type":"Polygon","properties":{"name":"Broome"},"id":"Broome","arcs":[[0,1,2,3,4]]},{"type":"Polygon","properties":{"name":"Seneca"},"id":"Seneca","arcs":[[5,6,7,8,9,10]]},{"type":"Polygon","properties":{"name":"Schenectady"},"id":"Schenectady","arcs":[[11,12,13,14]]},{"type":"Polygon","properties":{"name":"Niagara"},"id":"Niagara","arcs":[[15,16,17,18]]},{"type":"Polygon","properties":{"name":"Rensselaer"},"id":"Rensselaer","arcs":[[19,20,21,22,23]]},{"type":"Polygon","properties":{"name":"Ulster"},"id":"Ulster","arcs":[[24,25,26,27,28,29]]},{"type":"Polygon","properties":{"name":"Richmond"},"id":"Richmond","arcs":[[30,31,32]]},{"type":"Polygon","properties":{"name":"Oswego"},"id":"Oswego","arcs":[[33,34,35,36,37,38]]},{"type":"Polygon","properties":{"name":"Warren"},"id":"Warren","arcs":[[39,40,41,42]]},{"type":"Polygon","properties":{"name":"Clinton"},"id":"Clinton","arcs":[[43,44,45]]},{"type":"Polygon","properties":{"name":"Chautauqua"},"id":"Chautauqua","arcs":[[46,47,48]]},{"type":"Polygon","properties":{"name":"Fulton"},"id":"Fulton","arcs":[[49,50,51,52]]},{"type":"Polygon","properties":{"name":"Monroe"},"id":"Monroe","arcs":[[53,54,55,56,57,58]]},{"type":"Polygon","properties":{"name":"Franklin"},"id":"Franklin","arcs":[[59,-46,60,61,62]]},{"type":"Polygon","properties":{"name":"Chemung"},"id":"Chemung","arcs":[[63,64,65,66,67]]},{"type":"Polygon","properties":{"name":"Cattaraugus"},"id":"Cattaraugus","arcs":[[68,69,70,71,-48]]},{"type":"MultiPolygon","properties":{"name":"New York"},"id":"New York","arcs":[[[72]],[[73]],[[74,75,76,77]]]},{"type":"Polygon","properties":{"name":"Herkimer"},"id":"Herkimer","arcs":[[78,79,80,-50,81,82,83]]},{"type":"Polygon","properties":{"name":"Onondaga"},"id":"Onondaga","arcs":[[84,85,86,-39]]},{"type":"Polygon","properties":{"name":"Albany"},"id":"Albany","arcs":[[87,-22,88,89,-15]]},{"type":"Polygon","properties":{"name":"Tompkins"},"id":"Tompkins","arcs":[[-65,90,-6,91,92,93]]},{"type":"Polygon","properties":{"name":"Jefferson"},"id":"Jefferson","arcs":[[94,95,-35,96,97]]},{"type":"Polygon","properties":{"name":"Ontario"},"id":"Ontario","arcs":[[98,-9,99,100,101,-57]]},{"type":"Polygon","properties":{"name":"Kings"},"id":"Kings","arcs":[[102,-31,103,-78]]},{"type":"Polygon","properties":{"name":"Dutchess"},"id":"Dutchess","arcs":[[104,105,106,107,-28]]},{"type":"Polygon","properties":{"name":"Chenango"},"id":"Chenango","arcs":[[108,109,110,111,-5]]},{"type":"Polygon","properties":{"name":"Columbia"},"id":"Columbia","arcs":[[-27,112,-21,113,-105]]},{"type":"Polygon","properties":{"name":"Nassau"},"id":"Nassau","arcs":[[114,115,116,117,118,119]]},{"type":"Polygon","properties":{"name":"Westchester"},"id":"Westchester","arcs":[[120,121,-116,122,123,124]]},{"type":"Polygon","properties":{"name":"Delaware"},"id":"Delaware","arcs":[[-112,125,126,127,-25,128,129,-1]]},{"type":"Polygon","properties":{"name":"Queens"},"id":"Queens","arcs":[[130,-32,-103,-77,131,-120]]},{"type":"Polygon","properties":{"name":"St. Lawrence"},"id":"St. Lawrence","arcs":[[-95,132,-63,133,-80,134]]},{"type":"Polygon","properties":{"name":"Livingston"},"id":"Livingston","arcs":[[135,-58,-102,136,137,138]]},{"type":"Polygon","properties":{"name":"Rockland"},"id":"Rockland","arcs":[[139,-125,140,141]]},{"type":"Polygon","properties":{"name":"Erie"},"id":"Erie","arcs":[[-47,142,-18,143,144,-69]]},{"type":"Polygon","properties":{"name":"Wyoming"},"id":"Wyoming","arcs":[[145,-70,-145,146,-139]]},{"type":"Polygon","properties":{"name":"Tioga"},"id":"Tioga","arcs":[[-66,-94,147,-3,148]]},{"type":"Polygon","properties":{"name":"Greene"},"id":"Greene","arcs":[[149,-89,-113,-26,-128]]},{"type":"Polygon","properties":{"name":"Suffolk"},"id":"Suffolk","arcs":[[-118,150]]},{"type":"Polygon","properties":{"name":"Schuyler"},"id":"Schuyler","arcs":[[151,-7,-91,-64,152]]},{"type":"Polygon","properties":{"name":"Otsego"},"id":"Otsego","arcs":[[153,154,-126,-111,155,156,-83]]},{"type":"Polygon","properties":{"name":"Allegany"},"id":"Allegany","arcs":[[-146,-138,157,158,-71]]},{"type":"Polygon","properties":{"name":"Oneida"},"id":"Oneida","arcs":[[-157,159,-37,160,-84]]},{"type":"Polygon","properties":{"name":"Essex"},"id":"Essex","arcs":[[-45,161,162,-40,163,-61]]},{"type":"Polygon","properties":{"name":"Sullivan"},"id":"Sullivan","arcs":[[-129,-30,164,165]]},{"type":"Polygon","properties":{"name":"Wayne"},"id":"Wayne","arcs":[[-56,166,167,-10,-99]]},{"type":"Polygon","properties":{"name":"Orleans"},"id":"Orleans","arcs":[[168,-16,169,-54]]},{"type":"Polygon","properties":{"name":"Saratoga"},"id":"Saratoga","arcs":[[-14,170,-52,171,-42,172,-23,-88]]},{"type":"Polygon","properties":{"name":"Montgomery"},"id":"Montgomery","arcs":[[-53,-171,-13,173,-154,-82]]},{"type":"Polygon","properties":{"name":"Putnam"},"id":"Putnam","arcs":[[174,-121,-140,175,-107]]},{"type":"Polygon","properties":{"name":"Cortland"},"id":"Cortland","arcs":[[-4,-148,-93,176,-86,177,-109]]},{"type":"Polygon","properties":{"name":"Hamilton"},"id":"Hamilton","arcs":[[-134,-62,-164,-43,-172,-51,-81]]},{"type":"Polygon","properties":{"name":"Orange"},"id":"Orange","arcs":[[-108,-176,-142,178,-165,-29]]},{"type":"Polygon","properties":{"name":"Bronx"},"id":"Bronx","arcs":[[-115,-132,-76,179,-123]]},{"type":"Polygon","properties":{"name":"Cayuga"},"id":"Cayuga","arcs":[[-168,180,-97,-34,-87,-177,-92,-11]]},{"type":"Polygon","properties":{"name":"Yates"},"id":"Yates","arcs":[[181,-100,-8,-152]]},{"type":"Polygon","properties":{"name":"Schoharie"},"id":"Schoharie","arcs":[[-12,-90,-150,-127,-155,-174]]},{"type":"Polygon","properties":{"name":"Genesee"},"id":"Genesee","arcs":[[-17,-169,-59,-136,-147,-144]]},{"type":"Polygon","properties":{"name":"Madison"},"id":"Madison","arcs":[[-156,-110,-178,-85,-38,-160]]},{"type":"Polygon","properties":{"name":"Steuben"},"id":"Steuben","arcs":[[-68,182,-158,-137,-101,-182,-153]]},{"type":"Polygon","properties":{"name":"Lewis"},"id":"Lewis","arcs":[[-96,-135,-79,-161,-36]]},{"type":"Polygon","properties":{"name":"Washington"},"id":"Washington","arcs":[[-41,-163,183,-24,-173]]}]}},"arcs":[[[5440,3784],[0,-12],[-1,-3],[1,-3],[-1,-13],[-1,-64],[-1,-45],[-1,-87],[0,-17],[0,-2],[0,-10],[-1,-19],[0,-24],[0,-5],[-1,-6],[0,-4],[2,-5],[0,-2],[1,-8],[0,-4],[-1,-4],[0,-1],[0,-1],[1,-2],[2,-4],[4,-3],[1,-2],[2,-5],[2,-5],[1,-2],[1,-2],[2,-7],[4,-19],[2,-3],[1,-4],[1,-2],[-1,-4],[1,-3],[3,-3],[4,-6],[1,0],[2,0],[4,1],[1,0],[1,-1],[3,-5],[3,-3],[3,-1],[4,-1],[3,1],[3,2],[9,10],[2,1],[2,0],[2,-8],[-1,-6],[0,-1],[1,-1],[2,-2],[1,-1],[0,-1]],[[5513,3353],[-25,0],[-108,0],[-14,0],[-8,0],[-21,0],[-137,-1],[-79,-1],[-87,-1],[-17,0],[-6,0],[-16,0],[-75,1],[-47,1],[-22,0],[-2,-1],[-57,1],[-18,0],[-38,0],[-138,0],[-19,0]],[[4579,3352],[0,24],[-1,47],[2,1],[-5,78],[0,19],[-3,56],[4,1],[-2,24],[-2,0],[-5,144],[-1,5],[0,12],[37,3],[0,2],[-1,13],[3,0],[0,26],[-2,0],[0,17],[5,0],[0,12],[2,0],[0,26],[-4,0],[-1,10],[-2,0],[-1,21],[-4,0],[0,12],[-7,-1],[0,18],[20,1],[-1,15],[-2,0],[-1,15],[-5,0],[0,16],[-16,-1],[-1,19],[-7,1],[0,13],[10,1],[-1,21],[-3,0],[0,15],[-6,0],[0,19],[-7,-1],[0,18],[-5,0],[-1,24],[10,0],[-1,22],[-2,0],[-1,22],[-3,0],[0,21],[-10,1],[0,17],[0,12],[3,0],[-3,25],[-2,0],[0,22],[-7,0],[0,19]],[[4549,4259],[135,5],[1,-5],[0,-2],[0,-1],[4,0],[50,2],[77,6],[12,1],[51,5],[3,0]],[[4882,4270],[2,-39],[1,-9],[4,-41],[8,-66],[4,-71],[4,-76],[2,-41],[10,-35],[3,3],[6,1],[1,1],[1,2],[7,2],[1,1],[1,1],[1,0],[46,1],[4,0],[37,0],[34,0],[1,-4],[48,1],[14,1],[42,0],[1,-14],[0,-4],[1,-9],[-1,-7],[1,-17],[0,-29],[0,-17],[0,-1],[0,-18],[172,-2],[65,0],[7,1],[28,-1],[2,0]],[[3877,4728],[4,-14],[4,-14],[5,-13],[7,-16],[6,-13],[8,-14],[16,-25],[2,-4],[8,-12],[8,-8],[8,-8],[25,-21],[-37,-2],[-3,0],[-11,-1],[-5,0],[-29,-1],[-54,-3]],[[3839,4559],[-182,-8],[-5,0],[-4,-1],[-3,0],[-1,0],[-13,0],[-21,-2],[-20,0]],[[3590,4548],[2,35],[0,33],[-1,112],[0,13],[0,55],[-1,4],[-2,17],[-2,6],[-39,92],[-7,16],[-2,8],[-2,5],[-7,31],[-1,4],[-2,27],[0,1],[-1,17],[0,15],[-30,-1]],[[3495,5038],[-1,4],[1,2],[-1,1],[0,1],[-2,2],[-2,1],[0,1],[0,2],[-1,0],[0,2],[-1,2],[-1,4],[0,4],[1,9],[1,4],[2,2],[-1,2],[0,2],[0,3],[1,2],[0,1],[0,3],[0,3],[-1,4],[0,2],[-1,7],[0,3],[-1,2],[1,5],[2,2],[0,1],[-1,4],[0,4],[-1,7],[1,2],[0,2],[0,1],[1,1],[1,1],[0,1],[-1,2],[-1,2],[-1,1],[-1,0],[0,3],[1,1],[0,1],[0,2],[-1,1],[0,4],[0,2],[1,0],[0,3],[1,1],[0,2],[0,3],[-1,1],[-1,3],[-1,3],[-1,2],[1,2],[1,1],[3,5],[1,2],[1,2],[0,6],[0,4],[-2,4],[0,1],[-1,1],[-2,11],[-1,6],[0,3],[-1,1],[-1,4],[0,5],[-1,4],[-1,5],[0,4],[0,1],[0,1],[0,1],[1,1],[0,4],[1,0],[1,9],[1,0],[1,0],[1,0],[-1,1],[0,1],[1,0],[1,1],[2,2],[7,3],[6,1],[0,135],[0,37],[0,10],[0,38],[0,89]],[[3505,5587],[101,9],[54,4],[18,1],[34,3],[106,7]],[[3818,5611],[2,-8],[1,-3],[0,-3],[-2,-5],[-1,-2],[-7,-8],[-3,-7],[0,-2],[0,-2],[1,-9],[0,-4],[0,-10],[-1,-5],[-2,-3],[-4,-4],[0,-2],[-3,-3],[1,-5],[-1,-3],[1,-7],[0,-6],[-1,-5],[-6,-7],[-4,-6],[0,-4],[1,-3],[0,-3],[-1,-3],[0,-4],[-2,-3],[0,-10],[-1,-5],[1,-4],[2,-7],[3,-10],[-5,-43],[-1,-19],[0,-15],[2,-17],[3,-10],[9,-28],[4,-12],[2,-10],[2,-12],[1,-15],[0,-18],[0,-8],[4,-15],[0,-11],[0,-14],[-2,-16],[-5,-16],[-5,-17],[-14,-35],[-2,-11],[0,-14],[0,-15],[1,-14],[2,-35],[1,-9],[4,-49],[2,-16],[4,-17],[7,-19],[4,-8],[12,-16],[9,-10],[10,-13],[9,-18],[3,-10],[12,-51],[11,-48],[1,-4]],[[6990,4963],[-5,-39],[-23,-3],[-46,17],[-2,-4],[-39,-6],[2,12],[-9,0],[-5,8],[0,2],[-29,51],[-2,6],[0,1],[1,2],[1,2],[4,3],[4,2],[7,3],[4,1],[4,1],[4,0],[6,0],[4,0],[4,1],[3,0],[3,-1],[3,-2],[1,-1],[1,0],[5,3],[1,1],[1,1],[0,2],[0,1],[3,3],[0,1],[3,6],[2,4],[0,1],[-1,4],[-1,5],[-2,6],[0,4],[0,3],[2,3],[2,8],[1,3],[1,1],[2,2],[0,2],[1,2],[-1,3],[-1,2],[-1,1],[-2,2],[-2,2],[-1,10],[-1,2],[-1,1],[-1,0],[-1,0],[-3,-1],[-2,-1],[-1,1],[-2,2]],[[6886,5109],[0,1],[-1,3],[-1,2],[1,1],[0,1],[4,3],[3,2],[4,7],[0,1],[1,3],[0,3],[0,3],[-2,4],[-1,1],[56,49],[13,10],[29,26],[68,58],[51,45],[0,1],[0,4],[-2,29],[-1,5],[-3,27],[-5,57],[0,5]],[[7100,5460],[6,-1],[41,-4],[16,-11],[7,-7],[5,-5],[12,-6],[7,-4],[10,-7],[0,-1],[1,-1],[3,-1],[15,-14],[22,-26],[15,-30],[12,-11],[1,1],[11,7],[14,11],[20,10],[18,2],[5,-58],[5,-74],[7,-2],[3,0],[8,1],[3,-5],[4,-31],[12,-13],[10,-19],[3,-8],[4,-11],[9,-15],[5,-15],[12,-10],[4,-7],[1,-11],[1,-3],[7,-7],[16,-3]],[[7455,5071],[-1,-9],[-66,-14],[-11,-3],[-2,1],[-10,-3],[-8,-1],[-3,-1],[-24,-5],[-3,0],[-7,-2],[-16,-3],[-5,-1],[-6,-1],[-8,-1],[-7,-2],[-12,-2],[-42,-10],[-68,-16],[-8,-1],[-88,-19],[-70,-15]],[[1620,6953],[6,-294],[-1,-82],[-1,-193],[0,-8],[-1,-151],[6,-134],[2,-57],[-5,-109],[-1,-27],[-1,-36],[0,-21]],[[1624,5841],[1,-50],[1,-21],[0,-17]],[[1626,5753],[-2,-1],[-2,0],[-1,-1],[0,-2],[2,-1],[2,0],[0,-1],[-4,-4],[-2,-2],[-3,-4],[-1,1],[1,5],[-1,0],[0,-1],[-1,-1],[0,-1],[-1,0],[0,3],[0,1],[-1,1],[0,2],[-1,1],[-1,0],[0,-1],[0,-1],[0,-1],[0,-1],[-1,1],[-5,-3],[0,1],[0,2],[0,1],[-1,1],[-1,0],[-2,1],[-2,-2],[-2,-4],[-1,-2],[-1,0],[-3,3],[-1,0],[0,-5],[-1,2],[-1,-1],[-2,-1],[-1,0],[-1,0],[0,1],[0,2],[-1,-1],[-1,1],[0,1],[0,1],[1,1],[1,2],[1,1],[0,1],[-1,1],[-1,0],[-3,-2],[-2,1],[-1,1],[0,1],[2,0],[1,2],[0,2],[-1,0],[-1,-1],[-1,0],[-1,1],[0,1],[-1,1],[-2,-1],[0,3],[2,2],[-1,1],[0,1],[-1,1],[1,0],[1,-1],[1,-1],[0,-2],[1,0],[0,1],[0,1],[-1,2],[0,1],[-2,0],[-2,1],[-1,-2],[-1,0],[-1,2],[2,4],[-1,1],[-1,0],[0,1],[0,1],[0,1],[-1,1],[0,-1],[-1,-2],[-1,-3],[-1,0],[-1,-2],[-2,1],[0,-1],[0,-1],[0,-2],[-1,-3],[0,-1],[2,0],[1,-1],[-1,-1],[-1,-1],[-1,1],[-1,0],[0,-1],[-2,-1],[-2,-2],[-1,0],[0,1],[-1,2],[-1,-1],[0,-3],[-1,-1],[-2,1],[-2,-1],[-1,0],[-1,1],[2,2],[-1,3],[-2,0],[0,-1],[1,-2],[0,-1],[-2,-2],[-1,0],[-1,-1],[-1,1],[0,2],[-1,0],[0,-1],[-2,-4],[0,-1],[-2,-1],[-1,1],[0,2],[-1,1],[-1,0],[-1,-1],[0,-1],[1,0],[0,-1],[-2,-1],[-1,2],[1,2],[-1,1],[-1,0],[-1,0],[0,1],[1,0],[1,0],[1,1],[-1,4],[-1,1],[-1,1],[0,-1],[-1,-2],[0,-1],[1,-1],[-1,-1],[-1,1],[-2,3],[-1,0],[0,-1],[-1,0],[0,2],[0,1],[0,1],[0,2],[1,1],[3,0],[1,-1],[1,1],[1,0],[1,1],[0,1],[-2,2],[1,3],[-1,1],[-2,0],[-1,0],[-1,2],[0,2],[-1,0],[-2,-3],[-3,-1],[0,-2],[1,-1],[0,-1],[0,-3],[-1,-2],[-2,0],[-2,-1],[-2,0],[0,-1],[0,-1],[-7,-3],[0,3],[2,1],[1,2],[1,2],[3,3],[0,1],[-2,-1],[-1,0],[-1,3],[0,1],[-1,1],[-1,0],[-1,-1],[-4,-4],[0,-1],[1,-2],[-1,-3],[0,-4],[-1,-3],[0,-2],[-1,0],[-3,0],[-1,0],[-1,1],[-1,0],[-1,-1],[-4,1],[-2,0],[-1,0],[1,-1],[1,-2],[1,-1],[0,-1],[-1,-1],[0,-1],[0,-5],[1,-2],[1,0],[1,0],[0,-1],[0,-1],[-2,-3],[-1,0],[-1,-1],[-1,1],[0,1],[0,2],[0,1],[-2,2],[0,1],[1,1],[0,1],[-1,1],[-1,2],[0,1],[1,3],[0,1],[0,1],[-2,-2],[0,1],[-2,2],[0,1],[-1,0],[0,-1],[-3,-4],[-1,-4],[0,-1],[1,-2],[3,-3],[2,-2],[1,-2],[-1,-2],[-2,-5],[-1,0],[-1,-1],[-1,-1],[1,-1],[1,0],[0,-1],[1,-1],[-1,-1],[-2,-1],[-2,-2],[-1,-1],[0,1],[-1,3],[-1,1],[-2,2],[-1,0],[0,-3],[-1,-2],[0,-3],[0,-3],[-1,-2],[-1,-1],[-1,0],[-1,0],[0,1],[0,1],[0,3],[0,1],[-4,0],[-3,0],[-1,1],[0,2],[0,1],[-1,-4],[-1,0],[0,-1],[-1,0],[-3,2],[-1,0],[0,1],[0,1],[4,1],[1,1],[2,3],[0,1],[0,1],[-2,-1],[-4,-2],[-1,0],[-2,2],[-4,3],[-1,0],[0,-1],[1,-2],[0,-1],[-2,-1],[-1,-3],[-1,0],[-1,0],[-1,1],[0,1],[1,1],[1,2],[-3,3],[0,1],[2,5],[2,1],[2,3],[0,1],[0,2],[-1,1],[-4,2],[0,1],[-1,2],[-1,2],[-1,0],[-1,0],[-1,0],[0,-1],[0,-2],[-2,-1],[-3,-1],[-2,0],[-1,0],[-3,4],[0,4],[-2,3],[-2,2],[0,1],[2,0],[0,1],[1,3],[0,1],[0,1],[-1,0],[-4,0],[-2,-2],[-1,0],[0,1],[-2,5],[-4,3],[-1,0],[0,-1],[0,-4],[1,-3],[0,-3],[1,-4],[0,-1],[-1,-2],[-1,-2],[-1,0],[-2,1],[-3,2],[0,1],[-1,-1],[-2,-5],[1,-1],[2,-2],[1,-1],[-1,-3],[1,-4],[0,-2],[0,-1],[-2,-1],[-1,0],[0,1],[-1,0],[-1,2],[-1,1],[-5,1],[-1,1],[0,1],[-2,2],[-1,1],[-3,1],[-2,1],[-3,1],[-1,0],[-1,-2],[-1,-1],[-4,0],[-5,-2],[-3,0],[-2,2],[-2,-1],[0,-1],[0,-4],[-1,-3],[-1,-1],[-1,-1],[-1,1],[-2,1],[-1,3],[-2,4],[-1,1],[1,3],[-1,1],[-1,3],[-2,1],[-1,1],[-1,0],[-1,-1],[-4,-3],[-2,-1],[-3,1],[-3,-1],[-5,1],[-2,0],[0,-1],[-1,-5],[0,-1],[-1,-2],[-3,-1],[-3,2],[-1,0],[-2,-1],[-1,-2],[-2,-2],[-1,1],[-1,0],[-2,6],[-2,3],[-5,2],[-4,-3],[-3,-2],[-2,-2],[-2,-3],[-2,-8],[-4,-7],[0,-2],[-2,-5],[0,-2],[-3,-2],[-2,-1],[-1,0],[-5,-1],[-3,1],[-5,3],[-1,0],[-6,-1],[-6,-1],[-3,-1],[-2,-2],[-2,-4],[-5,-3],[-1,0],[-5,1],[-1,1],[-4,0],[-13,-1],[-2,1],[-1,0],[-2,0],[-1,-1],[-3,-3],[-2,-3],[-1,-2],[-1,-3],[1,-3],[0,-2],[2,-3],[1,-3],[0,-2],[-3,-3],[-9,-4],[-18,-1],[-1,0],[-2,-1],[-1,-2],[-1,-3],[0,-2],[0,-2],[1,-3],[1,-3],[2,-3],[2,-5],[1,-2],[0,-3],[0,-1],[2,-9],[-2,-4],[-2,-3],[-1,-1],[-1,-1],[-1,-2],[-1,-6],[-2,-4],[-8,-10],[-3,-2],[-5,2],[-7,-1],[-2,1],[-4,5],[-6,2],[-10,1],[-4,-2],[-5,-2],[-5,1],[-2,2],[0,3],[-4,-4],[-7,-1],[1,6],[-4,31],[-4,12],[-12,16],[-7,7],[-43,27],[-5,2],[-34,1],[-17,1],[-12,2],[-12,0],[-12,-4]],[[931,5707],[-10,3],[-16,5],[-43,14],[-1,8],[1,4],[9,15],[1,2],[10,35],[0,5],[-1,7],[-1,3],[-3,4],[-9,11],[12,13],[4,1],[4,7],[2,5],[3,6],[7,7],[2,12],[-1,13],[-2,7],[-2,21],[-3,5],[-5,20],[0,12],[0,10],[5,36],[-11,24],[6,25],[-4,36],[0,35],[-18,18],[-68,172],[-96,242],[96,62],[76,47],[82,50],[155,96],[156,95],[48,36],[29,20],[80,0],[156,-3],[39,0]],[[8125,5434],[-2,-94],[0,-9],[-3,-131],[-1,-9],[-7,3],[-1,-2],[-2,-31],[4,-13],[-4,-10],[1,-3],[-6,-14],[17,-114],[1,-9],[14,0],[-36,-173],[-34,-161],[-39,-186]],[[8027,4478],[-33,-5],[-83,-15],[-5,-1],[-61,-11],[-2,-1],[-1,0],[-66,-14],[-35,-9],[-55,-9],[-8,-2],[-2,0],[-146,-27],[-43,-7]],[[7487,4377],[-1,8],[-2,9],[0,8],[0,16],[1,10],[1,6],[4,13],[0,3],[5,15],[2,4],[11,27],[3,6],[2,3],[2,8],[2,8],[2,11],[2,20],[0,11],[3,18],[2,22],[0,22],[-2,13],[-4,10],[-1,6],[-4,24],[0,6],[0,15],[10,41],[3,16],[2,9],[3,13],[6,18],[2,4],[12,16],[2,3],[5,12],[4,10],[7,17],[13,26],[5,13],[0,2],[-1,7],[-1,3],[0,9],[5,26],[3,13],[0,3],[3,7],[6,7],[1,7],[3,30],[0,1],[3,12],[0,13],[1,7],[2,10],[5,17],[2,9]],[[7621,5080],[2,6],[2,10],[0,8],[1,5],[6,8],[4,1],[1,1],[2,2],[1,3],[4,13],[-2,8],[0,9],[0,5],[-4,14],[-2,8],[0,3],[-2,9],[-2,5],[-2,3],[-2,4],[-1,9],[-1,13],[-1,9],[-1,3],[-2,7],[2,18],[1,8],[0,4],[0,7],[-1,5],[-3,4],[-4,6],[-1,3],[0,2],[0,3],[-2,3],[-1,8],[-1,0],[-1,2],[0,3],[1,8],[0,4],[0,6],[1,6],[1,3],[3,7],[0,2],[0,4],[1,2],[13,22],[1,1],[2,2],[2,5],[1,2],[1,6],[4,9],[11,11],[5,1],[9,1],[3,2],[2,2]],[[7672,5428],[14,0],[47,2],[114,4],[39,1],[1,0],[0,1],[2,0],[15,0],[1,0],[1,1],[0,2],[-1,8],[0,2],[1,1],[2,2],[5,2],[3,2],[2,1],[4,6],[1,0],[2,2],[1,1],[3,1],[5,-1],[1,-3],[1,-2],[1,-1],[4,-2],[1,1],[5,3],[5,2],[5,-1],[3,-2],[2,-1],[0,-2],[0,-1],[-1,-2],[0,-1],[1,-1],[0,-2],[1,-1],[3,3],[4,1],[1,0],[2,1],[2,-1],[2,-1],[3,-4],[0,-2],[0,-2],[1,-1],[6,-3],[1,1],[2,2],[2,-1],[1,0],[1,-2],[0,-2],[0,-2],[-1,-2],[-1,-1],[15,0],[118,0]],[[6238,3391],[39,31],[0,1],[12,9],[145,118],[4,4],[85,68],[7,14],[1,2],[5,10],[15,29],[34,-3],[5,4],[60,49]],[[6650,3727],[103,-68],[26,-18],[52,-35],[72,-9],[23,-3],[134,-18],[62,-9],[41,163],[22,-18],[9,0],[17,2],[2,30],[3,-2],[5,-6],[8,-8],[89,-89],[10,-4]],[[7328,3635],[-6,-13],[-4,-16],[-4,-9],[-1,-7],[-1,-10],[-2,-15],[-1,-7],[-1,-5],[-3,-19],[-1,-6]],[[7304,3528],[0,-5],[0,-3],[3,-4],[1,-2],[0,-1],[0,-3],[-1,-6],[0,-2],[-1,0],[0,-3],[0,-2],[-4,-5],[-1,-2],[-1,-1],[0,-3],[0,-10],[-2,-23],[1,-6],[-1,-5],[0,-2],[-2,-6],[-1,-3],[0,-4],[0,-5],[-1,-2],[1,-6],[0,-2],[3,-6],[1,-4],[0,-7],[0,-6],[0,-4],[-3,-12],[-1,-2],[-2,-11],[-2,-7],[0,-8],[-1,-4],[-1,-3],[0,-1],[0,-2],[-1,-8],[-2,-9],[-1,-8],[-3,-14],[-4,-17],[-1,-7],[-2,-12],[0,-6],[-2,-8],[0,-6],[-1,-26],[-3,-21],[-1,-12],[0,-2],[0,-1],[-3,-2],[-1,-3],[-2,-5],[-1,-3],[0,-2],[0,-6],[1,-5],[1,-5],[0,-11],[2,-4],[7,-13],[1,-4],[1,-2],[9,-16],[2,-4],[2,-6],[2,-5],[1,-5],[2,-9],[0,-7],[0,-4],[-2,-9],[-1,-4],[-6,-11],[-1,-2],[-2,-5],[0,-5],[-1,-19],[0,-7],[1,-11],[0,-8],[-1,-9],[0,-6],[0,-3],[1,-6],[1,-3],[-2,-10],[0,-6],[0,-12],[0,-7],[-3,-19],[0,-2],[0,-6],[1,-38],[0,-2],[1,-3],[10,-21],[2,-7],[0,-3],[-1,-33],[1,-6],[0,-8],[-5,-41],[-2,-33],[1,-8],[3,-12],[1,-13],[-1,-11],[-2,-8],[-3,-18],[0,-12],[0,-12],[-1,-9],[-1,-17],[0,-6],[-3,-32],[-2,-5],[1,-25],[-1,-28],[0,-13],[-1,-12]],[[7274,2451],[-31,-5],[-21,-3],[-6,-1],[-5,-1],[-29,-5],[-33,-5],[-1,0],[1,12],[-18,44],[-8,-6],[-14,-7],[-6,-4],[-4,12],[-1,3],[-6,4],[-44,19],[5,-43],[3,-17],[1,-3],[1,-10],[-14,5],[-5,1],[-16,6],[-6,2],[-15,5],[-7,3],[-1,0],[-5,2],[-5,1],[-3,-7],[-4,1],[-14,7],[-26,9],[-24,10],[-12,5],[1,36],[1,8],[0,9],[-18,7],[0,-1],[-3,-6],[-1,-1],[-2,-1],[-1,1],[-1,1],[-2,-1],[-1,-4],[-3,-3],[-1,0],[-2,0],[-1,0],[-3,-1],[-2,-3],[-2,-2],[-2,-3],[-2,-1],[-2,0],[-1,-4],[-2,-1],[-1,-1],[-1,0],[-2,2],[-1,1],[-6,-8],[-5,-1],[-1,-1],[1,-7],[-2,-3],[0,-3],[0,-1],[-1,0],[-1,0],[-1,1],[-1,3],[-1,1],[-1,1],[-2,-1],[-2,-2],[-1,-1],[0,-5],[-2,-4],[-2,-2],[-3,-4],[-1,-1],[-1,0],[-1,0],[-1,1],[-1,0],[-2,-1],[-2,-2],[-1,0],[-2,0],[0,-1],[-1,-1],[0,-1],[1,-2],[0,-1],[0,-1],[-1,-2],[-2,-2],[-2,0],[-1,2],[-1,-1],[-1,-2],[0,-1],[-1,-1],[-1,-1],[-1,0],[-3,-1],[-1,2],[-1,3],[-1,1],[-2,2],[-2,-1],[-3,2],[-2,0],[-1,0],[-1,-2],[0,-2],[0,-1],[-1,-1],[0,-1],[0,-1],[1,0],[0,-2],[0,-3],[-2,1],[0,-1],[0,-1],[0,-1],[-1,0],[-2,-1],[-2,0],[-1,0],[0,1],[-2,1],[-2,-1],[-2,1],[-3,-2],[-2,-1]],[[6756,2453],[0,1],[-1,0],[0,1],[0,1],[1,0],[2,1],[1,1],[0,1],[0,1],[1,0],[-1,1],[-1,3],[-2,-1],[0,1],[-1,0],[0,1],[-2,0],[-1,1],[-1,-1],[-1,0],[-1,0],[-1,1],[-2,1],[-1,2],[0,1],[1,1],[-1,1],[0,5],[0,1],[1,2],[-1,1],[0,1],[0,1],[0,1],[-1,0],[-1,2],[-1,-1],[-1,3],[-1,5],[1,2],[0,1],[-2,4],[0,4],[-1,1],[-1,1],[-2,1],[0,1],[-1,1],[0,1],[-1,3],[-1,3],[0,2],[0,2],[0,3],[-1,0],[1,3],[0,2],[0,2],[0,1],[0,1],[0,1],[-1,1],[1,2],[-1,1],[-1,1],[-1,1],[-3,8],[0,8],[-1,5],[-1,3],[0,1],[-2,3],[0,2],[-1,3],[-36,33],[-95,93],[-94,95],[5,11],[10,16],[23,45],[18,31],[7,13],[10,17],[15,27],[22,39],[42,87],[0,1],[-77,59],[-137,108],[-148,108],[-6,4],[-3,2],[-39,30]],[[7146,384],[-1,-54],[11,-33],[8,-20],[9,-59],[-1,-8],[-1,-48]],[[7171,162],[-8,-92]],[[7163,70],[-19,-6],[-26,-9],[-20,-6],[-168,-49],[-31,22],[-7,22],[0,12],[1,11],[4,17],[11,12],[-1,8],[-3,19],[-2,19],[4,16],[10,10],[10,11],[16,-4],[4,8],[8,35],[1,6],[3,21],[3,9],[5,11],[0,6],[-5,12],[1,18],[1,10],[-2,12],[1,10],[1,5],[6,11],[2,4],[9,15],[4,3],[5,2],[48,-10],[1,0],[10,3],[11,1],[6,3],[13,6],[21,0],[8,8],[19,0],[20,0]],[[4111,6059],[-2,64],[-20,0],[-38,-1],[-54,-3],[-43,-3],[-4,99],[-3,77],[1,2],[-3,62],[-1,11],[-2,43],[-1,35],[-1,18],[-1,17],[-10,179],[-25,449]],[[3904,7108],[182,-17],[156,-16],[157,-14],[53,-4],[83,-8],[24,-2],[74,-11],[50,-6],[1,0],[-4,85],[38,-6],[73,-9],[41,-4],[37,-6],[4,1],[121,-16]],[[4994,7075],[5,-74],[2,-40],[3,-26],[2,-59],[-1,-11],[1,-3],[0,-7],[1,-12],[1,-16],[2,-48],[1,-19],[2,-32],[0,-32],[3,-81],[0,-2],[0,-1],[1,-18]],[[5017,6594],[-43,17],[-30,12],[-61,-239],[-30,-110],[30,-13],[-7,-87],[-1,-15],[-2,-22],[0,-3],[-4,-60],[-13,-174]],[[4856,5900],[-3,2],[-3,1],[-5,0],[-5,1],[-1,0],[-3,1],[-2,0],[-3,1],[-2,1],[-1,0],[-5,1],[-5,2],[-2,1],[-1,0],[-2,0],[-2,2],[-1,0],[-2,0],[-3,1],[0,1],[-1,0],[-1,1],[-1,0],[0,1],[-1,4],[1,7],[0,1],[0,2],[-1,1],[-1,1],[-1,2],[-1,4],[0,2],[-1,3],[-1,1],[0,2],[-4,-2],[-3,-3],[-1,0],[-1,-1],[-4,0],[-4,-1],[-1,0],[-1,-3],[-2,-2],[-4,0],[-4,2],[-2,4],[-2,3],[0,2],[-1,4],[0,4],[0,1],[-2,0],[-2,-1],[-1,1],[0,-1],[-1,0],[-1,1],[-1,0],[-1,0],[-1,0],[-1,-1],[-1,1],[-1,-2],[-1,0],[0,1],[-2,1],[-1,-1],[-2,-2],[-2,-2],[-1,0],[-1,0],[0,-1],[-2,0],[-2,1],[-1,0],[-2,2],[0,1],[-1,1],[-2,5],[0,1],[0,1],[0,1],[-1,1],[-3,1],[-1,1],[0,-1],[-1,0],[-1,1],[-1,0],[0,1],[0,-1],[-1,-2],[0,-1]],[[4720,5962],[-1,-1],[1,-1],[-1,0],[0,-1],[-2,1],[0,-1],[-1,0],[-4,-4],[-2,-1],[-2,-1],[1,-1],[0,-2],[-1,-2],[0,-1],[-1,0],[-3,2],[1,1],[1,-2],[1,0],[1,1],[0,2],[-1,-1],[-1,0],[2,2],[0,1],[-1,1],[-1,0],[-1,-1],[-1,1],[-1,0],[-1,1],[-1,2],[0,1],[-1,1],[0,1],[1,0],[-1,1],[0,1],[-1,0],[-1,3],[-1,2],[-2,1],[-4,3],[-1,1],[-3,1],[-2,1],[-1,0],[-2,2],[-1,1],[-2,0],[-1,0],[-1,1],[-1,0],[-1,0],[-1,-1],[-1,0],[0,1],[-1,1],[-1,-1],[0,1],[-1,1],[-1,4],[-1,2],[1,1],[-1,1],[-3,3],[-1,1],[-2,2],[-3,4],[-4,4],[-3,2],[-3,1],[-3,0],[-1,-1],[0,-2],[1,0],[0,-2],[-1,1],[0,-2],[-1,0],[-1,-1],[-1,1],[1,-1],[-1,-1],[-1,0],[-2,1],[0,1],[1,1],[-1,0],[-1,-2],[-2,1],[0,1],[-1,-1],[-3,1],[-1,0],[-1,-1],[-1,1],[-1,-1],[-1,-1],[-4,0],[-1,0],[-1,0],[-3,-1],[-4,0],[-1,0],[-2,3],[-2,3],[-1,4],[0,1],[0,5],[1,1],[0,2],[1,1],[2,0],[2,-1],[-1,2],[-1,0],[1,1],[2,-2],[0,-1],[-1,0],[1,0],[0,1],[-2,2],[-1,-1],[-1,2],[-1,1],[-1,0],[-2,1],[-2,1],[0,1],[0,3],[1,2],[1,1],[1,0],[2,0],[2,-2],[1,1],[1,0],[0,-1],[1,1],[0,1],[1,-1],[4,0],[2,-1],[4,-2],[-1,2],[0,1],[0,2],[-2,-1],[-1,-1],[0,1],[0,1],[-1,-1],[-1,1],[-1,0],[0,1],[0,1],[-1,0],[-1,-1],[0,-1],[-3,1],[-1,0],[-1,1],[0,2],[0,3],[1,1],[-1,0],[-1,-1],[0,-1],[0,-2],[0,-1],[0,-1],[-1,0],[-1,1],[-1,1],[-1,1],[0,-1],[-1,0],[-1,1],[1,1],[-1,1],[-2,0],[0,1],[-1,2],[-4,2],[-1,2],[-1,2],[-3,2],[-1,0],[0,1],[-5,3],[-4,-2],[-1,0],[-2,0],[0,1],[-1,0],[-1,0],[-1,1],[0,2],[0,2],[1,0],[0,2],[-2,1],[-2,2],[0,1],[-2,3],[-1,0],[-1,1],[-1,1],[-1,2],[-1,0],[0,1],[-1,1],[-1,0],[-3,1],[-1,0],[-2,1],[-1,0],[-1,0],[-3,-1],[-1,0],[-1,1],[-2,0],[0,1],[-1,0],[-1,-1],[-1,1],[-1,2],[-1,0],[0,1],[-1,1],[-1,0],[0,1],[-1,1],[-1,1],[0,1],[-1,0],[-1,0],[0,3],[-3,1],[-1,0],[-3,0],[-6,-1],[-12,8],[-4,0],[-4,3],[-6,4],[-1,1],[-4,7],[-1,2],[-1,1],[-3,1],[-3,3],[-1,2],[-1,5],[-1,2],[-2,2],[-1,0],[-1,1],[-4,4],[-2,2],[-2,4],[-1,3],[-2,3],[-4,3],[-4,7],[-2,1],[-2,1],[-2,-1],[-3,-2],[-1,-1],[-3,-3],[-1,-1],[-1,-2],[1,-1],[2,-3],[1,-2],[0,-1],[-1,-4],[-2,-6],[-2,-4],[0,-2],[0,-3],[1,-1],[0,-3],[0,-6],[1,-9],[1,-6],[-4,-8],[2,-3],[7,-1],[2,-2],[1,-6],[-1,-6],[0,-7],[2,-11],[1,-4],[10,-11],[-5,-10],[-10,9],[-4,-8],[-1,-5],[0,-2],[2,-2],[1,-2],[-3,-2],[-2,0],[-4,-4],[-3,-1],[-9,0],[-7,7],[-4,10],[-8,4],[-6,0],[-2,8],[-2,5],[-1,7],[-2,4],[-1,3],[-2,3],[-3,5],[-2,4],[-1,4],[0,2],[0,5],[-1,1],[-1,0],[-4,-3],[-2,0],[-2,5],[-2,3],[-4,-1],[-1,1],[-2,1],[-2,0],[-1,-1],[0,-2],[2,-6],[2,-3],[5,-3],[0,-1],[1,-3],[0,-5],[0,-4],[1,-1],[2,-1],[2,-1],[0,-2],[1,-4],[-1,-6],[1,-5],[-2,-8],[-1,-3],[-4,-9],[-2,-8],[-2,-4],[-6,-5],[-6,-1],[-2,6],[0,4],[-1,2],[-5,9],[-1,2],[0,2],[0,8],[0,3],[-1,2],[-2,2],[-3,3],[-4,3],[-2,4],[-3,6],[-2,2],[-6,6],[-2,1],[-1,0],[-4,-1],[-2,0],[-1,-1],[-2,-1],[-2,0],[-3,2],[-2,1],[-1,0],[-2,4],[-26,-2],[0,2],[-48,-4],[-121,-7]],[[7145,7198],[82,15],[144,23],[9,2],[147,25],[15,3],[144,24],[157,27],[5,2],[72,9]],[[7920,7328],[0,-1],[1,-3],[0,-1],[0,-1],[-3,-4],[-1,-1],[0,-1],[-3,-1],[0,-1],[-1,0],[-1,-2],[0,-1],[-1,0],[-2,-2],[0,-1],[-1,-1],[-1,0],[0,-1],[0,-1],[-2,-5],[-2,-3],[-2,-3],[-3,-5],[-3,-5],[-3,-4],[-2,0],[-1,0],[-1,0],[-1,-2],[-2,0],[-1,-2],[0,-1],[-2,-3],[-2,-1],[-1,-4],[-1,-1],[1,-1],[-1,-1],[0,-2],[0,-2],[0,-1],[0,-1],[2,-1],[2,0],[1,-1],[1,-2],[2,0],[1,-1],[1,0],[2,-1],[0,-1],[1,1],[1,0],[1,-3],[1,-4],[0,-1],[1,0],[0,-2],[-1,0],[-1,0],[1,-1],[1,0],[0,-1],[1,-2],[-1,-2],[-2,-2],[-1,0],[-1,-2],[-1,0],[-1,-1],[-2,-1],[-1,1],[-1,-1],[0,-1],[-1,0],[0,-1],[0,-1],[1,0],[0,-1],[-1,0],[1,-1],[2,2],[0,1],[1,0],[0,-2],[0,-2],[1,-1],[-1,-4],[0,-1],[1,-1],[0,-2],[-1,-1],[1,0],[0,1],[1,-1],[0,-2],[1,0],[0,-1],[-2,-3],[2,-1],[-1,-1],[0,-1],[2,0],[0,-1],[0,-1],[-1,-1],[-1,-1],[1,-1],[0,-2],[-1,0],[0,-1],[1,-1],[-1,-2],[1,-1],[0,-2],[1,-1],[0,-2],[0,-2],[0,-3],[0,-1],[0,-1],[-2,2],[0,3],[-1,0],[-1,0],[0,-3],[1,0],[0,-1],[0,-4],[-1,-1],[-1,-1],[0,-2],[1,0],[0,1],[1,0],[1,-2],[1,-1],[-1,-2],[0,-1],[3,0],[0,-1],[0,-3],[-1,0],[0,1],[-1,0],[0,-1],[0,-1],[0,-1],[-1,1],[-1,0],[-1,1],[0,1],[-1,2],[-1,0],[0,-1],[1,0],[1,-3],[0,-1],[0,-1],[-1,0],[0,-1],[0,-1],[0,-2],[0,-1],[0,-1],[-1,0],[-2,0],[-1,-1],[0,-1],[0,-1],[0,-1],[-1,-1],[0,-1],[1,-1],[0,-1],[1,-1],[-1,-1],[0,1],[-1,-1],[-2,-1],[-1,0],[0,1],[-1,0],[1,-1],[1,-2],[-1,-1],[0,-1],[1,-2],[0,-1],[0,-1],[0,-1],[-1,-2],[-1,-1],[-2,-2],[0,-3],[-1,-1],[0,-1],[0,-1],[-1,-1],[-1,0],[3,-3],[1,-2],[0,-4],[-1,-1],[-1,0],[-1,1],[1,-2],[-1,-1],[0,-2],[-1,0],[-1,-1],[1,0],[-1,-1],[1,-1],[0,-2],[0,-2],[-1,-1],[0,-1],[0,-2],[-1,0],[-1,0],[-1,-1],[-2,0],[-1,-1],[1,-2],[-1,-2],[-1,-1],[-1,-2],[0,-1],[0,-1],[0,-3],[0,-2],[-2,0],[0,-3],[0,-1],[0,-2],[1,-1],[0,-3],[-1,-1],[-2,-1],[0,-2],[-1,-6],[1,-1],[0,-2],[-1,-2],[0,-1],[0,-2],[-1,-2],[-1,-2],[-1,-2],[-1,-1],[-1,-2],[0,-1],[-2,0],[0,-1],[1,-1],[0,-1],[-1,-1],[0,-1],[-1,0],[0,1],[-1,0],[-1,-1],[-1,1],[-2,0],[0,-3],[0,-2],[1,-2],[2,-1],[2,1],[0,-1],[0,-1],[0,-1],[-1,0],[1,-1],[0,-1],[-1,-1],[1,0],[-1,-2],[0,-1],[0,-1],[1,-2],[0,-2],[0,-2],[-1,0],[-1,0],[0,-1],[-1,0],[-1,0],[0,-1],[-1,-1],[1,0],[0,-1],[1,-2],[1,0],[1,-2],[0,-2],[1,-2],[-1,-5],[-1,0],[0,-2],[0,-1],[-1,0],[-2,1],[0,-1],[0,-2],[0,-1],[1,0],[0,-1],[-1,0],[-1,-1],[-1,0],[-1,-2],[0,1],[-1,0],[0,1],[-1,1],[-1,-1],[0,1],[-1,0],[0,-2],[0,-1],[0,-1],[1,-1],[0,-2],[1,-1],[-1,-1],[1,-2],[-1,0],[1,-2],[-1,-1],[-1,-1],[0,2],[-1,2],[-1,-1],[1,-1],[-1,0],[1,-2],[-1,-1],[0,-1],[-1,-1],[-1,1],[-1,1],[1,1],[-1,-1],[0,-1],[-1,-1],[0,-1],[-1,-1],[-3,0],[-1,0],[-1,0],[0,1],[-1,0],[0,-1],[1,0],[0,-1],[-1,0],[0,1],[0,-1],[1,-1],[-1,-2],[-1,-1],[-1,0],[0,-1],[-1,0],[-1,0],[0,-1],[1,-1],[2,1],[0,-1],[0,-1],[0,-2],[-1,-1],[-2,0],[-1,0],[-1,0],[-1,0],[0,1],[-3,0],[0,-1],[0,-1],[0,-1],[0,-1],[-1,-1],[-3,1],[-1,1],[-1,-1],[0,-1],[-1,0],[0,1],[-1,0],[0,-2],[-1,-3],[-1,-2],[-1,-1],[-1,-2],[-2,-2],[-1,-2],[-3,-3],[-1,-3],[-1,1],[0,-1],[-1,-1],[-1,-1],[-1,-1],[-5,-10],[-1,-6],[-1,-1],[-1,-1],[-2,-2],[0,-3],[-1,-1],[-1,-4],[-1,-1],[0,-2],[-1,0],[0,-1],[-3,-3],[-1,1],[0,-1],[0,-2],[0,-1],[0,-1],[-1,0],[-1,-1],[0,-2],[0,-1],[0,-2],[0,-1],[-1,0],[-1,-2],[0,-1],[-1,-1],[-1,-1],[-2,-1],[-1,-3],[-3,-4],[-1,-2],[-1,-1],[0,1],[1,1],[-1,0],[-1,-1],[1,-1],[-1,-2],[0,-2],[-1,-2],[0,-4],[1,-2],[-1,-3],[-1,0],[-1,0],[-1,-1],[-1,0],[0,-2],[0,-1],[0,-1],[0,-1],[-1,-1],[-1,0],[-1,-1],[0,-1],[-1,0],[1,-2],[0,-1],[-1,-1],[-1,1],[-1,-1],[0,-2],[0,-1],[-1,0],[-1,1],[0,-1],[-1,-2],[1,0],[1,0],[0,-1],[-1,0],[0,-1],[-2,-1],[0,3],[-1,0],[0,1],[-1,-1],[0,-2],[-1,1],[-1,0],[0,-2],[-1,0],[0,-1],[-1,-1],[1,-1],[0,-1],[-1,-1],[0,-1],[1,0],[1,1],[0,1],[1,0],[2,1],[1,0],[0,-1],[-1,-5],[-1,-1],[0,1],[-1,0],[-1,0],[1,-3],[-1,-2],[0,-1],[0,-1],[-1,-1],[0,1],[-1,1],[0,-3],[-1,0],[0,1],[-2,-2],[0,-1],[-3,-1],[-1,0],[0,-1],[-1,-4],[-4,-2],[-1,0],[0,1],[-2,-1],[-5,-2],[-1,1],[-1,-1],[-1,0],[-1,-1],[0,1],[-1,1],[-1,0],[0,1],[-1,-1],[1,0],[0,-1],[-1,1],[-1,0],[0,-1],[-1,0],[-2,-1],[0,-1],[1,0],[-1,-3],[-1,-3],[-1,-1],[-1,3],[-1,-1],[-1,0],[0,-1],[-1,0],[0,-1],[-1,0],[-1,-1],[1,0],[0,-1],[1,-1],[0,-1],[1,-1],[0,-1],[-1,-2],[0,-2],[-1,0],[-2,-2],[0,-2],[0,-1],[0,-1],[1,0],[1,0],[-1,-1],[0,-1],[1,-1],[0,1],[1,0],[1,0],[0,1],[1,-1],[2,-2],[-1,-1],[0,-1],[1,1],[1,-2],[1,0],[0,-1],[0,-1],[-1,-2],[-1,0],[0,-2],[-1,-3],[0,-2],[-1,-3],[0,-2],[-1,-1],[0,2],[-1,0],[0,-2],[0,-1],[0,-1],[0,1],[0,-2],[0,-3],[-1,-2],[-1,1],[-1,-1],[-1,-2],[-1,-1],[0,-2],[1,1],[0,-1],[-1,-2],[0,-1],[-1,-1],[-1,0],[1,-1],[-1,-4],[-1,-2],[0,-10],[-1,-2],[0,-6],[0,-2],[0,-2],[0,-1],[0,-7],[0,-1],[-1,0],[-1,-1],[-1,-1],[-1,-1],[-1,1],[-1,-1],[0,1],[0,1],[-1,1],[1,0],[1,0],[0,1],[-1,0],[0,1],[0,1],[-2,0],[-1,0],[-1,-1],[1,-2],[0,-1],[1,0],[0,-1],[0,-1],[0,1],[-1,0],[0,1],[-1,1],[0,-1],[0,-1],[-1,-1],[0,1],[0,-1],[-1,0],[-1,-2],[0,-1],[-1,-3],[-1,-2],[0,-1],[-1,-2],[0,-2],[-1,-2],[0,-4],[1,-2],[-1,-1],[-1,-2],[1,-4],[1,-1],[1,-3],[-1,0],[-1,2],[-1,0],[1,-6],[-1,0],[0,-1],[0,-1],[1,0],[0,-1],[-1,-1],[-1,0],[-1,3],[0,1],[0,-2],[-1,-3],[0,-1],[0,-1],[3,-2],[0,-1],[2,-2],[-1,0],[-1,1],[-2,2],[-1,-1],[0,1],[-1,-1],[0,-1],[0,-1],[1,-2],[1,0],[1,-3],[1,-1],[0,1],[1,0],[1,-2],[-1,-1],[1,-1],[-1,-2],[1,-2],[2,-5],[0,-2],[0,-1],[2,-3],[0,-5],[3,-22],[0,-7],[2,-16],[21,-195],[8,-73],[1,-19],[4,-32],[2,-14],[1,-14]],[[7723,6232],[-6,2],[-8,-1],[-4,0],[-9,-3],[-8,-1],[-2,-1],[-4,-1],[-7,6],[-2,1],[-2,0],[-6,-3],[-2,-3],[1,-24],[-11,-8],[-3,3],[-9,-1],[-7,1],[-3,3],[-3,2],[-1,-3],[-5,-10],[1,-5],[17,-27],[-10,-20],[-9,-1],[-5,9],[-6,30],[-6,7],[-3,-4],[-1,1],[-1,-3],[-1,-4],[0,-2],[-2,-1],[-1,0],[-1,0],[-7,2],[-1,0],[-1,-1],[-1,-1],[-2,-6],[-3,-3],[-1,-1],[-2,-1],[-14,-2],[-2,-1],[-7,-3],[-1,-1],[-4,-3],[-3,-3],[-2,-2],[-1,-4],[-1,-4],[1,-5],[2,-7],[0,-3],[1,-2],[-1,-4],[-2,-3],[-1,-4],[-1,-2],[0,-3],[0,-3],[-1,-1],[-2,-8],[-5,-5],[-3,-4],[-1,-2],[-2,-3],[-3,-3],[-3,-3],[-3,-2],[-1,-1],[-1,-3],[-1,-2],[-1,-8],[-2,-5],[-1,-2],[-2,-2],[-1,0],[-2,1],[-1,0],[-3,5],[-4,7],[-3,8],[-1,4],[-1,3],[-6,9],[-5,9],[-2,3],[-4,4],[-13,9],[-6,2],[-2,-1],[-4,0],[-1,0],[-2,1],[-3,-1],[-2,0],[-1,-2],[0,-2],[-1,-3],[-2,-1],[-3,-3],[-1,0],[-1,0],[-1,1],[-1,3],[-1,1],[-5,3],[-2,4],[-1,2],[0,4],[0,26],[2,8],[2,3],[8,12],[1,3],[0,2],[0,3],[-3,8],[0,3],[0,10],[1,9],[2,5],[0,8],[1,11],[-1,2],[-1,0],[-2,1],[-4,-2],[-4,0],[-2,2],[-2,2],[-1,4],[-1,3],[-1,6],[-1,2],[-2,2],[-1,1],[0,5],[-1,4],[-8,12],[-5,2],[-1,0],[-2,2],[-3,5],[0,2],[0,2],[1,5],[1,3],[3,2],[2,4],[0,3],[-1,3],[-7,8],[-6,6],[-1,3],[1,11],[-1,5],[-1,2],[-6,6],[-3,4],[-2,4],[-1,1],[0,4],[0,3],[0,1],[1,3],[2,2],[1,3],[2,7],[-1,4],[-2,6],[0,8],[-2,9],[-2,2],[-2,4],[-1,2],[0,6],[-3,5],[-1,4],[-2,4],[0,3],[-1,0],[-21,-4],[-144,-24],[-24,-4],[-51,-9],[-106,-18]],[[7015,6376],[0,12],[-8,96],[-23,264],[-37,415],[198,35]],[[7182,9955],[191,12],[103,4],[37,0],[45,0],[64,-1],[45,2],[176,8],[77,4],[79,3],[40,1],[-7,-25],[-1,-5],[-1,-6],[-1,-3],[-3,-7],[-2,-6],[1,-7],[1,-8],[4,-9],[3,-7],[3,-6],[7,-8],[1,-2],[1,-3],[0,-9],[-1,-20],[-1,-18],[0,-22],[1,-20],[0,-11],[0,-3],[-1,-3],[-2,-4],[-4,-4],[-4,-3],[-4,-4],[-4,-5],[-3,-6],[-5,-16],[-2,-13],[-3,-18],[-3,-18],[-3,-19],[-1,-2],[-3,-7],[-2,-3],[-2,-1],[-1,-1],[-2,-4],[0,-1],[-2,-1],[0,-1],[-1,-3],[1,-7],[0,-2],[-1,-2],[-1,-2],[-1,-1],[2,-5],[-1,-4],[0,-1],[2,-2],[0,-1],[0,-2],[-1,-4],[1,-6],[1,-1],[2,-1],[1,-1],[1,-1],[1,-1],[2,-6],[2,-5],[4,-6],[3,-3],[5,-3],[3,-3],[2,-1],[4,-4],[2,-3],[2,-5],[2,-3],[3,-5],[3,-3],[2,-3],[3,-6],[0,-1],[4,-5],[2,-2],[2,-3],[0,-4],[1,-9],[1,-20],[-1,-8],[-1,-4],[-1,-3],[-6,-7],[-3,-4],[-2,-2],[-1,-2],[-2,-5],[-2,-11],[-2,-6],[-2,-4],[-1,-9],[-3,-9],[-4,-9],[-2,-4],[-2,-4],[-3,-5],[-2,-4],[-1,-4],[0,-1],[0,-3],[1,-13],[0,-18],[-1,-15],[1,-18],[-1,-8],[1,-9],[-1,-12],[0,-1],[1,-1],[4,-2],[1,-1],[0,-2],[-2,-4],[-2,-6],[-1,-3],[0,-2],[-1,-1],[-4,-4],[-1,-1],[0,-3],[2,-3],[1,-2],[0,-2],[0,-4],[0,-1],[-5,-1],[0,-2],[0,-2],[0,-5],[1,-2],[-3,-9],[1,-1],[3,-5],[0,-1],[0,-4],[0,-2],[-1,0],[-3,0],[-1,-1],[-1,-1],[-2,-3],[0,-3],[-1,-2],[-3,-3],[0,-2],[1,-2],[1,-3],[0,-2],[-1,-1],[-3,-7],[-4,-3],[0,-2],[1,-2],[6,-10],[0,-1],[-1,-1],[-8,-7],[-1,-2],[-1,-2],[2,-7],[0,-3],[-1,-9],[-1,-7],[-3,-9],[0,-3],[0,-2],[3,-5],[5,-5],[1,-1],[0,-2],[1,-9],[1,-5],[2,-4],[3,-8],[1,-5],[-1,-4],[-1,-4],[-4,-5],[-1,-2],[0,-1],[0,-2],[5,-9],[2,-3],[1,-4],[0,-4],[0,-6],[1,-3],[5,-9],[4,-10],[6,-7],[1,-1],[2,-3],[4,-10],[2,-2],[2,-1],[3,-1],[1,-1],[10,-8],[2,-4],[3,-5],[0,-2]],[[8044,8966],[-157,-21],[-1,-2],[0,-1],[1,-1],[-1,-3],[0,-1],[0,-1],[3,0],[2,-8],[-1,-3],[0,-1],[-1,-2],[-1,-4],[1,-1],[4,-3],[0,-1],[0,-5],[0,-1],[-1,-1],[-1,0],[-1,0],[-1,1],[0,-1],[-1,-2],[-2,1],[-1,-1],[-2,-1],[-1,-6],[-4,-2],[0,-2],[1,-11],[0,-2],[-2,-1],[-2,1],[-3,0],[-4,-3],[-2,-4],[-1,-1],[-1,-1],[-1,-6],[-1,-1],[-5,-2],[-3,-4],[-1,-2],[0,-7],[-2,-4],[-2,-3],[-1,-3],[0,-4],[-1,-2],[-1,-1],[-1,0],[-2,4],[0,1],[-2,0],[-2,0],[-5,-3],[-4,1],[-4,1],[-5,0],[-1,1],[-1,2],[-3,3],[-2,4],[-2,2],[-1,0],[0,-2],[2,-2],[-1,-3],[-1,-3],[-1,-1],[-2,-1],[-8,-2],[-3,-1],[-6,-1],[-1,0],[-3,-2],[-3,-3],[-1,-3],[-2,0],[-3,1],[-4,-1],[-1,0],[-4,-6],[-1,-2],[-1,-1],[0,-5],[-1,-6],[0,-2],[-2,-3],[-2,-5],[-9,-8],[-2,-2],[-3,0],[-4,0],[-3,0],[-8,-3],[-3,-4],[-2,0],[-2,1],[-4,3],[-1,0],[-1,-1],[-2,-4],[-3,-4],[-1,-2],[-6,-3],[-3,-2],[-3,-1],[-3,-2],[-2,0],[-1,0],[-5,3],[-1,2],[-1,1],[-4,1],[-2,1],[-1,1],[-2,0],[-1,-1],[-2,-2],[-4,-6],[-2,-2],[-3,-2],[-8,-4],[-6,-2],[-3,-1],[-2,-2],[-1,-1],[-4,-9],[-3,-2],[-5,-1],[-3,-1],[-1,-1],[-2,-1],[-4,0],[-2,-1],[-2,1],[-7,2],[-1,0],[-3,-2],[-1,-1],[-3,1],[-2,-1],[-4,3],[-4,1],[-1,-1],[-3,-1],[-2,-3],[0,12],[-26,-3],[-14,-2],[-20,-2],[-1,0],[-68,-9],[-133,-19]],[[7329,8708],[-12,142],[-1,13],[0,9],[-16,158],[-16,-3],[-2,19],[-6,70],[-18,207],[-25,-3],[-5,65],[-2,24],[-2,37],[-8,69],[0,3],[-1,24],[-4,26],[-3,37],[0,37],[0,10],[1,30],[-1,31],[-1,10],[-2,24],[-11,84],[-4,43],[-5,46],[-3,35]],[[564,4868],[112,-136],[96,-109],[14,-15],[3,-4],[7,-4],[1,0],[5,0],[1,1],[2,2],[4,6],[2,1],[1,1],[3,-1],[3,1],[1,0],[1,-1],[5,-4],[0,-1],[0,-1],[-3,-2],[0,-3],[0,-1],[0,-1],[1,-1],[3,-2],[2,0],[2,1],[2,1],[0,2],[2,0],[2,0],[1,-1],[1,-2],[-1,-5],[0,-1],[1,-1],[1,-1],[0,-1],[0,-4],[0,-1],[1,-1],[3,-1],[2,2],[2,0],[4,0],[3,-3],[0,-1],[-1,-2],[-1,-2],[-3,0],[-3,-2],[-2,0],[-1,1],[-1,-1],[-1,0],[0,-1],[0,-1],[1,-2],[1,-1],[3,0],[1,-1],[4,-7],[2,-1],[5,0],[2,-2],[3,-2],[2,-3],[7,-5],[3,-3],[1,-1],[3,-1]],[[879,4540],[-1,-40],[1,-95],[-1,-66],[1,-158],[0,-43],[0,-211],[1,-80],[0,-126],[0,-28],[0,-3],[0,-55],[1,-5],[0,-109],[-1,-39],[-2,-129]],[[878,3353],[-79,0],[-17,0],[-13,0],[-18,0],[-20,0],[-18,0],[-17,-1],[-54,0],[-79,0],[-77,0],[-73,-1],[-50,0],[-68,0],[-15,0],[-17,0],[-1,0],[-25,1],[-65,0],[-8,0],[-33,0],[-26,1],[-11,0],[-9,-1],[-83,0],[-1,3],[0,43],[0,218],[0,24],[0,10],[0,36],[0,1],[0,10],[0,62],[0,126],[0,5],[0,1],[-1,290],[0,155],[0,120],[0,36],[288,193],[41,27],[29,20],[128,84],[78,52]],[[6264,5662],[-2,5],[-2,8],[0,8],[0,2],[0,1],[1,1],[1,1],[0,1],[-1,2],[-2,3],[-2,1],[-5,7],[0,8],[1,7],[-1,6],[-5,6],[0,2],[-1,8],[1,2],[2,3],[2,1],[1,2],[-1,3],[1,1],[0,1],[3,2],[2,1],[0,1],[0,4],[0,3],[-1,1],[-1,3],[1,2],[-1,0],[0,1],[-3,12],[1,0],[1,2],[-2,3],[0,1],[0,2],[2,5],[0,3],[1,1],[0,1],[-2,2],[-1,2],[0,2],[0,1],[1,2],[1,1],[2,0],[3,0],[3,-1],[3,0],[1,0],[1,1],[1,4],[0,2],[-2,1],[0,2],[0,2],[0,1],[1,0],[2,-1],[2,1],[5,1],[2,2],[1,1],[1,1],[0,-1],[1,0],[3,-3],[1,-1],[2,0],[3,1],[1,1],[0,1],[0,1],[-1,3],[0,2],[1,1],[4,1],[2,0],[1,-1],[2,-2],[4,4],[0,3],[-3,5],[0,1],[-1,4],[-1,2],[-1,1],[0,2],[0,3],[1,3],[1,2],[-1,3],[-3,3],[-1,3],[0,3],[1,2],[1,1],[2,0],[2,1],[5,3],[1,-1],[2,-1],[1,0],[3,5],[0,1],[2,2],[3,0],[2,0],[3,1],[3,1],[2,0],[1,0],[1,1],[-1,3],[-3,2],[-1,1],[0,2],[2,2],[0,2],[0,1],[0,1],[-3,0],[0,1],[-3,2],[-1,2],[0,1],[-1,1],[-2,0],[0,2],[-1,2],[1,2],[0,3],[0,3],[0,1],[2,1],[3,4],[1,5],[1,1],[3,1],[1,2],[1,2],[3,1],[2,0],[1,0],[1,0],[0,-1],[0,-1],[0,-1],[0,-1],[1,0],[1,2],[2,1],[2,1],[2,1],[0,1],[0,1],[0,1],[0,2],[0,5],[0,1],[0,2],[-14,150],[0,6],[-6,79]],[[6324,6188],[-1,6],[111,-66],[33,-19],[79,-49],[3,2],[6,0],[35,4],[34,3],[28,3],[122,14],[9,2],[2,0],[6,0],[16,2],[5,-59],[127,15],[-4,58],[13,2],[9,2],[83,9]],[[7040,6117],[5,-44],[5,-67],[2,-13],[0,-1],[6,-74],[27,-293],[0,-4],[2,-21],[7,-80]],[[7094,5520],[-41,0],[-41,1],[-5,0],[-5,0],[-2,0],[-20,0],[-47,1],[-63,1],[-5,0],[-60,1],[-75,0],[-22,0],[-30,0],[-47,1],[-30,0],[-15,0],[-44,1],[-5,0],[-23,10],[-26,13],[-2,2],[-30,15],[-24,12],[-4,3],[-11,5],[-10,5],[-101,50],[-14,7],[-15,9],[-7,3],[-6,2]],[[2211,5851],[0,23],[0,12],[0,17],[0,43],[0,119],[0,53],[2,95],[0,48],[0,70],[0,30],[1,23],[1,275],[0,289]],[[2215,6948],[239,1],[133,-1],[247,2],[139,-1]],[[2973,6949],[14,-563],[1,-68],[1,-107],[-1,-58],[1,-105],[1,-62],[0,-12],[0,-63],[1,-4],[0,-20],[0,-24],[1,-34],[0,-35],[1,-45],[1,-95],[0,-20]],[[2994,5634],[-24,0],[-13,0],[-2,0],[-15,0],[-29,0],[-58,0],[-2,0],[1,-70],[1,-38],[0,-5],[0,-2],[2,-87],[-44,1],[-78,1]],[[2733,5434],[-52,1],[-17,0],[-3,-10],[-152,2],[-2,4],[0,1],[0,2],[1,1],[5,0],[3,3],[1,0],[3,-3],[5,-1],[2,2],[2,0],[2,1],[4,6],[1,0],[3,-3],[2,-3],[1,0],[2,4],[0,2],[0,1],[-1,2],[-1,3],[-1,6],[-1,3],[0,2],[2,1],[3,-2],[0,-1],[1,-2],[0,-1],[1,-1],[4,10],[0,4],[0,9],[-1,5],[0,1],[2,7],[0,4],[0,1],[1,1],[2,0],[3,-2],[1,1],[1,2],[0,2],[-1,9],[-2,4],[-1,0],[-2,1],[-2,-1],[-9,3],[-1,2],[0,1],[1,6],[0,5],[1,2],[0,1],[-15,0],[-61,0],[-58,-1],[-26,0],[-2,0],[-3,0],[-59,0]],[[2320,5531],[1,32],[1,0],[1,1],[0,8],[2,37],[2,0],[-1,4],[0,13],[1,13],[-59,6],[4,12],[1,4],[1,5],[10,33],[39,145],[2,8],[-42,-1],[-34,-1],[-15,1],[-11,-1],[-2,1],[-10,0]],[[6307,9953],[4,7],[26,11],[19,-7],[3,-1],[7,1],[7,2],[4,12],[11,-15],[14,0],[32,0],[0,-1],[52,0],[30,-1],[12,0],[29,-1],[17,-1],[16,0],[53,-1],[5,-1],[54,-3],[8,-1],[12,-1],[25,-1],[2,-1],[47,-4],[7,0],[27,1],[56,0],[37,0],[18,0],[18,-1],[15,0],[54,-1],[33,2],[35,2],[61,4],[25,2]],[[7329,8708],[-92,-16],[-21,-4],[-69,-11],[-73,-12],[-14,-4],[-21,-3],[7,-71],[3,-33],[4,-39],[3,-28],[7,-50],[5,-58],[5,-66],[1,-17],[24,-220],[1,-12],[-24,-3],[-67,-12],[-68,-10],[-9,-3],[-28,-3],[-40,-7]],[[6863,8026],[-116,-18],[-15,-2],[-115,-17],[-27,-3],[-44,-6]],[[6546,7980],[-12,154],[24,3],[-14,175],[-26,271],[0,5],[-5,58],[-6,84],[-7,78],[-5,55],[-8,106],[-9,111],[-4,40],[-2,18],[0,7],[-11,105],[-8,83],[-21,271],[-3,48],[-2,15],[-1,23],[-5,55],[-1,16],[-2,27],[-6,72],[-61,0],[-1,1],[-36,0],[-2,24],[-5,68]],[[3503,3968],[0,20],[113,10],[30,3],[6,0],[4,1],[19,0],[9,0],[16,1],[5,0],[10,0],[17,0],[5,0],[8,0],[3,-1],[6,1],[3,0],[16,0],[20,-1],[1,-101],[32,0],[27,1],[0,-20],[0,-4],[47,1],[7,-10],[18,21],[4,6],[7,6],[0,3],[0,36],[0,37]],[[3936,3978],[50,-1],[22,-1],[29,-1]],[[4037,3975],[4,-69],[-1,-209],[-33,1],[1,-2],[0,-1],[-2,-1],[1,-2],[-1,-2],[2,-6],[1,-1],[2,-1],[0,-1],[0,-1],[2,-5],[0,-3],[0,-1],[1,-2],[-1,-2],[1,-3],[0,-3],[0,-2],[-2,-4],[1,-3],[1,-2],[1,-3],[1,0],[1,-1],[1,-2],[-7,0],[4,-10],[1,-30],[6,-74],[11,-61],[-24,-94],[3,-6],[1,-3],[1,-5],[-1,-2],[0,-4]],[[4013,3355],[-60,1],[-21,0],[-3,0],[-155,2],[-1,0],[-42,0],[-3,0],[-37,0],[0,1],[-19,0],[-5,0],[-1,0],[-83,-1],[-2,1],[-1,-1],[-37,0],[-5,0],[-36,-1]],[[3502,3357],[0,88],[0,170],[0,15],[0,33],[0,8],[0,2],[0,16],[0,6],[1,118],[0,44],[-1,49],[1,62]],[[879,4540],[3,-2],[2,0],[4,-2],[1,1],[0,1],[0,3],[2,1],[5,0],[4,-3],[3,0],[1,-1],[1,1],[1,2],[1,1],[1,1],[1,1],[1,4],[2,3],[1,1],[0,-1],[2,0],[0,-4],[1,-1],[2,-1],[3,1],[2,-1],[1,-1],[1,-2],[7,-5],[6,-4],[3,-1],[2,0],[2,3],[1,0],[3,-2],[0,-2],[1,-2],[1,-1],[4,-2],[1,0],[3,1],[2,-1],[3,-4],[1,-1],[1,-6],[0,-3],[2,-4],[3,-6],[1,-4],[0,-1],[0,-2],[-2,-5],[0,-2],[0,-2],[1,-1],[1,-1],[3,0],[1,-1],[0,-1],[1,-3],[-1,-3],[0,-2],[-3,-3],[-1,-2],[0,-1],[0,-1],[1,0],[1,0],[3,3],[2,0],[1,0],[0,-1],[1,-4],[0,-2],[1,-1],[2,0],[2,0],[1,-1],[2,-3],[1,-2],[3,-4],[4,-10],[1,-1],[2,0],[1,1],[0,1],[1,1],[2,-1],[-1,-2],[-1,-8],[-1,-6],[0,-2],[1,-2],[1,-6],[5,-17],[1,-5],[1,-1],[3,0],[2,-1],[1,-3],[-1,-2],[1,-1],[1,-1],[4,0],[8,0],[2,0],[2,-2],[3,-8],[3,-4],[4,-4],[3,-2],[2,-1],[8,-10],[1,-3],[0,-6],[0,-1],[0,-1],[-2,0],[-1,-1],[0,-1],[0,-2],[-1,-2],[-1,-3],[1,-1],[1,-3],[1,-1],[0,-1],[2,0],[4,3],[0,1],[2,4],[1,3],[1,2],[6,-4],[2,0],[1,0],[1,1],[3,4],[2,1],[1,-1],[1,-1],[1,-10],[2,-6],[2,-3],[1,-1],[2,0],[1,2],[1,2],[1,1],[1,2],[2,0],[1,-2],[0,-2],[2,-4],[0,-1],[1,0],[2,1],[2,3],[2,2],[1,1],[1,1],[3,-1],[2,-2],[2,-2],[1,0],[1,0],[1,1],[2,4],[1,1],[1,0],[4,-2],[3,1],[4,1],[2,2],[1,1],[2,0],[4,-2],[1,0],[1,1],[2,3],[1,1],[2,0],[1,0],[2,-1],[1,-2],[1,-1],[0,-1],[2,0],[2,0],[1,1],[1,1],[1,6],[1,1],[2,3],[1,2],[2,0],[3,-2],[1,0],[0,2],[0,3],[0,2],[1,1],[2,0],[1,0],[1,-1],[1,-2],[1,1],[2,1],[2,3],[7,8],[4,6],[1,0],[2,-1],[1,0],[3,0],[1,1],[1,3],[3,3],[1,0],[3,2],[2,0],[2,0],[3,-4],[5,-4],[1,-3],[1,-2],[3,-2],[3,-2],[2,1],[3,2],[4,0],[3,2],[1,1],[1,2],[0,1],[-1,2],[-2,1],[-6,1],[0,1],[-1,2],[0,1],[1,2],[1,1],[3,2],[1,0],[3,0],[3,-2],[3,-5],[2,-1],[1,0],[2,1],[2,2],[1,1],[2,2],[0,1],[0,2],[-1,2],[-1,2],[-2,2],[-4,1],[-1,2],[1,2],[1,0],[7,-3],[3,0],[3,0],[1,-1],[0,-1],[1,0],[1,1],[0,1],[0,4],[0,4],[1,2],[2,1],[2,0],[4,-1],[5,-2],[1,0],[1,1],[1,6],[0,1],[-2,4],[-1,1],[1,2],[1,2],[2,-2],[2,-1],[5,-1],[0,1],[0,2],[0,2],[1,1],[1,3],[2,0],[2,0],[3,0],[7,2],[0,1],[0,2],[1,2],[1,1],[2,1],[1,0],[0,-1],[0,-2],[0,-2],[1,-2],[1,0],[1,0],[1,3],[1,0],[1,0],[1,-1],[1,0],[1,0],[3,3],[1,2],[1,0],[2,-3],[1,-1],[0,-5],[1,-7],[0,-1],[-1,-6],[0,-2],[0,-2],[1,-2],[4,-3],[2,-1],[1,0],[2,0],[0,1],[0,2],[0,4],[0,2],[1,1],[1,1],[1,0],[3,-3],[1,0],[1,0],[4,6],[0,1],[-1,3],[0,1],[2,0],[0,1],[0,1],[0,3],[0,1],[0,1],[2,2],[1,0],[2,0],[1,-1],[2,-1],[1,0],[0,1],[1,5],[0,1],[1,0],[1,0],[1,1],[0,3],[2,0],[1,0],[1,-2],[0,-1],[1,0],[1,0],[1,3],[1,1],[1,0],[1,1],[1,1],[0,1],[0,3],[1,1],[3,-1],[2,0],[3,1],[1,-1],[1,-3],[1,-1],[1,1],[2,1],[0,3],[0,1],[2,0],[4,-4],[1,0],[1,0],[1,2],[0,3],[1,2],[2,2],[1,2],[1,2],[1,3],[2,0],[2,-2],[2,-1],[1,0],[1,2],[2,1],[1,0],[3,-2],[1,0],[0,1],[1,4],[0,3],[3,3],[0,2],[1,2],[1,0],[3,0],[3,0],[2,1],[1,0],[2,-3],[1,-1],[1,0],[2,2],[1,4],[1,2],[1,1],[3,1],[0,1],[-1,1],[0,2],[1,1],[3,0],[3,4],[4,3],[1,0],[1,0],[2,-1],[2,-1],[1,-3],[1,-1],[3,-2],[2,0],[1,1],[1,1],[-1,3],[0,1],[1,3],[0,1],[2,1],[2,1],[1,-1],[2,0],[1,-2],[0,-1],[0,-1],[1,-1],[4,-1],[1,-1],[1,-1],[1,1],[1,3],[1,0],[2,1],[1,0],[1,-3],[1,-3],[3,-2],[1,-1],[1,1],[2,3],[0,4],[2,2],[2,0],[1,0],[1,0],[0,-1],[-1,-2],[0,-1],[1,-1],[1,1],[2,1],[1,2],[1,2],[0,2],[1,0],[3,1],[3,1],[0,1],[0,1],[-2,0],[0,1],[0,2],[1,0],[1,0],[1,0],[5,-6],[2,-1],[1,-1],[1,0],[1,3],[0,2],[0,2],[0,1],[1,0],[1,-1],[1,-1],[4,1],[0,1],[-1,2],[0,2],[1,2],[2,2],[4,2],[4,-4],[2,-1],[3,0],[2,-2],[1,2],[0,2],[0,1],[3,1],[1,1],[1,2],[2,2],[1,1],[0,1],[1,3],[0,1],[-1,1],[0,1],[1,0],[1,0],[2,0],[1,0],[0,-2],[1,-1],[0,1],[1,1],[2,1],[1,0],[2,0],[4,0],[1,4],[1,1],[4,1],[3,-1],[1,0],[0,1],[1,4],[0,1],[1,2],[1,2],[0,1],[1,0],[1,-1],[0,-1],[1,0],[2,3],[1,0],[0,-1],[0,-2],[1,-2],[2,0],[2,1],[2,1],[0,-1],[1,-1],[1,0],[1,0],[0,1],[1,2],[2,0],[2,-2],[2,0],[2,-1],[1,1],[1,2],[4,4]],[[1626,4536],[0,-27],[-1,-11],[76,1],[1,0],[24,1],[94,3]],[[1820,4503],[1,-47],[-1,-9],[1,-10],[0,-121],[0,-1],[0,-87],[0,-47],[-1,-30],[0,-6],[0,-20],[0,-5],[0,-13],[0,-42],[0,-168],[0,-8],[0,-24],[0,-115],[0,-11],[0,-26],[1,-2],[-1,-9],[1,-133],[0,-29],[0,-4],[0,-3],[0,-37],[0,-7],[0,-86],[0,-25],[0,-25]],[[1821,3353],[-65,1],[-42,0],[-30,0],[-103,0],[-65,0],[-56,0],[-192,-4],[-156,-1],[-158,4],[-76,0]],[[7167,491],[1,-2],[0,-1],[-1,0],[0,1],[-1,-1],[0,1],[0,1],[0,1],[-1,0],[1,1],[1,-1]],[[7158,471],[3,-2],[0,-2],[0,-1],[-1,-1],[-2,2],[-1,3],[0,1],[1,0]],[[7173,461],[10,29],[5,52],[2,9],[9,64],[5,16],[10,23],[5,13],[6,14],[10,24],[12,30],[9,21],[6,14],[12,49],[7,23],[18,50]],[[7299,892],[12,-7],[2,-1],[1,-1],[2,-4],[6,-2],[1,2],[3,4],[1,2],[2,0],[1,-2],[0,-1],[1,-1],[1,-2],[0,-7],[-1,-1],[-1,-2],[0,-5],[-1,-3],[-1,-4],[-5,-9],[-7,-12],[-5,-14],[-5,-11],[-1,-3],[-1,-4],[-1,-1],[0,-5],[-3,-9],[-1,-5],[1,-11],[0,-1],[0,-4],[0,-2],[1,-3],[0,-2],[0,-7],[0,-10],[0,-2],[0,-1],[-1,-5],[1,-8],[5,-9],[1,-3],[6,0],[2,-3],[3,-4],[3,-3],[0,-1],[3,-1],[2,-2]],[[7326,702],[2,-11],[-4,-5],[-2,-1],[-1,-4],[-3,-4],[-1,-2],[-7,-10],[-1,-1],[-3,-4],[-5,0],[0,3],[-3,-2],[-1,4],[0,-2],[-1,-3],[-3,-5],[0,-3],[1,-2],[3,-2],[-1,-2],[-1,-2],[-2,-2],[-3,-3],[-4,-7],[-9,-19],[-5,-9],[-4,-13],[-4,-6],[0,-3],[-1,-3],[0,-6]],[[7263,573],[0,-9],[0,-3],[1,-4],[0,-1],[0,-4],[0,-9],[-1,-2],[-6,-14],[-1,-5],[-1,-3],[0,-1],[-1,-8],[0,-4],[-1,0],[-2,4],[-3,-3],[-8,-5],[-2,0],[-2,-1],[-4,0],[-3,1],[-1,0],[-2,-2],[-2,1],[-1,-1],[-1,-2],[-1,-1],[-2,-6],[-3,-9],[-1,-3],[0,-3],[-1,-1],[-2,-6],[-1,-3],[-2,-3],[-3,-2],[-1,-2],[-3,-3],[-5,-5],[-1,-3],[-2,0],[-2,-3],[-19,16]],[[5826,6913],[-17,234],[0,7],[-12,171],[-9,129],[-2,25],[-4,66],[-4,40],[-10,138],[-2,38],[-15,214]],[[5751,7975],[65,-50],[69,-53],[56,9],[91,16],[114,18]],[[6146,7915],[12,-154],[2,-20],[7,-82],[9,-120],[4,-53],[0,-7],[14,-189],[7,-81],[17,-232],[4,-42],[2,-36],[8,-104],[1,-13],[4,-52],[1,-13],[2,-19],[2,-34],[1,-5],[2,-29],[-86,-239],[-30,-85],[148,-90],[47,-28]],[[6264,5662],[1,-3],[0,-2],[0,-4],[0,-1],[1,-2],[1,-1],[5,-3],[2,-2],[2,-2],[1,-3],[4,-3],[1,-2],[3,-9],[0,-5],[1,-3],[0,-4],[1,-10],[2,-6],[0,-7],[-1,-5],[0,-2],[1,-8],[-1,-4],[-1,-6],[-1,-4],[-1,-5],[2,-1],[2,-1],[-7,-85],[-6,-56],[0,-3],[-2,-21],[-14,-133]],[[6260,5256],[-49,28],[-96,50],[-6,-59],[-5,-43],[-2,-10],[-2,-14],[-4,-20],[-6,-6],[-9,-10],[-41,33],[-40,30],[-15,12],[0,1],[-21,14],[-127,94],[-23,-52],[-1,-3],[-10,-19],[-12,-27],[-2,-6],[-80,-6],[-9,-1],[-2,51]],[[5698,5293],[14,2],[-2,15],[-10,194],[-4,61],[-1,16],[-4,73],[-2,19],[9,16],[5,9],[1,2],[0,1],[10,19],[1,1],[0,1],[4,7],[6,-1],[9,-3],[1,-1],[1,2],[1,4],[4,10],[-4,3],[-1,-4],[-3,2],[1,3],[0,1],[2,6],[-5,2],[3,5],[2,3],[3,5],[7,16],[5,7],[10,19],[1,3],[27,56],[19,41],[1,4],[68,147],[-2,0],[-2,0],[0,1],[-1,1],[-1,2],[1,4],[1,1],[2,1],[1,1],[0,1],[-1,2],[-1,1],[-2,1],[-2,0],[-1,-1],[-5,-5],[-2,-1],[-2,-2],[-1,0],[-9,0],[-2,0],[-2,1],[-7,4],[-7,7],[-3,1],[-2,1],[-3,2],[-3,2],[0,1],[-2,-1],[-1,0],[-2,1],[-2,2],[-4,2],[-1,1],[0,3],[0,8],[-2,1],[-1,0],[0,1],[-7,1],[-4,1],[-2,1],[-2,2],[0,1],[-1,2],[-3,1],[-1,2],[-1,6],[-1,0],[-1,0],[0,-1],[-1,-4],[0,-1],[0,-1],[-3,0],[-1,-1],[0,-2],[0,-1],[1,-4],[-1,-2],[-1,-2],[-1,0],[-1,1],[-1,1],[0,1],[0,9],[-1,3],[-1,3],[0,4],[1,3],[-1,1],[0,1],[-1,0],[-1,-2],[-1,-3],[-2,-2],[-1,0],[-3,0],[-2,4],[-1,2],[0,4],[0,2],[1,2],[1,2],[2,1],[1,2],[1,6],[-2,5],[0,1],[1,7],[1,2],[2,3],[2,4],[0,3],[1,2],[1,3],[1,11],[0,3],[2,1],[2,2],[1,2],[1,2],[0,4],[1,7],[0,2],[1,4],[0,2],[0,4],[-1,3],[0,3],[0,1],[-2,2],[0,1],[3,0],[3,-1],[3,0],[10,5],[4,1],[2,-1],[1,0],[1,0],[2,0],[1,0],[1,-1],[1,-3],[0,-1],[1,-1],[1,0],[1,0],[1,1],[1,6],[-1,2],[0,2],[0,1],[0,2],[2,1],[2,0],[3,0],[1,-1],[2,1],[5,1],[1,4],[2,3],[0,3],[0,1],[3,5],[1,5],[2,4],[1,2],[0,3],[6,-4],[1,0],[1,0],[1,0],[1,1],[-1,8],[0,2],[1,1],[1,1],[3,1],[1,0],[2,-1],[3,1],[9,2],[-10,155],[-6,74],[0,13],[-1,8],[-4,55],[-1,8],[-4,53],[-1,9],[-1,16],[-2,49],[-12,187]],[[4720,5962],[2,0],[0,-1],[1,-5],[1,-3],[1,0],[-1,-1],[-1,-2],[-1,-4],[-1,-2],[0,-3],[1,-2],[2,-3],[1,-1],[1,3],[1,0],[1,-2],[1,0],[2,1],[1,3],[1,0],[2,-2],[2,-4],[0,-1],[-1,-2],[-1,-4],[1,0],[1,0],[2,0],[-1,-3],[0,-2],[0,-1],[1,-1],[3,-1],[2,-2],[0,-1],[-1,-2],[-2,-3],[-1,-2],[0,-1],[0,-3],[3,-3],[2,-1],[2,-1],[1,-2],[0,-1],[-2,-4],[-1,-7],[0,-1],[1,-3],[0,-4],[1,-2],[0,-1],[-1,-2],[-3,-2],[-3,-4],[0,-2],[1,-3],[-1,-3],[0,-1],[1,-1],[1,0],[2,3],[0,1],[0,1],[-1,1],[-1,1],[1,1],[2,2],[1,0],[1,-1],[2,-2],[0,-1],[1,-3],[2,-5],[1,0],[1,-1],[2,2],[0,-1],[1,-3],[1,1],[1,0],[2,-2],[0,-1],[1,1],[1,1],[1,1],[1,-1],[0,1],[-1,2],[0,1],[0,1],[1,1],[1,0],[1,-1],[0,-2],[0,-2],[1,0],[0,1],[1,1],[1,1],[1,0],[2,0],[1,0],[0,-1],[0,-2],[-3,0],[-1,-1],[0,-1],[1,-1],[1,1],[1,-1],[1,0],[0,-1],[-1,-2],[-2,-1],[-1,-3],[-1,0],[-1,-3],[-1,-1],[-1,-2],[-1,1],[-1,2],[0,1],[-1,-1],[0,-3],[0,-2],[0,-1],[-1,-3],[-1,-2],[1,1],[1,0],[1,0],[1,-4],[0,-2],[-1,-1],[-1,-1],[-1,0],[0,-1],[1,0],[2,2],[1,0],[1,-1],[0,-1],[-2,-3],[0,-1],[0,-1],[1,1],[0,1],[1,0],[2,-2],[0,-1],[-1,0],[-1,-1],[0,-3],[-1,0],[-3,1],[-2,0],[-1,1],[0,2],[-2,1],[-1,1],[0,3],[0,1],[-1,1],[-1,-1],[0,-1],[0,-5],[-1,-3],[-2,-5],[-1,-2],[0,-3],[-1,-1],[-2,-1],[-1,-2],[0,-1],[2,-2],[-1,0],[-1,0],[-1,-1],[-1,-1],[0,-1],[1,-1],[1,0],[0,-1],[0,-1],[-1,-2],[-2,-1],[-1,0],[-1,0],[-1,0],[0,-1],[1,-6],[0,-2],[-1,-1],[0,-1],[1,-2],[1,-2],[0,-1],[-1,-2],[0,-2],[0,-3],[0,-5],[1,-1],[1,0],[0,1],[-1,1],[0,1],[1,0],[0,-1],[1,0],[1,0],[0,1],[0,1],[1,1],[1,-1],[-1,-1],[-1,-1],[2,-1],[1,-1],[-2,-2],[0,-1],[1,-1],[0,2],[1,0],[1,0],[0,-1],[0,-2],[1,-1],[1,0],[1,1],[-2,1],[0,2],[0,1],[1,0],[1,-1],[2,-1],[0,-1],[-2,-1],[0,-1],[2,-1],[0,-1],[2,0],[0,1],[-1,1],[1,0],[1,0],[1,1],[0,2],[2,0],[0,-1],[0,-2],[-2,-2],[0,-2],[0,-1],[4,3],[6,1],[0,1],[0,1],[0,1],[1,0],[0,-2],[1,-1],[2,0],[0,1],[0,1],[0,3],[1,0],[1,-4],[1,-2],[2,4],[0,1],[0,-2],[1,0],[1,1],[1,-2],[1,-1],[1,2],[1,0],[1,-1],[-1,-1],[1,-1],[2,0],[2,0],[0,3],[0,2],[1,0],[0,-2],[1,1],[1,-1],[1,-1],[0,-1],[1,0],[1,1],[1,1],[0,1],[-1,0],[2,2],[0,1],[1,0],[0,-2],[0,-1],[2,-3],[1,0],[1,0],[0,1],[0,1],[-1,0],[0,2],[1,0],[0,1],[1,2],[3,-2],[2,1],[3,0],[1,0],[0,-1],[0,-1],[0,-1],[1,-1],[1,-1],[-1,0],[0,-2],[0,-2],[1,0],[1,1],[0,-1],[2,-47],[6,-142],[0,-24],[2,-25],[1,-42],[3,-66],[3,-82],[6,-142],[4,-80]],[[4842,5097],[-35,-4],[-90,-8],[-106,-8],[0,-4],[-44,-3],[-18,-2],[-143,-12],[-12,0],[-18,-2],[-8,0]],[[4368,5054],[-1,20],[-5,12],[-9,19],[-8,15],[-8,14],[-8,12],[-30,36],[-9,10],[-23,31],[-2,3],[-111,-7],[-3,-1],[-4,0],[-4,95],[-2,38],[0,14],[-1,2],[-1,38],[-4,85],[-2,57],[-1,25],[-36,-3],[-5,113],[-5,91],[0,5],[2,6],[8,8],[4,1],[6,-2],[5,-2],[5,-2],[3,0],[1,1],[1,1],[-1,13],[0,8],[-3,14],[-2,9],[-3,14],[-2,5],[-4,9],[-1,6],[-1,2],[-1,2],[0,2],[1,2],[1,1],[1,2],[3,1],[10,0],[0,5],[0,1],[-3,76],[-2,35],[0,2],[-3,61]],[[7455,5071],[12,0],[2,1],[5,7],[9,15],[5,5],[3,1],[4,-1],[10,-12],[1,-1],[2,0],[2,3],[2,3],[3,7],[3,8],[11,13],[2,9],[13,30],[1,1],[7,4],[4,2],[2,1],[2,-1],[2,-2],[1,-1],[1,-3],[1,-14],[1,-4],[2,-2],[2,-2],[1,-3],[-2,-4],[-2,-3],[-1,-2],[0,-2],[1,-4],[8,-10],[2,-4],[1,-2],[1,-2],[1,-12],[8,-12],[6,-8],[8,-6],[2,-1],[1,0],[1,0],[2,4],[4,3],[0,1],[2,4],[1,2],[0,3],[2,1],[4,-1]],[[7487,4377],[-67,-12],[-47,-12],[-73,-18],[-48,-9],[-16,-3],[-11,-2],[-9,-2],[-46,-9],[-101,-22],[-9,-1],[-45,-10],[-117,-23]],[[6898,4254],[-12,-2],[-2,28],[16,56],[10,55],[3,4],[7,29],[3,5],[5,10],[2,5],[2,10],[0,8],[1,9],[1,4],[0,14],[-1,2],[0,5],[1,2],[-1,2],[0,14],[-4,6],[-11,33],[0,1],[-5,14],[6,21],[-1,6],[1,4],[4,24],[17,21],[1,13],[2,5],[1,2],[3,7],[5,8],[5,11],[17,28],[1,18],[8,21],[2,7],[1,0],[1,2],[4,13],[3,10],[3,10],[2,3],[0,5],[1,8],[3,10],[2,15],[-1,38],[3,30],[3,27],[-20,28]],[[3936,3978],[-90,3],[0,64],[2,0],[-1,33],[0,99],[6,0],[0,4],[-4,130],[-3,65],[-3,63],[0,17],[-4,103]],[[3877,4728],[25,2],[40,2],[0,-7],[39,2],[35,3],[0,-1],[18,2],[1,0],[102,6],[0,-20],[72,4],[33,1],[2,0],[18,1],[5,0],[5,1],[107,4]],[[4379,4728],[6,-181],[0,-7],[2,-70],[0,-14],[1,-14],[6,-190]],[[4394,4252],[-50,-2],[0,-1],[0,-1],[-1,-1],[-1,0],[0,-3],[0,-2],[-2,-4],[0,-1],[0,-2],[-1,-4],[0,-2],[-1,-3],[1,-3],[0,-1],[0,-2],[0,-2],[1,-1],[0,-1],[1,-3],[-1,-5],[-1,-2],[-2,-3],[-1,-1],[1,-1],[0,-3],[1,-3],[1,0],[1,0],[1,0],[0,-2],[1,-1],[3,-1],[2,1],[1,-1],[2,1],[1,0],[1,-1],[1,0],[1,-1],[1,1],[1,0],[1,1],[1,0],[1,0],[1,0],[2,0],[0,-2],[-1,-1],[1,0],[2,-2],[1,-1],[6,-2],[1,1],[2,-1],[2,-1],[1,0],[1,-1],[1,-1],[1,0],[0,-2],[1,-1],[1,-1],[4,-1],[2,-3],[1,0],[0,-1],[1,0],[0,-1],[1,0],[1,0],[1,-1],[0,-1],[0,-1],[3,-3],[2,-2],[0,-1],[2,-1],[1,-1],[2,0],[1,-1],[0,-1],[1,-1],[1,-1],[2,1],[0,-1],[1,-1],[0,-2],[-1,0],[0,-1],[3,-5],[0,-2],[2,-5],[0,-4],[0,-4],[1,-3],[0,-1],[-3,-3],[0,-3],[-1,-1],[1,-1],[-1,-1],[-1,0],[0,-1],[0,-1],[-1,-2],[0,-1],[-1,0],[0,-2],[0,-1],[-1,-1],[-2,-2],[0,-2],[-1,-2],[1,-3],[0,-1],[-1,-3],[1,-1],[0,-1],[0,-1],[-1,-1],[-1,-1],[0,-3],[1,-1],[1,-1],[-2,-5],[0,-1],[0,-1],[0,-1],[-3,-1],[0,-1],[0,-2],[-1,-1],[-1,-3],[0,-2],[0,-1],[0,-1],[1,-2],[1,-2],[0,-1],[-2,-4],[1,0],[0,-4],[0,-1],[1,-2],[0,-1],[0,-1],[-1,-1],[0,-4],[-1,-1],[1,0],[0,-2],[0,-2],[-1,-2],[0,-1],[0,-4],[2,-3],[0,-2],[-1,-2],[1,-1],[1,-3],[-1,-2],[1,-1],[-1,-2],[1,-2],[-1,-1],[0,-2],[-1,-1],[1,0],[0,-1],[-1,-1],[-47,0],[0,26],[-6,0],[-1,-1],[-9,1],[-62,0],[-1,22],[-30,0],[-25,0],[-25,0],[-2,-122],[-73,2],[1,38],[-8,0],[-8,0],[-7,0],[-1,0],[-32,1],[-25,0]],[[4887,8649],[97,-79],[41,-32],[18,-14],[38,-32],[36,-28],[24,-17],[41,-31],[34,-26],[65,-51],[2,-1],[9,-7],[1,-1],[3,-2],[15,-12],[11,-9],[2,-1],[1,-1],[16,-12],[2,-4],[2,-3],[1,-1],[3,-1],[2,0],[5,-6],[6,-5],[3,-3],[2,-1],[3,-1],[1,-1],[3,-2],[4,-4],[1,-3],[4,-1],[7,-7],[2,0],[2,-1],[4,-3],[2,-1],[5,-5]],[[5405,8240],[-1,-2],[-59,-117],[-7,-15],[-34,-70],[-9,-17],[-15,-31],[47,-39],[30,-25],[-23,-50],[12,-10],[-11,-23],[0,-59],[-60,-3],[2,-18],[1,-7],[5,-52],[1,-12],[-12,-2],[-1,0],[-3,-1],[-25,-2],[-2,-1],[0,2],[-2,4],[-2,1],[-1,0],[-2,0],[-1,-1],[-11,-3],[-5,0],[-3,2],[-6,9],[-35,-37],[0,-1],[-1,0],[-11,-12],[-1,-1],[-13,-15],[-66,-69],[-2,-1],[-1,-1],[-5,-6],[-19,-20],[-1,0],[-20,-22],[-5,-4],[-10,-11],[-4,-4],[-103,11],[0,-6],[-1,-18],[-11,-179],[14,-1],[24,-2],[42,-4],[3,-47],[3,-38],[2,-26],[3,-44],[4,-65]],[[3904,7108],[-112,10]],[[3792,7118],[137,303],[31,65],[126,274],[1,1],[76,207],[79,66],[28,24],[50,141],[33,11],[46,1],[5,-1],[49,24],[19,14],[34,41],[3,90],[39,35],[2,-3],[14,-1],[7,7],[19,4],[65,71],[46,26],[9,9],[12,-1],[12,0],[3,-2],[1,0],[1,1],[4,-1],[2,-6],[2,-2],[2,0],[26,14],[12,14],[13,9],[10,21],[11,-2],[47,55],[4,4],[15,18]],[[2994,5634],[134,0],[22,0],[1,11],[140,1],[1,-61],[168,1],[45,1]],[[3495,5038],[-46,0],[-11,-1],[-50,0],[-69,-1],[-14,0],[0,-3],[-135,-1],[-2,0],[-21,0],[-62,0],[-16,0],[-2,0],[-4,-11],[-6,-14],[-1,0],[-2,-3],[-2,-3],[-10,-20],[-4,-9],[-2,-6],[-11,-33],[-6,-27],[-2,-9],[-1,-6],[-2,-17],[-2,-48],[-12,0],[0,-202]],[[3000,4624],[-94,1],[-5,0],[-56,1]],[[2845,4626],[1,153],[1,0],[1,10],[2,42],[-53,1],[-11,1],[-76,2],[-9,110],[0,1],[0,1],[0,2],[-1,1],[0,1],[-1,2],[1,2],[-1,3],[0,1],[0,1],[0,1],[-1,2],[1,1],[-1,3],[1,1],[-1,2],[0,4],[0,2],[0,1],[0,3],[0,1],[-1,1],[0,1],[1,1],[-1,2],[0,2],[0,1],[0,3],[-1,1],[0,2],[1,0],[0,2],[0,1],[0,2],[0,1],[-1,1],[1,2],[-1,3],[0,1],[0,1],[0,3],[-1,4],[-1,1],[0,6],[0,5],[-1,8],[30,-1],[0,201],[45,0],[1,3],[0,1],[-1,1],[-2,2],[0,3],[0,2],[0,1],[-1,1],[0,3],[0,2],[-1,1],[2,3],[2,1],[1,0],[0,-2],[1,0],[-1,7],[0,1],[2,-1],[0,-2],[0,-1],[0,-1],[0,-1],[0,-1],[1,0],[2,0],[1,2],[0,2],[0,6],[-1,2],[-1,0],[-1,0],[-1,-2],[-1,-1],[-1,0],[-1,0],[0,2],[0,2],[1,2],[1,1],[2,2],[1,1],[1,1],[-1,2],[0,1],[-2,0],[-1,0],[-1,-3],[-1,0],[-2,1],[0,1],[0,4],[1,2],[1,3],[1,1],[2,-1],[0,1],[0,1],[-1,3],[-4,9],[-1,2],[0,3],[1,2],[1,2],[0,2],[-1,1],[-1,0],[-2,-1],[-1,1],[0,1],[1,1],[1,1],[2,0],[1,0],[1,2],[-1,2],[-1,2],[-1,0],[-3,0],[0,1],[-1,0],[0,1],[1,1],[3,3],[0,1],[0,1],[-2,2],[-2,1],[-3,1],[-1,1],[1,2],[1,2],[1,4],[-1,0],[-1,0],[-1,1],[1,1],[2,5],[0,1],[0,3],[-1,3],[-1,5],[-1,1],[0,3],[-1,1],[0,1],[2,4],[1,1],[0,1],[-1,1],[-1,0],[-1,-2],[-2,0],[0,3],[0,3],[2,0],[-1,2],[1,1],[1,0],[1,0],[-2,3],[0,2],[0,3],[-1,1],[-3,1],[-1,3],[-2,3],[0,5],[-1,3],[0,2],[2,1],[0,2],[-1,3],[0,1],[-2,-2],[-4,-1],[-1,0],[0,1],[-1,4],[-1,1],[-1,1],[-2,1],[-1,1],[-1,1],[1,3],[0,2],[-1,1],[-2,1],[0,2]],[[7263,573],[2,-1],[8,5],[2,0],[8,-4],[5,-4],[2,-5],[1,-3],[3,-5],[4,-2],[7,-2],[1,-3],[4,-11],[1,-3],[0,-3],[1,-4],[-1,-3],[0,-4],[2,-2],[1,-5],[1,-1],[-1,-2],[0,-1],[2,-1],[1,-2],[4,-3],[5,-6],[-1,-2],[3,-3],[-1,-3],[9,-9],[-2,-4],[6,-5],[-1,-2],[2,-6],[-1,-1],[6,-11],[3,6],[2,-4],[3,3],[0,-1],[2,2],[1,2],[4,4],[6,7],[7,7],[6,2],[2,-15],[1,-7],[1,-7],[2,1],[1,-8],[1,1],[3,-18],[3,1],[3,-17],[-2,-1],[-2,-1],[1,-7],[-1,0],[-3,-2],[-3,-1],[3,-7],[3,-6],[3,-7],[2,-15],[8,2],[13,-24],[2,-3],[4,-6],[-2,-47],[-9,-20],[-3,-5],[-3,-6],[-4,-10],[-5,-4],[-15,-12],[-4,-4],[-3,-2],[-10,-9],[-7,-2],[-7,-2],[-17,-2],[-39,-11],[-21,-6],[-105,-29]],[[7146,384],[3,8],[4,11],[2,5],[18,53]],[[7304,3528],[16,-5],[2,10],[8,-6],[1,3],[6,-3],[24,-16],[22,-14],[10,-7],[10,-6],[40,-26],[22,-14],[57,-37],[56,-40],[44,-11],[4,-1],[38,-11],[17,-5],[91,-25],[36,-8],[2,64],[5,95],[31,-1]],[[7846,3464],[12,0],[-3,-109],[-4,-92],[-5,-81],[0,-23],[-2,-41],[-4,-75],[-5,-76],[0,-5],[-7,-139],[-1,-39],[-3,-60],[-3,-58],[-1,-36],[-3,-66],[-1,-47],[-6,-105],[-1,-8],[-2,-41],[-2,-32],[-1,-18]],[[7804,2313],[-23,-1],[-39,-1],[-12,-2],[-21,-4],[-21,-4],[-26,-7],[-12,-3],[-27,-6],[-22,-5],[-58,-10],[-26,-4],[-16,-4],[-29,-4],[-16,-3],[-34,-5],[-25,-5],[-6,-1],[-18,-2],[-35,-6],[-6,-3],[-33,-6],[-13,-23],[-3,-5],[-40,-74],[-4,-6],[0,-1]],[[7239,2118],[-6,14],[-14,16],[-3,6],[0,3],[0,4],[0,3],[1,6],[2,28],[-1,18],[4,33],[-3,10],[0,2],[-1,3],[1,10],[0,8],[0,7],[0,6],[1,3],[0,5],[2,8],[3,8],[1,5],[4,20],[1,3],[3,6],[7,15],[3,7],[5,10],[4,5],[7,7],[4,6],[3,8],[3,11],[3,14],[1,8],[0,7]],[[4882,4270],[-2,23],[1,3],[-1,4],[-6,154],[-8,147],[-1,22],[0,6],[0,2],[-2,50],[-8,153],[-5,115]],[[4850,4949],[25,3],[48,3],[28,4],[21,2],[53,4],[157,13],[7,0],[1,1],[77,4],[36,3],[35,3],[13,1],[76,7],[1,-16],[45,3],[2,0],[20,1],[5,1],[93,8]],[[5593,4994],[0,-2],[0,-3],[2,-4],[2,-4],[0,-1],[-2,-4],[-1,-5],[0,-2],[-1,-1],[-1,0],[-1,-1],[-1,-1],[0,-2],[-2,-1],[0,-2],[0,-1],[1,-1],[1,0],[1,2],[1,0],[1,-1],[0,-1],[1,-2],[-1,-1],[0,-1],[-1,-1],[1,-1],[0,-2],[0,-1],[0,-2],[0,-1],[-1,-1],[1,-1],[-1,-2],[1,-1],[0,-1],[-1,0],[0,-1],[0,-2],[0,-1],[-1,-1],[-1,0],[-1,0],[0,-2],[0,-1],[-1,-1],[-1,-1],[0,-2],[1,-1],[0,-1],[-2,0],[0,-2],[-2,-2],[0,-1],[1,-1],[0,-2],[-1,-2],[-1,-1],[-4,-7],[-1,-7],[-2,-8],[-1,-2],[-1,-1],[0,-2],[-1,-6],[-1,-3],[0,-1],[0,-2],[-1,-3],[-1,-2],[-1,-3],[-1,-2],[-2,0],[0,-1],[-2,-1],[0,-1],[-1,-1],[0,-1],[0,-1],[0,-1],[-1,-1],[-1,-1],[-3,-2],[-2,-1],[-1,0],[-1,-2],[-1,-1],[1,-5],[0,-1],[0,-1],[-1,0],[0,-1],[0,-1],[1,-1],[0,-1],[-2,-2],[-1,0],[0,2],[-1,0],[0,-1],[0,-1],[1,-2],[0,-1],[2,1],[1,-1],[-1,-1],[-3,0],[-1,-1],[1,-4],[0,-2],[0,-1],[-1,0],[0,-1],[0,-2],[1,-2],[0,-1],[3,-3],[0,-1],[0,-1],[-2,-1],[-2,-2],[0,-1],[0,-1],[2,-4],[2,-5],[0,-2],[-1,-3],[0,-2],[2,0],[0,-2],[0,-1],[-1,-3],[0,-1],[0,-2],[0,-3],[1,-1],[0,-1],[2,1],[1,-1],[-1,-2],[0,-1],[1,-2],[1,0],[1,-2],[0,-1],[-1,-5],[0,-3],[1,-2],[0,-2],[0,-1],[-1,-1],[1,-7],[-1,-1],[-1,0],[-1,1],[-1,0],[-1,-3],[0,-2],[-1,-1],[-1,1],[0,1],[-1,0],[0,-2],[-1,-1],[1,-3],[1,0],[2,-3],[1,-1],[-1,-1],[-1,-2],[0,-1],[1,-1],[2,-2],[1,0],[1,0],[0,-2],[1,-2],[0,-1],[-1,-2],[-1,0],[0,-2],[0,-1],[0,-1],[-1,0],[-1,0],[0,-1],[-1,-1],[-1,-1],[-2,-1],[-1,-1],[0,-1],[-1,-2],[-1,-1],[-5,-3],[-1,-2],[-2,-3],[0,-1],[-1,-7],[1,-3],[-1,-2],[1,-3],[2,-5],[0,-4],[-1,-1],[-1,-1],[1,-1],[1,-1],[0,-1],[-1,-2],[1,-2],[1,-5],[1,-3],[1,-1],[1,0],[2,0],[1,2],[2,-4],[0,-1],[0,-1],[1,-1],[2,1],[1,-1],[0,-1],[0,-1],[1,-2],[0,-1],[-1,-1],[0,-2],[0,-2],[0,-1],[-1,-2],[-2,-1],[-2,-6],[0,-1],[1,-1],[1,1],[1,-1],[0,1],[1,0],[0,-2],[-2,0],[0,-1],[1,-3],[1,1],[1,0],[0,-1],[-1,-1],[-1,-2],[-1,0],[-1,0],[0,-4],[-1,-1],[-2,-1],[0,-2],[0,-1],[0,-1],[1,0],[1,-1],[-1,-4],[0,-1],[-1,-1],[0,-1],[2,-1],[1,-1],[-1,0],[-1,0],[-2,-3],[-3,0],[0,-1],[0,-2],[-1,-1],[-1,1],[-1,-1],[0,-1],[2,-1],[0,-1],[-3,-2],[-2,-3],[-1,0],[-2,-1],[-5,1],[-2,-1],[-1,-1],[0,-2],[-2,0],[0,-1],[1,-1],[-1,-1],[0,-1],[-2,-1],[-1,-2],[-1,-1],[0,-1],[-1,-2],[-1,1],[0,1],[0,1],[0,1],[0,1],[-1,0],[-1,0],[-1,-1],[-1,-3],[0,-2],[-2,0],[-1,1],[-1,0],[0,-1],[0,-2],[-2,2],[-1,3],[-1,-1],[-2,-2],[1,-3],[-2,1],[-1,-1],[1,-4],[-2,-6],[1,-4],[-1,-1],[-3,-2],[0,-1],[0,-4],[1,-4],[-1,-2],[-1,-1],[-1,-5],[-1,-1],[-1,-1],[-2,0],[-2,0],[-1,0],[0,-1],[1,-2],[0,-1],[0,-1],[-2,-2],[-3,-1],[-1,-2],[0,-4],[-1,-6],[-1,-2],[-3,-4],[-1,-1],[0,-2],[3,-2],[1,-2],[0,-1],[-1,-6],[-1,-1],[0,-2],[-3,-2],[-1,-2],[0,-2],[-1,-5],[0,-1],[-1,-1],[-1,0],[-2,2],[-1,0],[-3,-1],[-2,0],[-5,1],[-1,-1],[-1,-2],[-1,-1],[0,-1],[1,-1],[2,0],[1,1],[1,-1],[0,-1],[-1,-3],[1,-1],[0,-1],[1,1],[1,2],[1,1],[1,-1],[1,0],[0,-2],[0,-2],[-2,-2],[-1,-1],[0,-1],[1,-1],[1,0],[1,0],[0,-1],[0,-1],[-1,-3],[-2,-1],[-1,-2],[0,-2],[0,-3],[3,-4],[0,-2],[0,-8],[1,-1],[1,-3],[0,-5],[-1,-2],[-4,-4],[-1,-3],[-2,0],[-2,0],[0,-1],[2,-2],[0,-1],[-2,-2],[-1,0],[-1,-1],[1,-3],[1,-5],[2,-2],[1,-2],[0,-1],[-1,-2],[0,-2],[2,-15],[0,-1],[0,-4],[0,-1],[1,-2],[0,-1],[1,-1],[3,0],[2,-2],[0,-2],[1,-3],[3,-8],[1,-7],[1,-3],[2,-3],[2,-4],[0,-2],[1,-8],[0,-7],[0,-7],[0,-5],[1,-3],[5,-11],[1,-1],[3,-1],[1,-2],[0,-3],[-2,-2],[0,-3],[-1,-2],[0,-1],[0,-1],[1,-1],[1,0],[1,-1],[-1,-1],[-1,0],[-1,0],[0,-2],[0,-1],[3,-3],[1,1],[1,2],[1,-1],[0,-1],[-1,-3],[0,-4],[0,-3],[0,-1],[-2,-1],[-4,-5],[0,-1],[1,-2],[0,-2],[-1,-2],[-1,-2],[-1,-1],[-2,0],[-3,-1],[-3,-3],[-4,0],[-1,-1],[-1,0],[-2,-3],[0,-1],[1,-3],[-1,-2],[-2,-5],[-2,-3],[-3,-5],[-2,-3],[-1,-2],[0,-2],[-2,-5],[-3,-9],[-1,-4],[1,-2],[1,-2],[3,-4],[1,-1],[0,-2],[0,-2],[0,-2],[-1,-2],[-2,-1],[0,-1],[0,-3],[2,-10],[2,-4],[2,-2],[0,-1],[0,-3],[1,-1],[1,0],[2,0],[1,0],[1,-1],[3,-1],[0,-1],[-1,-7],[-1,-5],[-5,-7],[-1,0],[-1,-1],[-2,-1],[-1,0],[0,-2],[0,-2],[0,-3],[2,-5],[3,-6],[0,-1],[1,-6],[-1,-3],[0,-1],[-3,-4],[-3,-2],[-2,-3],[-2,-2],[0,-2],[0,-3],[0,-1],[-4,-5],[-1,-2],[0,-2],[1,-2],[2,-2],[1,-1],[0,-2],[0,-2],[-1,-2],[-1,0],[-3,1],[-1,2],[-1,1],[-2,-2],[-1,-4],[-1,-5],[0,-2],[-1,-2],[0,-1],[2,1]],[[5444,4047],[0,-23],[-3,-118],[0,-1],[-1,-121]],[[7328,3635],[2,6],[1,3],[1,4],[2,6],[4,7],[1,4],[2,7],[0,4],[1,5],[1,8],[1,2],[5,9],[1,4],[0,4],[0,2],[0,5],[0,4],[0,2],[1,3],[1,2],[1,2],[2,1],[3,0],[3,0],[1,0],[4,5],[2,2],[5,2],[3,3],[11,16],[6,11],[4,8],[3,14],[2,12],[2,10],[0,4],[0,5],[-1,9],[-1,11],[3,15],[2,6],[7,12],[4,6],[4,8],[4,4],[4,4],[1,0],[4,0],[2,0],[10,11],[4,1],[4,1],[8,4],[4,7],[5,9],[3,5],[2,5],[3,5],[1,5],[2,7],[2,11],[1,5],[1,8],[1,20],[1,7],[1,8],[1,7],[0,6],[-1,6],[-1,5],[-1,15],[-2,6],[0,3],[2,8],[0,5],[-1,9],[-2,10],[-3,15],[-1,8],[-1,6],[-1,3],[-1,4],[-3,6],[0,2],[2,6],[1,3],[0,3],[0,4],[0,4],[-1,13],[-3,9],[0,6],[0,6],[2,12],[1,4],[4,14],[2,11],[3,18],[9,41],[2,9],[1,12],[1,19],[0,12],[0,4],[-2,0],[-1,2],[0,1],[1,2],[-1,1],[-1,3],[-1,4],[-1,4],[0,2],[1,2],[1,0],[1,-1],[1,-1],[0,2],[-1,2],[-1,2],[-2,1],[-2,1],[-4,1]],[[8027,4478],[-5,-22],[-1,-3],[-6,-34],[-1,-3],[-1,-4],[-14,-66],[-1,-5],[-16,-79],[-52,-245],[-67,-322],[-17,-84],[-3,-14],[-11,-52],[0,-3],[14,-78]],[[7492,738],[-1,31],[28,42],[12,58]],[[7531,869],[1,0],[6,7],[55,56],[108,111]],[[7701,1043],[226,84]],[[7927,1127],[3,-121],[1,-12],[-1,-1],[0,3],[-1,1],[-1,1],[-2,2],[-2,3],[-3,4],[-1,1],[-2,1],[-2,1],[-2,1],[-1,0],[-1,-1],[-1,0],[-2,-1],[-1,-1],[-2,0],[-3,1],[-2,2],[-5,2],[-3,2],[-2,-2],[-2,0],[-2,1],[-5,2],[-4,3],[-3,2],[-3,3],[-3,1],[-3,2],[-4,4],[-1,2],[0,1],[-2,-1],[-2,-1],[-1,-1],[-1,-4],[-3,-3],[-1,-1],[-1,-2],[0,-2],[0,-6],[-2,-12],[-1,-7],[-1,-5],[0,-4],[-1,-2],[0,-1],[1,-1],[2,-2],[5,-5],[1,-1],[1,-5],[2,-4],[0,2],[1,-2],[0,-4],[2,-7],[3,-10],[2,-4],[2,-6],[0,1],[2,-3],[1,-2],[2,-48],[11,-20],[4,-1],[0,-1],[2,0],[0,-1],[-2,-16],[1,-5],[3,-8],[2,-4],[2,-7],[1,-8],[2,-5],[1,-17],[0,-2],[1,-10],[2,-16],[0,-6],[3,-18],[6,-57],[0,-2],[0,-2],[1,-4],[6,-56],[3,-31],[2,-10],[5,-46],[0,-8],[1,-6],[2,-17],[6,-64],[1,-7],[0,-4],[-2,-6],[0,-2],[1,-7],[-1,-1],[0,-2],[0,-5],[2,-6],[-2,1],[-1,0],[1,-36],[1,-27],[0,-10],[0,-7],[0,-7],[0,-4],[1,-12],[-1,-19],[-1,-108],[0,-39]],[[7936,125],[-20,-5],[-31,-13],[-26,-12],[-39,6],[-44,12],[-90,13],[-102,0],[-79,-2]],[[7505,124],[5,24],[4,12],[5,12],[3,51],[0,15],[4,6],[6,7],[4,3],[9,1],[0,1],[-1,1],[0,4],[0,3],[0,10],[0,2],[-1,3],[-2,1],[-4,7],[1,0],[-1,3],[-3,7],[-1,-1],[0,1],[-1,0],[-9,-5],[0,1],[-7,2],[-5,7],[-2,0],[0,1],[-1,12],[0,11],[25,18],[2,1],[2,8],[1,1],[1,0],[1,-1],[0,-1],[-1,-2],[-1,-2],[0,-1],[1,0],[1,0],[1,1],[1,1],[-1,3],[-1,4],[-1,3],[1,0],[-1,2],[0,3],[1,8],[-1,4],[1,0],[2,0],[1,0],[5,4],[3,0],[5,3],[2,1],[1,2],[1,1],[0,1],[0,3],[-1,6],[0,3],[-1,2],[-2,5],[0,2],[1,0],[0,2],[0,1],[-1,1],[0,3],[1,9],[-1,3],[1,6],[2,8],[0,5],[0,5],[0,3],[0,4],[0,5],[0,3],[0,1],[0,2],[-1,13],[1,1],[1,6],[-1,6],[0,8],[-1,10],[-3,19],[-1,6],[6,5],[9,4],[3,1],[6,1],[4,2],[5,15],[4,8],[0,2],[0,4],[-1,21],[-1,4],[-1,2],[-3,3],[-9,10],[-5,5],[-5,6],[-1,1],[-2,2],[0,1],[-1,0],[-6,7],[-13,14],[-1,1],[-5,5],[-4,5],[0,-1],[1,-2],[0,-1],[-1,0],[-1,4],[-4,5],[-7,13],[-10,18],[-13,22],[-6,12]],[[7238,1860],[10,2],[28,5],[6,2],[45,8],[8,1],[15,3],[3,0],[3,1],[5,1],[5,1],[6,1],[23,4],[28,5],[2,0],[45,8],[11,2],[10,2],[123,22],[26,5],[28,5],[56,9],[23,5],[39,7]],[[7786,1959],[-5,-91],[-1,-52],[-2,-14],[48,-100],[38,-82],[-5,-4],[-2,-2],[-32,-25],[-12,-10],[-16,-12],[-66,-53],[-10,-8],[-4,-4],[-31,-24],[-5,-4],[-6,-5],[-5,-3],[0,-1],[-18,-14],[-5,-4],[-12,-9],[-14,-12],[-24,-21],[-6,-4],[-4,-3],[-2,-2],[-28,-23],[5,-14],[6,-9],[17,-39],[13,-28],[3,-6],[13,-27],[4,-7],[10,-22],[0,-2],[1,-1],[9,-21],[5,-8],[3,-6],[1,-3],[1,-2],[-1,-7],[-6,-19],[2,-7],[-1,-6],[3,-8],[-3,-6],[4,-8],[55,-74]],[[7531,869],[-41,19],[-20,9],[-10,4],[-12,6],[-2,1],[-3,1],[-6,3],[0,-2],[0,-1],[-1,-1],[0,1],[-5,2],[-2,2],[-11,5],[-1,8],[0,2],[0,2],[-2,5],[0,5],[-5,0],[0,3],[-6,4],[-2,-2],[-1,1],[-2,2],[2,3],[1,2],[-1,-1],[-1,1],[-2,-2],[0,-2],[1,-1],[0,-1],[0,-1],[-1,0],[-1,-2],[-1,1],[0,-3],[-1,0],[-1,-1],[1,0],[0,-4],[-1,-1],[-1,0],[-1,1],[0,-1],[1,-2],[-1,0],[0,-1],[0,-1],[-1,0],[-3,2],[-3,1],[-2,2],[-2,1],[-13,6],[-4,3],[-2,0],[-1,1],[-2,1],[-9,4],[-5,3],[0,1],[-3,0],[-3,2],[-10,5],[-10,6]],[[7319,970],[0,4],[3,12],[6,36],[4,23],[11,51],[3,15],[3,34]],[[7349,1145],[0,18],[5,38],[0,33],[-1,18],[-4,27],[-1,15],[0,13],[0,20],[0,6],[1,24],[8,78],[0,10],[0,11],[-3,15],[-3,12],[-4,8],[-5,7],[-9,10],[-3,6],[-3,7],[-4,14],[-9,27],[-5,19],[-4,13],[-3,9],[-28,53],[-5,6],[-5,5],[1,12],[-1,6],[-11,13],[-2,7],[0,11],[1,7],[2,8],[3,9],[4,6],[9,14],[12,18],[1,4],[1,3],[0,4],[-1,3],[-3,4],[-8,5],[-12,11],[-3,4],[-6,12],[-7,11],[-4,5],[-3,7],[0,5],[1,4]],[[5444,4047],[4,2],[2,1],[0,1],[2,1],[2,0],[3,-2],[2,-1],[2,0],[4,0],[3,1],[1,1],[2,5],[1,1],[2,2],[1,0],[2,0],[1,-1],[1,-2],[0,-2],[1,-2],[1,-1],[1,-2],[2,0],[0,1],[2,2],[1,4],[1,1],[1,1],[0,3],[1,1],[2,1],[1,0],[0,-1],[1,-1],[1,-2],[0,-4],[2,-2],[1,-2],[1,-1],[2,0],[1,1],[6,3],[12,4],[1,0],[2,-1],[1,-1],[3,-4],[1,-1],[3,-2],[5,-1],[2,1],[2,1],[2,1],[2,3],[1,1],[3,0],[5,4],[4,1],[2,2],[5,1],[4,-1],[2,1],[2,0],[0,1],[2,0],[3,-2],[2,0],[1,1],[1,2],[-1,2],[1,5],[0,2],[0,1],[2,2],[6,5],[2,5],[1,3],[1,1],[3,8],[1,3],[3,1],[3,2],[3,2],[3,1],[2,2],[1,1],[1,4],[0,2],[2,3],[1,0],[3,1],[1,0],[5,6],[2,1],[0,2],[-2,4],[-3,5],[0,1],[0,1],[1,1],[2,1],[2,2],[1,2],[1,2],[0,3],[1,3],[2,2],[4,4],[0,1],[2,1],[2,0],[3,-6],[1,0],[4,1],[1,1],[1,2],[2,2],[1,1],[1,0],[2,-1],[2,-2],[1,-1],[6,-2],[3,-1],[7,2],[3,4],[2,1],[2,1],[3,0],[3,0],[2,-1],[2,0],[4,3],[1,2],[1,3],[0,4],[1,3],[1,2],[1,3],[2,1],[6,0],[5,1],[3,0],[3,0],[1,0],[1,1],[3,4],[-8,-47],[20,20],[17,15],[1,2],[25,23],[5,-9],[26,28],[-6,10],[3,3],[39,45],[43,22],[49,-3],[2,55],[1,-1],[1,-2],[0,-1],[1,-1],[0,-3],[0,-1],[2,0],[1,1],[1,0],[2,-2],[3,-1],[1,-1],[1,0],[2,1],[1,0],[2,0],[1,-2],[1,-2],[0,-2],[-1,-2],[0,-1],[0,-1],[0,-1],[1,-3],[2,-2],[3,-2],[3,-2],[1,0],[1,0],[1,1],[0,1],[1,1],[2,2],[1,2],[0,2],[-1,1],[-1,1],[-1,1],[0,1],[1,1],[3,1],[1,0],[1,-3],[0,-1],[0,-1],[1,0],[3,-2],[2,7],[9,46],[9,2],[10,1],[0,2],[1,1],[1,-17],[29,22],[0,2],[77,58],[37,28],[84,-14],[2,-3],[1,0],[1,0],[1,1],[1,-1],[1,-1],[1,0],[1,2],[0,-1],[1,1],[1,2],[1,0],[1,-1],[0,1],[1,0],[0,2],[2,2],[1,2],[3,3],[1,-1],[2,0],[1,2],[1,0],[0,2],[1,2],[1,0],[1,-1],[4,5],[2,-1],[1,0],[1,1],[1,0],[2,2],[2,1],[2,0],[1,0],[0,-1],[2,1],[1,0],[1,-1],[1,-1],[2,-1],[2,-1],[1,0],[1,0],[0,1],[1,2],[1,2],[2,1],[1,1],[1,1],[2,0],[2,-1],[2,0],[0,-1],[1,-1],[1,0],[1,1],[1,1],[1,0],[0,-2],[1,0],[2,0],[1,-1],[2,1],[4,1],[0,1],[0,1]],[[6325,4495],[28,-50],[88,-155],[157,-109],[63,-44]],[[6661,4137],[19,-13],[-137,-326],[47,-32],[5,-2],[55,-37]],[[6238,3391],[-60,-50],[-22,-17],[-7,-5],[-1,-1],[-13,-10],[-72,-56],[-30,-24],[-73,-59],[-77,-61],[-37,-29],[-66,-53]],[[5780,3026],[-8,-5],[-2,-1],[-2,0],[-4,2],[-3,2],[-1,1],[-2,3],[-1,1],[-1,4],[-1,1],[-2,6],[-1,4],[0,6],[1,12],[0,2],[-1,5],[-1,1],[-1,2],[-2,1],[-3,1],[-1,0],[-1,-1],[-4,-5],[0,-2],[-1,-7],[-2,-8],[-3,-4],[-1,-1],[-2,0],[-3,3],[-1,3],[-2,5],[-1,3],[-3,2],[-4,4],[-6,1],[-2,1],[-5,-1],[-2,-1],[-6,-3],[-1,-1],[-1,-3],[-2,-6],[-3,-6],[-3,-4],[0,-2],[-1,0],[-3,0],[-1,0],[-1,1],[-2,3],[-2,-1],[-1,1],[-4,5],[-3,6],[-2,3],[-3,3],[-2,0],[-1,-1],[-6,-8],[-2,-1],[-2,-1],[-6,-1],[-2,1],[-3,3],[-2,3],[-1,3],[-1,4],[-1,3],[0,3],[1,2],[2,3],[4,4],[1,2],[0,3],[-1,6],[-3,9],[-3,2],[-6,2],[-4,3],[-2,13],[0,9],[6,11],[1,5],[0,6],[-1,2],[-2,7],[-7,18],[-2,6],[0,3],[1,7],[-1,7],[0,8],[-2,5],[-1,4],[0,3],[-4,3],[-3,4],[-3,0],[-3,2],[-2,4],[-1,5],[0,3],[1,9],[-2,3],[-1,2],[-2,0],[-4,-1],[-2,-1],[-2,-2],[0,-3],[1,-6],[-3,-1],[-1,-1],[-4,3],[-4,-1],[-3,3],[-3,4],[-4,5],[0,6],[-2,8],[-3,2],[-4,7],[-3,6],[-1,2],[-5,2],[-4,3],[-4,0],[-4,5],[0,3],[2,7],[1,8],[2,3],[1,4],[0,5],[-2,6],[-1,4],[-1,4],[-3,2],[-4,3],[-4,1],[-5,3],[-8,5]],[[7505,124],[-19,-3],[-52,-21],[-36,-24],[-19,-21],[-9,-3],[-7,-13],[-5,-12],[-79,79],[-116,-36]],[[7326,702],[25,-12],[2,-1],[1,-6],[14,-4],[6,1],[4,2],[-1,1],[0,3],[2,4],[9,15],[14,6],[9,2],[12,2],[5,3],[4,0],[6,2],[7,3],[8,-1],[22,-12],[4,0],[3,1],[1,1],[3,3],[3,6],[3,17]],[[4887,8649],[49,64],[16,87],[8,14],[37,70],[7,13],[21,25],[28,35],[2,3],[36,51],[43,54],[15,16],[40,45],[9,12],[38,52],[94,124],[36,34],[7,8],[31,37],[7,7],[22,27],[13,36],[21,2],[12,14],[16,5],[5,2],[1,11],[14,20],[17,27],[8,-4],[6,-3],[40,45],[-7,23],[30,27],[8,5],[4,3],[14,8],[7,2],[1,0],[1,0],[18,21],[15,2],[13,21],[3,0],[17,0],[11,11],[7,2],[29,22],[32,7],[6,41],[10,6],[3,1],[0,1],[9,6],[15,-4],[11,16],[40,6],[5,9],[1,2],[41,26],[27,26],[3,9],[4,8],[1,0],[0,13],[8,12],[25,13],[31,3],[8,0],[42,-3],[9,21],[16,15],[0,1],[13,3],[14,-2],[5,9],[8,0],[2,2],[10,11],[6,2],[9,7],[10,3],[12,-9],[5,4],[14,2],[2,-8],[9,-14],[12,1],[25,1],[4,-23],[20,-10],[16,0],[7,10]],[[6546,7980],[-45,-8],[-82,-14],[-128,-21],[-14,-2],[-131,-20]],[[5751,7975],[-81,61],[-102,76],[-21,18],[-52,42],[-90,68]],[[2264,5255],[-1,95],[25,-1],[1,89],[29,-1],[2,60],[0,34]],[[2845,4626],[-141,6],[-1,1],[-1,-1],[-1,1],[-3,-1],[-9,1],[-4,-1],[-3,1],[-1,-1],[-1,1],[-9,0],[-38,0],[-2,-100],[-45,0],[-8,1],[0,-2],[-21,1],[-3,-140]],[[2554,4393],[-42,1],[-105,6],[0,56],[0,39],[-43,1],[-29,0],[-5,0],[-4,0],[-14,0],[-1,0],[-104,1],[-54,0],[1,1],[5,6]],[[2159,4504],[0,1],[0,2],[-2,1],[-1,1],[2,4],[-2,5],[1,1],[-1,1],[-1,1],[-1,0],[-1,-1],[-1,-1],[0,-2],[-2,-3],[-1,0],[-1,0],[-1,1],[0,1],[0,2],[0,1],[2,3],[3,5],[0,1],[2,6],[-4,2],[-1,1],[-2,3],[-1,1],[0,1],[-2,-1],[-1,-1],[-2,-3],[-6,-9],[-1,-1],[-1,0],[-1,0],[-1,1],[0,1],[0,3],[0,3],[0,2],[2,4],[4,5],[1,0],[1,1],[1,2],[1,1],[3,1],[1,2],[1,1],[-1,2],[-2,3],[-1,2],[2,9],[0,5],[2,5],[1,4],[10,13],[3,5],[3,2],[2,2],[2,-2],[1,0],[2,-1],[1,0],[1,1],[0,1],[0,1],[0,1],[-2,1],[0,1],[-1,1],[0,2],[0,1],[-2,4],[-1,1],[-2,1],[-1,0],[-2,-1],[-2,-3],[-1,-2],[-3,0],[-4,-3],[-1,0],[-1,1],[-1,1],[-4,6],[-1,3],[0,3],[3,5],[0,1],[4,3],[3,4],[1,2],[2,2],[4,6],[1,2],[1,1],[1,-1],[3,-3],[2,0],[3,1],[2,0],[3,-3],[3,-1],[4,2],[2,0],[2,2],[5,1],[4,4],[3,5],[2,3],[0,1],[0,2],[2,4],[0,1],[-1,2],[-2,4],[-1,0],[-2,0],[-5,1],[-2,1],[-1,0],[-2,-1],[-1,-2],[-2,-3],[-1,-2],[-1,0],[-1,0],[-1,0],[-6,3],[-1,1],[-1,4],[-1,5],[-1,3],[1,1],[0,1],[2,1],[4,2],[5,0],[1,0],[4,4],[1,4],[1,3],[1,3],[1,1],[3,-1],[1,0],[1,-1],[2,-3],[1,0],[4,1],[2,2],[2,3],[1,0],[1,2],[1,4],[1,0],[1,1],[2,-1],[2,-2],[1,0],[1,0],[1,0],[2,3],[1,3],[1,4],[0,4],[-2,10],[1,5],[1,1],[2,3],[4,1],[1,1],[0,1],[1,1],[0,3],[-1,1],[-2,1],[0,2],[0,1],[0,2],[1,1],[2,2],[2,0],[2,0],[1,1],[1,2],[0,3],[-2,8],[0,2],[1,1],[1,2],[5,3],[1,2],[0,1],[0,2],[-3,3],[-1,3],[0,4],[0,2],[1,2],[3,3],[1,2],[0,4],[1,3],[1,2],[1,1],[1,2],[2,0],[1,-1],[2,-3],[1,0],[1,1],[2,6],[1,2],[2,2],[2,1],[0,73],[1,22],[0,16],[0,41],[0,1],[0,33],[0,42],[0,42],[0,6],[0,39],[0,12],[0,16],[1,84],[0,2],[0,1]],[[7239,1867],[-1,-7]],[[7349,1145],[-11,0],[-3,1],[-3,2],[-6,6],[-10,9],[-7,5],[-8,7],[-1,0],[-8,6],[-2,2],[-18,15],[-5,3],[-7,6],[-98,76],[-3,4],[-8,5],[-9,7],[-3,2],[-8,6],[-5,5],[-33,25],[-18,14],[-18,14],[-19,16],[-5,3],[0,1],[-12,9],[-7,5],[-2,1],[-24,19],[-1,0],[-3,3],[-27,19],[-35,25]],[[6922,1466],[4,5],[19,24],[3,3],[35,47],[4,4],[0,2],[7,8],[45,56],[31,39],[3,4],[7,9],[42,53],[60,76],[4,4],[32,40],[1,1],[6,8],[2,2],[4,5],[1,2],[7,9]],[[564,4868],[78,52],[133,87],[24,16],[156,104],[87,100],[31,110],[0,52],[-3,14],[-1,8],[-12,30],[-17,19],[-37,5],[-14,19],[-3,5],[-46,36],[-10,21],[-4,48],[14,28],[8,39],[8,20],[-10,22],[-15,4]],[[1626,5753],[0,-19],[0,-56],[1,-91],[-1,-82],[0,-19],[0,-46],[0,-69],[0,-41],[0,-64]],[[1626,5266],[-28,0],[0,-13],[0,-26],[-2,-153],[31,0],[0,-24],[0,-47],[-1,-111],[1,-63],[2,-97],[-2,-125],[-1,-71]],[[2159,4504],[-2,-2],[-47,1],[-59,0],[-82,0],[-23,1],[-11,0],[-5,0],[-3,0],[-14,0],[-4,0],[-13,0],[-76,-1]],[[1626,5266],[77,1],[121,4],[17,0],[13,-1],[15,0],[11,0],[14,1],[77,1],[79,-1],[11,1],[16,-1],[37,1],[0,-14],[32,0],[0,1],[60,1],[7,0],[0,-4],[38,0],[13,-1]],[[4394,4252],[155,7]],[[4579,3352],[-28,0],[-22,0],[-5,0],[-9,0],[-42,-1],[-74,0],[-114,0],[-8,0],[-123,1],[-50,1],[-49,1],[-6,0],[-7,0],[-1,0],[-2,0],[-1,0],[-25,1]],[[6661,4137],[74,38],[6,3],[1,-3],[3,-4],[2,-1],[3,0],[6,-4],[1,-1],[4,-1],[4,-3],[4,-3],[0,-1],[2,-7],[4,-2],[1,-1],[3,-3],[1,-1],[3,-5],[6,6],[2,0],[3,0],[5,-3],[2,0],[1,0],[2,1],[3,4],[2,1],[3,1],[2,1],[3,0],[1,-1],[7,-7],[5,6],[6,3],[1,2],[4,1],[1,0],[5,-2],[2,-1],[3,1],[5,0],[3,1],[2,0],[1,2],[1,0],[3,0],[3,1],[4,4],[2,4],[2,1],[0,2],[1,3],[1,5],[2,3],[2,3],[2,3],[2,1],[0,1],[2,3],[1,2],[6,1],[3,-1],[3,0],[2,0],[2,0],[0,-1],[1,-2],[2,-2],[-12,69]],[[7927,1127],[53,20],[15,5],[4,2],[124,44],[33,10],[22,10],[3,1],[57,25],[231,99],[246,84],[67,22],[247,84],[193,64],[186,62],[135,43],[75,27],[78,63],[25,11],[88,32],[28,-13],[34,-62],[27,-50],[5,-8],[79,-145],[1,-181],[11,-13],[3,-17],[2,-25],[0,-21],[-7,-27],[-14,-40],[-17,-20],[-37,-38],[-34,-23],[-1,-2],[-3,-2],[-3,-3],[-8,-5],[-10,-6],[-15,-3],[-4,-1],[-4,-1],[-21,-10],[-10,-4],[-5,-2],[-1,-1],[-47,-32],[-37,-26],[-64,-40],[-80,-50],[-169,-106],[-157,-106],[-27,-13],[-240,-125],[-46,-23],[-156,-71],[-99,-58],[-58,-27],[-174,-110],[-15,-7],[-8,-5],[-50,-21],[-16,-6],[-13,-4],[-37,-15],[-156,-79],[-31,-25],[-22,0],[-26,6],[-17,6],[-22,-6],[-44,-18],[-35,-19],[-23,-7]],[[3325,4420],[83,2],[65,1],[1,-48],[30,2],[0,-11],[93,9],[-11,46],[-2,22],[0,26],[1,33],[5,46]],[[3503,3968],[-40,0],[-10,-2],[-26,-1],[-11,-1],[-24,-1],[-2,0],[-24,-2],[-5,-2],[-3,-1],[-10,-4],[-13,1],[-4,137],[-3,120],[-1,82],[0,29],[0,7],[-1,23],[0,16],[-1,51]],[[6260,5256],[30,-15],[37,-19],[74,-39],[3,-1]],[[6404,5182],[-21,-83],[-4,-61],[1,-30],[11,-52],[4,-21],[9,-54],[9,-54],[7,-36],[1,-6],[0,-3],[5,-47],[-11,-28],[-20,-54],[-2,-6],[-15,-38],[-4,-10],[-49,-104]],[[5593,4994],[2,3],[2,6],[1,0],[2,1],[0,2],[-1,3],[1,1],[1,-1],[1,0],[0,1],[1,1],[0,1],[1,0],[0,-2],[0,-1],[2,-1],[1,1],[2,1],[1,2],[0,1],[0,1],[1,1],[2,1],[0,1],[0,4],[1,6],[0,1],[1,0],[0,1],[0,6],[-2,3],[1,2],[2,2],[1,0],[2,-3],[1,0],[1,2],[0,1],[-2,1],[0,2],[0,1],[2,1],[0,1],[-1,1],[1,3],[0,3],[1,2],[1,2],[6,4],[0,-2],[1,0],[1,0],[1,3],[1,4],[1,0],[0,-2],[0,-2],[0,-1],[1,0],[2,1],[0,1],[3,2],[-1,2],[1,2],[0,1],[-1,2],[0,1],[1,0],[1,-1],[2,0],[1,1],[-1,1],[-1,1],[-1,2],[1,1],[3,0],[1,1],[2,1],[1,2],[-1,1],[0,1],[-1,2],[0,1],[0,1],[1,-1],[0,1],[0,2],[0,3],[0,3],[1,1],[2,0],[0,1],[-2,3],[0,2],[-2,1],[0,1],[0,1],[1,1],[0,1],[2,0],[0,1],[0,1],[-2,1],[0,1],[0,1],[0,1],[1,2],[2,-1],[0,1],[-1,1],[-1,1],[0,1],[1,2],[0,1],[1,2],[1,2],[0,2],[-1,1],[0,1],[1,-1],[1,1],[-1,1],[1,2],[0,1],[-1,0],[0,2],[1,1],[-1,2],[0,2],[1,5],[0,1],[1,1],[1,0],[2,-1],[1,1],[2,3],[1,3],[-1,0],[0,-1],[-1,0],[-1,1],[0,1],[-1,0],[-1,-2],[0,2],[0,1],[-2,1],[0,3],[0,1],[-1,1],[0,1],[0,1],[1,1],[-1,1],[0,-1],[-1,0],[0,1],[-1,1],[-1,1],[0,1],[1,2],[3,5],[2,4],[2,2],[-1,1],[1,1],[2,0],[1,1],[1,0],[0,1],[-2,-1],[0,1],[1,2],[1,1],[1,0],[1,2],[-1,0],[0,1],[-1,1],[1,1],[-1,1],[-1,1],[0,1],[1,0],[0,1],[-1,1],[-1,0],[-1,1],[1,4],[-1,4],[1,1],[1,1],[-1,1],[-2,-1],[0,1],[0,2],[-1,0],[-2,0],[-1,1],[-1,0],[1,1],[0,1],[0,2],[1,1],[1,1],[-1,1],[-1,1],[1,0],[0,1],[0,1],[-1,0],[0,1],[1,-1],[1,1],[-1,1],[1,1],[1,-1],[0,1],[0,2],[0,1],[-1,0],[-1,1],[1,1],[1,0],[0,1],[0,1],[-1,1],[-1,0],[0,2],[0,1],[0,-1],[1,2],[1,0],[-1,1],[0,1],[1,0],[1,1],[-1,2],[0,1],[0,1],[1,1],[0,1],[0,1],[-1,0],[0,1],[1,0],[0,1],[0,1],[-1,-1],[0,1],[0,1],[1,0],[-1,1],[1,1],[-1,0],[1,1],[-1,1],[-3,-1],[0,1],[0,1],[1,1],[0,-1],[1,0],[0,2],[-1,0],[0,1],[1,0],[0,1],[0,1],[1,1],[0,1],[0,2],[-1,0],[0,1],[0,1],[-2,-1],[-1,2],[0,3]],[[5653,5275],[0,1],[1,1],[1,1],[0,-1],[1,1],[0,1],[2,3],[0,1],[0,1],[1,2],[1,1],[0,2],[38,4]],[[2554,4393],[0,-16],[-1,-22],[0,-13],[-2,-60],[-1,-37],[-6,0],[-2,-88],[-6,-201],[-2,-58],[-4,-162],[-2,-71],[0,-6],[-1,-29],[-1,-40],[-6,-238]],[[2520,3352],[-33,-1],[-51,0],[-8,0],[-6,0],[-15,0],[-80,0],[-45,1],[-72,0],[-40,1],[-103,2],[-16,1],[-183,-4],[-47,1]],[[5653,5275],[-2,0],[-52,-4],[-16,-1],[-88,-7],[-79,-6],[-2,44],[-6,109],[-70,-2],[-56,-1],[0,32],[-4,88],[-3,52],[0,9],[-2,29],[-1,23],[-9,-1],[-11,0],[-7,-1],[-29,-2],[1,1],[-1,0],[0,1],[0,1],[-2,2],[1,3],[-1,1],[1,1],[-1,2],[0,2],[1,2],[0,2],[-1,2],[-2,2],[0,2],[-1,0],[-1,0],[0,1],[0,1],[0,1],[0,2],[-2,1],[0,2],[-1,0],[0,1],[-1,1],[-1,1],[0,-1],[0,-1],[-1,0],[0,2],[0,1],[0,2],[-1,0],[-1,1],[1,1],[1,2],[1,0],[2,0],[1,0],[0,2],[-1,2],[0,1],[1,2],[2,1],[2,4],[1,0],[0,3],[-1,0],[0,1],[-1,1],[-2,4],[-1,1],[-1,1],[-1,0],[-3,0],[-1,2],[-1,-2],[-1,1],[-1,0],[-2,1],[-1,-1],[-1,1],[-1,0],[-1,1],[-1,0],[-2,3],[1,0],[0,1],[1,0],[0,1],[0,2],[-1,0],[-1,-1],[0,1],[-1,0],[0,-2],[-1,1],[0,1],[1,1],[0,1],[1,1],[0,1],[-1,0],[-1,2],[0,-1],[-1,0],[-1,0],[-1,0],[0,1],[0,1],[0,3],[-1,-1],[-1,-1],[-1,1],[-1,-1],[-1,1],[-2,1],[-1,0],[0,1],[0,1],[-1,0],[0,2],[-2,2],[-3,0],[-1,-2],[-1,1],[0,-1],[1,-1],[0,-1],[-2,0],[-1,0],[0,1],[0,1],[1,1],[0,1],[-2,1],[0,-1],[0,-1],[-1,2],[0,2],[-1,0],[-2,1],[0,2],[-1,1],[0,3],[-1,1],[1,0],[1,-2],[1,1],[1,1],[-1,1],[0,1],[1,0],[0,1],[-2,1],[1,1],[-1,1],[0,1],[0,1],[0,2],[1,2],[-2,0],[0,1],[1,2],[-1,0],[0,2],[0,1],[0,1],[-1,-1],[0,1],[1,1],[0,2],[0,2],[0,3],[0,1],[-1,1],[0,1],[1,0],[1,0],[1,0],[0,2],[0,1],[0,1],[-1,2],[-1,1],[-3,2],[-1,3],[-1,0],[-1,0],[0,1],[0,1],[1,0],[0,1],[-1,0],[0,1],[-1,0],[0,2],[1,0],[0,1],[0,1],[0,3],[-1,1],[-2,-1],[-1,1],[0,1],[-1,-1],[-1,0],[-1,-1],[1,-1],[-1,0],[0,1],[0,1],[-1,2],[-2,3],[-1,1],[-1,1],[0,2],[1,2],[0,1],[1,-1],[0,1],[1,3],[0,1],[0,1],[-2,1],[-1,-1],[-1,0],[-5,-1],[0,1],[0,1],[0,2],[-1,1],[-4,-2],[-1,-1],[-1,1],[-1,0],[-4,0],[0,1],[-1,2],[-1,1],[0,1],[-1,1],[-2,1],[0,2],[2,4],[0,1],[-1,1],[-2,1],[-1,0],[0,-1],[-2,-1],[-2,1],[-1,-2],[-1,0],[0,1],[0,1],[-1,0],[0,-2],[-1,1],[0,2],[0,1],[2,1],[0,1],[-3,1],[-2,-1],[-1,0],[0,1],[0,2],[2,1],[1,2],[1,1],[2,-2],[2,1],[0,1],[0,2],[0,1],[-4,1],[-2,-1],[-1,0],[-2,1],[-1,2],[0,1],[0,1],[0,4],[-1,3],[-1,0],[-2,-1],[-1,-1],[-2,1],[-2,1],[0,1],[0,2],[0,1],[-2,1],[-1,1],[0,1],[0,2],[2,3],[0,1],[-3,1],[-2,-1],[-1,-2],[-2,-4],[-1,0],[-1,0],[-1,0],[-1,1],[-1,1],[-1,-2],[-1,1],[-1,2],[0,5],[1,1],[-1,4],[1,4],[0,1],[-2,1],[-1,1],[0,2],[1,2],[0,1],[0,1],[1,0],[0,1],[0,1],[1,3],[0,1],[-1,0],[-1,0],[-2,1],[-3,-1],[-1,0],[-1,1],[-1,0],[0,2],[0,1],[-1,0],[-1,0],[-1,0],[0,-2],[-1,0],[-1,2],[-1,2],[-4,3],[0,1],[0,1],[1,0],[0,2],[2,1],[0,2],[1,0],[1,0],[-1,4],[-1,2],[-2,0],[-1,0],[-1,2],[-1,1],[-1,-1],[1,-2],[1,-2],[-1,-1],[-1,-5],[0,-1],[-1,0],[0,1],[-3,6],[0,2],[1,1],[0,1],[-1,0],[-1,0],[-2,-1],[0,-2],[-1,0],[-1,0],[0,3],[0,1],[-1,1],[-2,-1],[-1,0],[-1,1],[-1,2],[-1,2],[0,-1],[-1,1],[0,-1],[-1,-2],[-1,-1],[-5,-7],[-1,-1],[-3,-3],[-2,0],[0,-1],[-1,1],[-1,0],[0,2],[0,1],[-1,0],[-1,-1],[-1,-1],[-1,2],[0,2],[-1,0],[-1,0],[0,1],[-2,0],[-1,1],[-1,1],[0,2],[-1,3],[-1,2],[-2,2],[-2,1],[-1,1],[-2,1],[-2,3],[-1,0],[0,1],[-1,2],[-1,-1],[-1,1],[0,1],[-1,0],[-1,0],[0,1],[-2,0],[-2,1],[-1,2],[0,3],[-3,-2],[0,-1],[2,-1],[0,-1],[0,-2],[-1,-3],[-1,-2],[-1,-1],[-2,0],[-4,-1],[-1,-1],[-1,1],[0,-1],[-1,0],[-1,-1],[0,-1],[0,-1],[-1,-3],[-2,-2],[-1,0],[0,-1],[0,-1],[-2,-1],[0,-2],[-1,1],[0,-2],[-1,-1],[-1,0],[-1,2],[-1,0],[1,-1],[0,-1],[-2,-1],[-2,-1],[-1,0],[-3,1],[-1,0],[-1,0],[0,2],[-1,0],[0,1],[-1,0],[-1,0],[-1,0],[-2,0],[-1,0],[-4,1],[-2,1],[-3,0],[-4,-1],[-6,-3],[-2,-1],[-1,0],[-1,1],[-1,-1],[0,-1],[-1,1],[-1,-1],[-4,0],[-3,1],[-2,1],[-1,1],[-3,0],[-1,-1],[-1,-1],[-3,-2],[-3,-2],[-2,-1],[-4,-1],[-3,-1],[0,-1],[0,-2],[-1,-3],[-1,-2],[-1,-2],[-1,0],[-1,-1],[0,-1],[1,-1],[-4,-5],[-4,-2],[-1,-1],[-1,1],[-1,0],[-1,-1],[-2,0],[-3,1],[-2,3],[-1,1],[-1,2],[0,1],[0,2],[-2,2],[0,1],[-1,0],[-3,1],[-2,2],[-1,0],[-1,1],[-1,0],[-1,1],[-2,1]],[[5017,6594],[31,-13],[14,-5],[25,-10],[18,-7],[22,-9],[5,-2],[2,-1],[1,0],[8,-3],[19,-7],[20,-8],[48,-20],[40,-18],[26,-8],[31,25],[36,30],[40,33],[51,42],[26,21],[17,14],[14,11],[56,45],[13,11],[55,44],[1,0],[23,19],[167,135]],[[8044,8966],[0,-2],[-1,-4],[0,-1],[1,-1],[0,-1],[6,-10],[3,-5],[1,-4],[0,-6],[0,-1],[2,-4],[1,-2],[4,-2],[2,-1],[1,-1],[1,-3],[0,-2],[0,-5],[1,-5],[0,-8],[0,-3],[0,-3],[2,-3],[4,-4],[4,-7],[6,-9],[2,-6],[2,-17],[0,-7],[1,-8],[0,-2],[5,-14],[1,-4],[1,-8],[0,-7],[0,-12],[-2,-19],[0,-2],[1,-4],[3,-8],[2,-7],[2,-8],[0,-4],[0,-6],[-3,-21],[-6,-19],[-11,-34],[-1,-4],[-1,-11],[-1,-7],[-3,-13],[-3,-6],[-5,-7],[-12,-15],[-4,-8],[-1,-17],[0,-17],[6,-15],[3,-12],[3,-13],[1,-11],[1,-19],[-1,-13],[0,-20],[3,-19],[2,-12],[5,-18],[5,-17],[2,-13],[-2,-19],[-1,-3],[-4,-14],[-4,-18],[-1,0],[-1,-1],[-2,-1],[0,-2],[-1,-2],[0,-4],[0,-2],[-1,-2],[-2,1],[-4,1],[-2,0],[-2,-3],[-1,-2],[-3,-3],[-1,-2],[-3,-2],[-4,-1],[-2,0],[0,-2],[1,-5],[0,-2],[-2,-1],[-6,-6],[-2,-3],[0,-4],[-1,-4],[-5,-6],[0,-3],[0,-4],[-1,-3],[-2,-3],[0,-2],[-1,-2],[-1,-2],[-3,-3],[0,-2],[0,-2],[0,-3],[0,-2],[0,-2],[-2,-1],[-3,-3],[-3,-2],[-3,-3],[-4,-7],[-1,-2],[-4,-1],[-2,-2],[-3,-2],[-2,-4],[0,-5],[-1,-1],[-2,-1],[-2,0],[-2,-1],[-1,-1],[-1,-2],[0,-7],[1,-9],[0,-5],[0,-3],[-1,-2],[-2,-2],[-1,-1],[-2,-1],[-2,-4],[-1,-4],[-1,-4],[0,-3],[1,-4],[1,-1],[1,-3],[0,-2],[-2,-4],[-1,-1],[-1,-4],[-1,-5],[-1,-12],[-1,-4],[-2,-2],[0,-3],[1,-5],[0,-2],[-2,-5],[-6,-11],[-3,-3],[-2,-2],[-4,-9],[-1,-3],[3,-9],[0,-2],[0,-7],[2,-6],[0,-4],[1,-12],[0,-4],[-1,-3],[-2,-7],[-1,-5],[-1,-9],[-1,-4],[-3,-6],[-6,-17],[-7,-20],[-1,-3],[0,-3],[0,-7],[-1,-5],[-1,-9],[-1,-8],[0,-4],[-3,-15],[-2,-10],[-1,-5],[-1,-8],[0,-3],[1,-2],[7,-8],[4,-3],[2,-2],[2,-5],[3,-4],[1,-2],[3,-1],[3,-2],[4,-3],[2,-2],[2,-4],[4,-12],[2,-10],[0,-5],[0,-6],[-2,-10],[0,-6],[-1,-5],[-1,-3],[0,-10],[-2,-9],[-1,-12],[-1,-5],[0,-4],[0,-5],[0,-5],[2,-6],[1,-3],[1,-6],[2,-6],[1,-12],[0,-7],[1,-8],[0,-10],[0,-8],[-2,-12],[-1,-11],[-1,-6],[1,-6],[1,-8],[6,-19],[2,-6],[2,-11],[2,-8],[2,-11],[16,-27],[12,-33],[0,-2],[-1,-2],[-1,-3],[-1,-7],[-4,-11],[0,-4],[-2,-7],[-1,-6],[-1,-2],[1,-5],[2,-4],[8,-10],[1,-2],[1,-3],[-2,-5],[-2,-5],[-1,-3],[-2,-1],[-4,-3],[-3,-2],[-4,-5],[-2,-4],[-1,-3],[-3,-10],[-1,-6],[-1,-3],[1,-5],[2,-4],[1,-3],[5,-5],[5,-6],[1,-3],[2,-5]],[[7993,7339],[-16,-3],[-57,-8]],[[7145,7198],[-2,2],[-1,1],[0,4],[1,3],[1,2],[0,5],[2,8],[0,6],[1,5],[0,4],[0,6],[0,6],[1,5],[1,2],[5,10],[2,4],[0,3],[1,2],[1,3],[0,1],[-1,2],[-1,4],[-1,2],[-2,2],[-1,4],[0,1],[3,3],[1,2],[1,7],[0,3],[0,2],[-9,4],[-4,1],[-7,2],[-8,5],[-10,7],[-6,6],[-2,1],[-2,2],[-1,0],[-1,-1],[-1,-2],[-2,-6],[-1,-1],[-2,0],[-1,0],[-2,1],[-1,1],[-2,2],[-3,-1],[-4,-2],[-1,1],[-2,1],[-2,2],[-4,3],[-2,1],[-7,1],[-2,1],[-2,2],[-2,4],[-1,1],[-3,2],[-7,3],[-3,4],[-1,2],[-1,0],[-1,0],[-3,0],[-2,0],[0,4],[1,7],[-1,6],[-1,2],[-2,3],[-5,3],[-5,1],[-5,0],[-5,-1],[-2,-1],[-5,-6],[-4,0],[-4,2],[-2,-2],[-2,-2],[-4,-2],[-3,-1],[-15,2],[-3,-2],[-2,-2],[-2,-2],[-7,-1],[-2,-2],[-4,-7],[0,-1],[-2,-2],[-4,-9],[-4,-2],[-73,120],[-4,8],[-9,14],[-39,62],[-28,47],[-1,1],[43,41],[12,13],[46,44],[-5,51],[0,6],[-1,8],[0,2],[-26,265]],[[6756,2453],[-2,-1],[-1,-2],[0,-1],[-1,-1],[-2,-1],[-2,0],[-1,-1],[-3,-2],[-2,-1],[-1,2],[0,1],[-1,0],[-1,-3],[-3,-5],[-3,-2],[-3,1],[-1,4],[-1,2],[-1,0],[-1,-5],[0,-1],[1,-2],[0,-1],[-1,0],[-2,-1],[-1,1],[-2,-3],[-1,-1],[0,-2],[0,-1],[0,-2],[0,-3],[0,-1],[-2,-1],[0,-2],[-1,1],[-1,0],[-1,0],[-1,0],[-1,0],[-3,-2],[-1,-3],[-1,0],[-1,-2],[-1,1],[-1,3],[1,1],[0,1],[-1,1],[-1,-1],[0,-2],[-1,-2],[0,-1],[0,-2],[-1,-1],[-1,-1],[1,-1],[2,0],[1,0],[1,-3],[-1,-2],[-2,0],[-4,1],[-1,-1],[-1,-1],[-1,1],[-1,1],[0,2],[-2,1],[-1,-1],[0,-1],[1,-2],[-1,-4],[-1,-2],[0,-1],[0,-1],[0,-2],[-1,-2],[0,-1],[-1,0],[-1,2],[-2,0],[0,-1],[0,-3],[0,-3],[-2,-1],[-5,-1],[-1,-1],[0,-1],[0,-1],[1,-1],[2,-1],[1,0],[0,-1],[0,-1],[-1,0],[-1,1],[-3,-1],[-1,-3],[1,-1],[-1,-1],[-1,1],[-2,-1],[-1,0],[-1,-3],[-1,-3],[0,-2],[1,-3],[1,-3],[-1,-2],[-2,1],[-2,1],[0,-2],[-1,-2],[2,-3],[-1,-2],[-1,0],[-1,0],[-2,1],[-2,0],[-1,0],[-1,0],[0,1],[-1,0],[0,-5],[-1,-1],[0,-1],[1,0],[2,0],[0,-3],[0,-1],[-1,-4],[-2,-2],[-1,-2],[-1,0],[0,-2],[-1,-1],[0,-1],[-2,-1],[-2,-1],[-1,0],[-1,0],[-1,1],[-1,-1],[-1,-2],[0,-2],[1,-1],[0,-1],[-1,0],[-1,-1],[-1,-1],[0,-1],[1,-1],[0,-1],[-1,-1],[-2,-1],[-1,-2],[0,-2],[0,-1],[-2,0],[0,-1],[-1,-2],[-1,0],[-2,0],[-1,0],[0,-1],[0,-4],[1,-3],[-1,-3],[0,-1],[0,-2],[-2,-2],[-1,0],[0,-2],[-1,-2],[-1,-1],[-1,0],[-1,-2],[-2,0],[0,-1],[0,-2],[-1,0],[-1,-1],[-2,-1],[0,-1],[2,-2],[0,-3],[0,-1],[-1,0],[0,-1],[1,0],[1,0],[-1,-1],[0,-1],[-1,0],[0,1],[-1,0],[0,-2],[1,-1],[-1,-2],[-8,0],[-1,1],[0,-1],[-1,0],[-1,0],[0,-1],[-1,1],[-2,-1],[-1,2],[0,-1],[-1,-1],[-2,0],[-1,1],[-1,-1],[-1,0],[-1,1],[0,1],[-1,-1],[-1,1],[-2,-2],[-6,0],[-4,0],[-66,-5],[-4,-2],[-14,-1],[-5,0],[-25,-2],[-196,-12],[-1,-3],[-1,-1],[-1,-1],[-4,0],[-4,-1],[-1,-2],[0,-3],[0,-2],[2,-5],[1,-1],[-1,-3],[0,-3],[1,-1],[1,-2],[2,-1],[1,-2],[1,0],[2,-2],[-1,-3],[0,-2],[1,-2],[1,-2],[1,-4],[-1,-10],[0,-1],[1,-2],[2,-3],[0,-1],[0,-2],[0,-1],[-2,-2],[-1,-1],[-4,-2],[-4,-1],[-1,0],[1,-5],[1,-9],[-1,-3],[-2,-7],[-2,-1],[0,-9],[0,-3],[3,-2],[1,-2],[1,-4],[3,-8],[0,-7],[1,-1],[4,0],[0,-2],[0,-2],[-1,-3],[-1,0],[-2,-1],[-1,-4],[1,-5],[1,-1]],[[6271,2088],[-2,-2],[-2,-2],[-2,0],[-2,0],[-3,1],[-4,2],[-5,3],[-3,1],[-3,-1],[-3,-2],[-6,-5],[-2,-1],[-2,-1],[-2,0],[-2,-1],[-2,0],[-2,1],[-2,2],[-2,2],[-1,4],[-4,11],[-1,5],[0,7],[-1,3],[-1,3],[-5,7],[-2,2],[-2,0],[-4,0],[-2,-1],[-5,-4],[-2,-2],[-4,-6],[-2,-4],[-1,-5],[-1,-2],[-2,-2],[-2,-1],[-2,0],[-5,0],[-1,1],[-2,1],[-2,3],[-3,3],[-3,4],[-3,3],[-3,5],[-1,1],[-7,7],[-2,1],[-3,2],[-5,-1],[-3,0],[-3,-2],[-5,-3],[-4,-2],[-1,0],[-2,-1],[-4,-2],[-8,-2],[-3,-1],[-2,0],[-4,1],[-2,2],[-1,1],[-1,2],[0,3],[1,4],[1,4],[2,4],[5,5],[1,3],[0,2],[-2,7],[-1,1],[-1,2],[-4,3],[-1,1],[-3,0],[-7,2],[-2,2],[-2,1],[-1,8],[0,8],[-1,2],[0,4],[-1,3],[-1,4],[-3,4],[-2,1],[-4,1],[-2,1],[-4,-1],[-2,1],[-4,2],[-7,9],[-2,1],[-9,2],[-4,0],[-1,-1],[-1,-1],[-1,-4],[-1,-1],[-11,-8],[0,-1],[-2,0],[-3,1],[-7,0],[-5,1],[-6,3],[-8,3],[-1,1],[-1,1],[-2,3],[0,3],[-1,5],[0,7],[1,5],[3,11],[0,5],[0,5],[-3,13],[-1,2],[-2,2],[-1,0],[-8,0],[-7,-3],[-2,0],[-1,1],[-1,1],[-1,2],[0,4],[0,3],[2,5],[1,5],[1,2],[0,3],[-1,3],[-3,8],[-2,2],[-2,4],[-3,4],[-7,6],[-2,2],[-3,1],[-3,0],[-2,1],[-2,2],[0,2],[-1,8],[1,3],[1,2],[1,1],[7,3],[1,2],[1,1],[0,2],[-1,3],[-2,8],[0,4],[-8,16],[-3,10],[-2,2],[-1,0],[-2,1],[-1,-1],[-2,1],[-5,5],[-2,3],[-2,3],[-2,6],[-2,3],[-2,15],[-2,5],[-7,10],[-3,2],[-3,2],[-3,3],[-1,2],[-1,1],[-3,6],[-4,10],[-4,6],[-4,6],[-2,2],[0,1],[0,4],[1,1],[3,2],[2,1],[3,1],[5,-2],[1,1],[1,0],[3,2],[0,1],[0,2],[-2,7],[0,2],[0,2],[2,1],[2,1],[3,1],[2,0],[3,-1],[4,-4],[2,-1],[1,0],[1,1],[1,1],[0,3],[0,5],[0,2],[1,3],[0,2],[-1,4],[-2,7],[-3,8],[0,4],[0,4],[0,6],[-1,5],[0,3],[0,3],[1,1],[1,3],[0,1],[-2,5],[0,1],[1,17],[0,6],[-2,8],[-5,13],[-1,0],[-3,1],[-1,2],[-1,2],[-1,4],[1,2],[0,2],[8,9],[1,2],[1,1],[0,3],[0,3],[-1,4],[-1,9],[-2,6],[-3,10],[-4,9],[-9,13],[-1,1],[-1,5],[0,4],[1,4],[1,1],[3,1],[4,0],[11,-3],[2,0],[0,1],[1,3],[1,4],[-1,4],[-2,6],[0,5],[-2,11],[-1,6],[-1,12],[0,3],[3,18],[-1,15],[0,2],[-4,10],[-1,5],[-4,11],[0,1],[-2,1],[-4,4],[-1,0],[-3,1],[-2,1],[-3,2],[-1,1],[-1,3],[-1,2],[-1,0],[-2,0],[-3,-1],[-12,-4],[-4,-2],[-4,0],[-5,1],[-2,1],[-1,1],[-2,4],[-1,3],[0,3],[1,5],[0,7],[0,5],[2,10],[1,3],[2,4],[3,5],[2,4],[3,5],[0,1],[4,2],[2,0],[2,0],[4,-1],[3,-1],[1,1],[3,1],[1,3],[2,2],[2,6],[2,13],[1,4],[0,4],[-1,4],[-1,2],[-1,1],[-3,1],[-2,-1],[-2,0],[-3,-3],[-2,-2],[-1,-2],[-2,0],[-2,-1],[-2,0],[-2,1],[-3,3],[-5,6],[-3,5],[-2,2],[-2,0],[-7,4],[-3,2],[-3,2],[-2,6],[0,4],[0,7],[1,7],[1,6],[0,3],[0,7],[-1,3],[0,3],[-2,2],[-2,2],[-2,1],[-2,0],[-4,-1],[-1,0],[-2,-1],[-2,0],[-4,0],[-1,1],[-5,7],[-4,5],[-1,2],[-1,1],[-1,0],[-3,-1],[-4,-2]],[[2973,6949],[174,0],[0,-2],[156,1],[157,-4],[280,1],[28,120]],[[3768,7065],[20,-406],[7,-140],[7,-135],[5,-69],[3,-63],[0,-9],[3,-68],[1,-5],[1,0],[2,-27],[1,-24],[0,-10],[0,-3],[3,-58],[0,-3],[0,-9],[3,-68],[3,-94],[5,-139],[0,-1],[-1,-2],[0,-4],[-2,-4],[1,-2],[-2,-5],[0,-3],[-4,-2],[-2,-2],[-2,-1],[-2,-3],[-3,-7],[-1,-1],[-1,-2],[0,-9],[1,-5],[-3,-33],[0,-9],[1,-4],[0,-5],[1,-5],[5,-15]],[[2211,5851],[-62,-4],[-22,0],[-65,0],[1,2],[-66,0],[-42,-1],[-27,0],[-19,0],[-34,-1],[-24,0],[-31,0],[-5,0],[-15,0],[-37,-2],[-31,0],[-39,1],[-69,-5]],[[1620,6953],[118,0],[0,-3],[9,0],[147,0],[157,-2],[164,0]],[[7100,5460],[-2,8],[-4,52]],[[7040,6117],[-7,79],[-6,59],[-12,121]],[[7723,6232],[4,-5],[4,-7],[0,-3],[-1,-4],[-1,-3],[-3,-2],[-3,-8],[-3,-16],[-3,-10],[0,-2],[-1,-16],[0,-3],[0,-2],[0,-2],[1,0],[5,2],[1,-1],[3,-4],[3,-5],[2,-2],[2,-9],[0,-5],[0,-3],[-1,-6],[-4,-7],[-1,-2],[-7,-11],[0,-2],[0,-5],[3,-14],[1,-3],[1,-3],[2,-1],[2,0],[1,-2],[2,-2],[2,-5],[2,-5],[1,-6],[1,-3],[1,-3],[1,-2],[0,-5],[1,-7],[1,-5],[1,-3],[0,-2],[-1,-3],[-1,-4],[-2,-5],[-1,-3],[-1,-5],[-2,-12],[0,-4],[0,-3],[4,-3],[0,-3],[0,-3],[0,-2],[1,-3],[1,-2],[0,-3],[-4,-11],[0,-2],[-1,-2],[-2,-2],[-3,-4],[-1,-2],[0,-4],[0,-3],[0,-2],[2,-3],[2,0],[1,0],[1,-1],[1,0],[1,-1],[0,-2],[-1,-3],[0,-3],[0,-1],[3,-6],[1,-3],[0,-3],[1,-4],[0,-3],[-3,-7],[-3,-4],[-3,-6],[-1,-5],[-2,-3],[-2,-5],[0,-4],[0,-7],[2,-7],[1,-4],[3,-3],[0,-2],[1,-1],[-1,-4],[1,-1],[0,-2],[4,-5],[4,-2],[2,-3],[1,-2],[1,-3],[0,-2],[1,-2],[-1,-4],[0,-2],[0,-4],[0,-6],[2,-6],[1,-8],[0,-3],[0,-3],[-1,-4],[-2,-4],[-1,-3],[-1,-5],[-1,-4],[0,-2],[0,-2],[1,-2],[2,-4],[1,-2],[0,-4],[-1,-4],[-1,-2],[-1,-3],[-2,-4],[-3,-7],[0,-7],[0,-3],[1,-8],[3,-10],[1,-4],[0,-3],[-1,-3],[0,-2],[-2,-3],[-1,-2],[-6,-7],[-1,-2],[-1,-13],[-1,-3],[-1,-4],[-3,-8],[-1,-9],[0,-5],[1,-14],[0,-5],[-3,-12],[-2,-11],[-3,-6],[-3,-5],[-2,-3],[-3,-4],[-2,-2],[0,-3],[-2,-2],[-1,-10],[-1,-24],[0,-2],[-1,-1],[-1,-2],[-18,-16],[-2,-1],[-3,-3],[-2,-2],[-1,-2],[-1,-2],[2,-11],[1,-5],[0,-3],[1,-4],[0,-12],[-1,-5],[0,-3],[-2,-9],[-2,-4],[-2,-4],[-2,-3]],[[6886,5109],[-32,-28],[-13,0],[-32,0],[-62,-9],[-64,-10],[-37,-4],[-50,33],[-74,48],[-3,2],[-7,5],[-40,12],[-5,2],[-16,6],[-47,16]],[[7804,2313],[-3,-60],[-2,-49],[-1,-21],[-1,-48],[-2,-32],[-5,-61],[-1,-26],[-1,-35],[-2,-22]],[[7239,1867],[22,43],[3,9],[2,6],[0,3],[1,19],[0,7],[1,7],[2,10],[1,5],[1,5],[3,8],[2,15],[2,7],[3,7],[0,3],[-1,4],[-1,2],[-1,2],[-2,1],[-4,2],[-3,0],[-3,2],[-2,2],[-1,3],[-1,2],[0,2],[0,4],[0,6],[-1,2],[0,3],[-2,4],[-1,5],[-1,4],[-2,6],[-4,6],[-2,4],[-2,7],[-1,3],[-8,21]],[[4379,4728],[-8,236],[-3,90]],[[4842,5097],[2,-38],[2,-43],[4,-67]],[[6922,1466],[-12,10],[-7,5],[-65,51],[-24,21],[-63,51],[-9,8],[-99,86],[-53,42],[-135,111],[-21,17],[-10,9],[-11,8],[-12,10],[-46,36],[-9,8],[-2,0],[1,1],[2,2],[4,3],[1,3],[1,5],[-1,5],[-1,3],[-5,7],[-3,2],[-8,8],[-6,8],[-3,7],[-2,11],[-1,6],[-4,6],[-6,5],[-7,1],[-5,1],[-4,3],[-3,3],[-3,6],[-3,9],[-1,6],[0,5],[1,3],[3,4],[2,8],[3,13],[0,7],[-1,3],[-2,4],[-2,3],[-3,1],[-3,-1],[-9,-6],[-4,-5],[-1,-1]],[[7299,892],[5,14],[11,49],[1,6],[1,3],[1,6],[1,0]],[[3768,7065],[24,53]],[[3325,4420],[0,49],[-9,5],[-1,-3],[-3,-6],[-5,-7],[-2,-1],[0,-1],[-2,-2],[-3,-4],[-4,-3],[-5,-2],[-6,-1],[-2,0],[-4,0],[-2,2],[-2,4],[-2,4],[-1,2],[0,10],[-1,7],[1,9],[0,8],[3,24],[0,13],[0,6],[-3,24],[0,9],[0,9],[1,13],[2,11],[4,26],[-60,0],[-52,0],[-50,-1],[-117,0]],[[3502,3357],[-50,-1],[-4,0],[-14,0],[-14,-1],[-9,1],[-31,0],[-79,-3],[-56,0],[-34,1],[-63,0],[-15,0],[-56,0],[-65,1],[-22,-1],[-26,1],[-137,0],[-100,-2],[-86,0],[-43,0],[-25,-1],[-44,0],[-9,0]],[[7993,7339],[1,-3],[1,-5],[1,-10],[0,-3],[2,-2],[6,-6],[5,-6],[3,-3],[3,-3],[5,-8],[0,-2],[3,-16],[1,-4],[5,-8],[0,-3],[-1,-3],[-2,-7],[-2,-5],[-6,-14],[-1,-3],[-3,-8],[-3,-6],[0,-1],[-1,0],[-1,-5],[-2,-4],[-2,-3],[0,-1],[-1,-4],[0,-15],[1,-4],[-1,-2],[1,-9],[-1,-7],[-9,-17],[-2,-3],[-3,-3],[-1,-2],[-4,-6],[-3,-6],[-1,-5],[-1,-1],[-2,-5],[-2,-4],[-1,-6],[-1,-3],[-1,-2],[-2,-3],[-2,-2],[-4,-3],[-2,-2],[-2,-5],[0,-4],[0,-2],[1,-2],[1,-4],[-1,-7],[-4,-20],[-1,-6],[-2,-7],[-3,-11],[-2,-4],[-1,-3],[-1,-3],[0,-5],[0,-3],[0,-2],[-4,-10],[-1,-1],[-6,-4],[-1,-3],[-2,-4],[0,-4],[-3,-9],[1,-2],[0,-3],[2,-2],[10,-22],[1,-2],[0,-2],[0,-2],[-7,-18],[-1,-3],[3,-10],[0,-5],[0,-3],[-1,-3],[-3,-6],[-2,-8],[-5,-10],[-1,-5],[1,-3],[1,-4],[1,-3],[3,-2],[6,-2],[2,-1],[2,-5],[2,-3],[11,-11],[1,-1],[2,-3],[2,-2],[1,0],[2,-1],[5,-4],[1,0],[2,0],[0,1],[0,3],[1,0],[2,0],[1,0],[1,1],[0,1],[-1,4],[0,1],[2,3],[1,1],[3,0],[2,0],[1,1],[1,0],[1,4],[1,5],[-1,3],[-2,3],[0,3],[2,3],[1,2],[0,1],[0,1],[0,1],[-2,1],[-2,2],[-1,2],[0,3],[1,2],[1,0],[2,-1],[1,1],[1,1],[0,2],[-1,3],[0,3],[-1,3],[0,1],[2,2],[1,0],[1,-1],[1,0],[3,1],[0,1],[-1,2],[0,1],[1,1],[5,6],[0,1],[1,2],[0,3],[-1,3],[-1,1],[-3,2],[0,1],[1,1],[1,1],[1,0],[0,2],[-1,0],[-2,2],[0,1],[1,2],[1,3],[2,3],[2,5],[2,2],[0,1],[-1,1],[-1,3],[-1,3],[0,2],[0,2],[1,0],[3,0],[1,0],[1,-2],[1,-1],[1,0],[3,1],[5,2],[1,1],[0,1],[2,1],[3,0],[1,0],[2,-4],[1,-4],[2,-2],[1,0],[1,0],[1,2],[1,4],[2,4],[1,1],[2,0],[1,-1],[0,-3],[2,0],[3,2],[0,1],[1,1],[1,0],[3,1],[0,2],[2,-2],[1,-2],[1,0],[4,0],[1,0],[1,1],[2,2],[1,0],[2,0],[2,0],[1,0],[0,1],[2,1],[1,-2],[0,-1],[2,-1],[3,-2],[0,-2],[3,-1],[1,0],[3,7],[0,1],[1,1],[3,-3],[2,-3],[1,-3],[0,-2],[-1,-5],[0,-1],[0,-2],[2,-3],[1,-1],[0,-1],[-1,-2],[0,-1],[0,-2],[0,-4],[-1,-3],[-1,-1],[0,-2],[0,-1],[0,-1],[1,-1],[0,1],[1,2],[1,0],[1,0],[2,-1],[0,-2],[2,-1],[0,-3],[1,-1],[1,-2],[1,-2],[0,-2],[1,-1],[1,-3],[0,-1],[0,-1],[0,-2],[2,-2],[0,-1],[-2,-2],[0,-3],[0,-1],[0,-2],[-1,-7],[-1,-1],[-2,-7],[-2,-3],[2,-2],[2,-2],[2,-1],[0,-1],[-2,-5],[-2,-2],[-2,-4],[0,-1],[2,-1],[0,-4],[0,-1],[1,1],[1,2],[-1,1],[1,0],[2,0],[1,0],[1,-1],[1,-1],[1,2],[2,1],[2,0],[1,1],[2,-3],[2,0],[1,-1],[0,-5],[0,-2],[0,-2],[1,0],[1,2],[1,-1],[1,2],[1,-1],[1,0],[0,-2],[3,-2],[3,0],[1,-1],[1,-1],[1,1],[2,0],[-1,-1],[0,-1],[1,0],[0,-1],[-1,0],[-1,0],[0,-2],[1,0],[1,0],[0,-1],[0,-1],[1,0],[0,1],[0,1],[3,-1],[0,-1],[0,-1],[0,-1],[1,-1],[1,0],[1,0],[0,-3],[0,-1],[1,0],[1,2],[2,-4],[1,-1],[0,-3],[3,-2],[0,-2],[0,-3],[2,-3],[2,-3],[0,-1],[-2,-1],[-1,-1],[4,-1],[4,-3],[0,-2],[0,-1],[-1,0],[0,-2],[1,0],[0,-1],[-2,-1],[0,-1],[0,-1],[0,-1],[1,-1],[0,-1],[-1,-1],[0,-1],[1,-1],[0,-1],[-1,-1],[2,-1],[1,-1],[-1,-1],[-1,1],[-1,-1],[0,-3],[1,-1],[2,0],[1,-2],[1,-2],[-1,-2],[1,-1],[1,-1],[1,-1],[1,-8],[1,-1],[1,1],[1,-1],[-1,-1],[-1,0],[0,-1],[1,-1],[0,-1],[1,-1],[0,-1],[-2,-3],[0,-1],[1,-2],[0,-2],[-2,-2],[-2,-2],[-2,-2],[0,-2],[-1,-4],[1,-3],[0,-1],[-1,-1],[0,-3],[1,-1],[0,-4],[-1,-2],[0,-1],[1,0],[0,-1],[0,-1],[0,-15],[-1,-34],[-1,-48],[-5,-211],[0,-10],[0,-15],[-1,-2],[0,-3],[0,-8],[0,-4],[0,-3],[0,-8],[-4,-200],[-3,-65],[0,-31],[-8,-266],[-6,-132],[-2,-79],[0,-10],[-1,-30],[-1,-38],[0,-3],[-1,-32],[0,-11]]],"transform":{"scale":[0.0007985897589758982,0.0004538919891989198],"translate":[-79.76259,40.477399]}}