{"type":"Topology","objects":{"Alabama.geo":{"type":"GeometryCollection","geometries":[{"type":"Polygon","properties":{"name":"Lauderdale","fips":"01077"},"id":"Lauderdale","arcs":[[0,1,2,3]]},{"type":"Polygon","properties":{"name":"Limestone","fips":"01083"},"id":"Limestone","arcs":[[-4,4,5,6,7]]},{"type":"Polygon","properties":{"name":"Madison","fips":"01089"},"id":"Madison","arcs":[[-6,8,9,10,11]]},{"type":"Polygon","properties":{"name":"Jackson","fips":"01071"},"id":"Jackson","arcs":[[12,13,14,-10]]},{"type":"Polygon","properties":{"name":"Colbert","fips":"01033"},"id":"Colbert","arcs":[[15,16,17,-2]]},{"type":"Polygon","properties":{"name":"DeKalb","fips":"01049"},"id":"DeKalb","arcs":[[18,19,20,-14,21]]},{"type":"Polygon","properties":{"name":"Lawrence","fips":"01079"},"id":"Lawrence","arcs":[[22,-16,-1,-8,23,24,25]]},{"type":"Polygon","properties":{"name":"Morgan","fips":"01103"},"id":"Morgan","arcs":[[26,27,-24,-7,-12]]},{"type":"Polygon","properties":{"name":"Marshall","fips":"01095"},"id":"Marshall","arcs":[[-21,28,29,30,-27,-11,-15]]},{"type":"Polygon","properties":{"name":"Franklin","fips":"01059"},"id":"Franklin","arcs":[[31,32,33,-17,-23]]},{"type":"Polygon","properties":{"name":"Cherokee","fips":"01019"},"id":"Cherokee","arcs":[[34,35,36,-19,37]]},{"type":"Polygon","properties":{"name":"Marion","fips":"01093"},"id":"Marion","arcs":[[38,39,-33,40,41,42]]},{"type":"Polygon","properties":{"name":"Cullman","fips":"01043"},"id":"Cullman","arcs":[[43,-25,-28,-31,44,45]]},{"type":"Polygon","properties":{"name":"Winston","fips":"01133"},"id":"Winston","arcs":[[46,-41,-32,-26,-44]]},{"type":"Polygon","properties":{"name":"Blount","fips":"01009"},"id":"Blount","arcs":[[-45,-30,47,48,49,50]]},{"type":"Polygon","properties":{"name":"Etowah","fips":"01055"},"id":"Etowah","arcs":[[-29,-20,-37,51,52,-48]]},{"type":"Polygon","properties":{"name":"Lamar","fips":"01075"},"id":"Lamar","arcs":[[53,54,55,-39]]},{"type":"Polygon","properties":{"name":"Walker","fips":"01127"},"id":"Walker","arcs":[[56,-42,-47,-46,-51,57,58]]},{"type":"Polygon","properties":{"name":"St. Clair","fips":"01115"},"id":"St. Clair","arcs":[[59,-49,-53,60,61,62]]},{"type":"Polygon","properties":{"name":"Calhoun","fips":"01015"},"id":"Calhoun","arcs":[[63,-61,-52,-36,64]]},{"type":"Polygon","properties":{"name":"Cleburne","fips":"01029"},"id":"Cleburne","arcs":[[65,66,67,-65,-35,68]]},{"type":"Polygon","properties":{"name":"Fayette","fips":"01057"},"id":"Fayette","arcs":[[69,-54,-43,-57,70]]},{"type":"Polygon","properties":{"name":"Jefferson","fips":"01073"},"id":"Jefferson","arcs":[[71,-58,-50,-60,72,73]]},{"type":"Polygon","properties":{"name":"Talladega","fips":"01121"},"id":"Talladega","arcs":[[74,-62,-64,-68,75,76]]},{"type":"Polygon","properties":{"name":"Tuscaloosa","fips":"01125"},"id":"Tuscaloosa","arcs":[[77,-71,-59,-72,78,79,80]]},{"type":"Polygon","properties":{"name":"Shelby","fips":"01117"},"id":"Shelby","arcs":[[-73,-63,-75,81,82,83]]},{"type":"Polygon","properties":{"name":"Pickens","fips":"01107"},"id":"Pickens","arcs":[[84,85,86,-55,-70,-78]]},{"type":"Polygon","properties":{"name":"Randolph","fips":"01111"},"id":"Randolph","arcs":[[-66,87,88,89,90]]},{"type":"Polygon","properties":{"name":"Clay","fips":"01027"},"id":"Clay","arcs":[[91,-76,-67,-91,92]]},{"type":"Polygon","properties":{"name":"Bibb","fips":"01007"},"id":"Bibb","arcs":[[-79,-74,-84,93,94,95]]},{"type":"Polygon","properties":{"name":"Greene","fips":"01063"},"id":"Greene","arcs":[[96,97,98,-85,-81]]},{"type":"Polygon","properties":{"name":"Chambers","fips":"01017"},"id":"Chambers","arcs":[[99,-89,100,101]]},{"type":"Polygon","properties":{"name":"Tallapoosa","fips":"01123"},"id":"Tallapoosa","arcs":[[102,103,104,105,-93,-90,-100]]},{"type":"Polygon","properties":{"name":"Coosa","fips":"01037"},"id":"Coosa","arcs":[[-82,-77,-92,-106,106,107]]},{"type":"Polygon","properties":{"name":"Chilton","fips":"01021"},"id":"Chilton","arcs":[[108,-94,-83,-108,109,110,111]]},{"type":"Polygon","properties":{"name":"Hale","fips":"01065"},"id":"Hale","arcs":[[112,113,-97,-80,-96]]},{"type":"Polygon","properties":{"name":"Sumter","fips":"01119"},"id":"Sumter","arcs":[[114,115,-86,-99,116]]},{"type":"Polygon","properties":{"name":"Perry","fips":"01105"},"id":"Perry","arcs":[[117,-113,-95,-109,118]]},{"type":"Polygon","properties":{"name":"Elmore","fips":"01051"},"id":"Elmore","arcs":[[119,120,121,-110,-107,-105]]},{"type":"Polygon","properties":{"name":"Lee","fips":"01081"},"id":"Lee","arcs":[[122,123,-103,-102,124]]},{"type":"Polygon","properties":{"name":"Autauga","fips":"01001"},"id":"Autauga","arcs":[[125,-111,-122,126,127]]},{"type":"Polygon","properties":{"name":"Dallas","fips":"01047"},"id":"Dallas","arcs":[[128,-119,-112,-126,129,130]]},{"type":"Polygon","properties":{"name":"Macon","fips":"01087"},"id":"Macon","arcs":[[131,-120,-104,-124,132,133]]},{"type":"Polygon","properties":{"name":"Marengo","fips":"01091"},"id":"Marengo","arcs":[[134,135,-117,-98,-114,-118,-129,136]]},{"type":"Polygon","properties":{"name":"Russell","fips":"01113"},"id":"Russell","arcs":[[-133,-123,137,138,139]]},{"type":"Polygon","properties":{"name":"Montgomery","fips":"01101"},"id":"Montgomery","arcs":[[140,141,142,-127,-121,-132,143]]},{"type":"Polygon","properties":{"name":"Lowndes","fips":"01085"},"id":"Lowndes","arcs":[[144,145,-130,-128,-143,146]]},{"type":"Polygon","properties":{"name":"Choctaw","fips":"01023"},"id":"Choctaw","arcs":[[147,-115,-136,148,149]]},{"type":"Polygon","properties":{"name":"Bullock","fips":"01011"},"id":"Bullock","arcs":[[150,151,-144,-134,-140]]},{"type":"Polygon","properties":{"name":"Wilcox","fips":"01131"},"id":"Wilcox","arcs":[[152,153,-137,-131,-146,154]]},{"type":"Polygon","properties":{"name":"Barbour","fips":"01005"},"id":"Barbour","arcs":[[155,-151,-139,156,157,158]]},{"type":"Polygon","properties":{"name":"Pike","fips":"01109"},"id":"Pike","arcs":[[-141,-152,-156,159,160,161]]},{"type":"Polygon","properties":{"name":"Crenshaw","fips":"01041"},"id":"Crenshaw","arcs":[[-147,-142,-162,162,163,164]]},{"type":"Polygon","properties":{"name":"Clarke","fips":"01025"},"id":"Clarke","arcs":[[165,166,-149,-135,-154,167]]},{"type":"Polygon","properties":{"name":"Butler","fips":"01013"},"id":"Butler","arcs":[[-165,168,169,170,-155,-145]]},{"type":"Polygon","properties":{"name":"Monroe","fips":"01099"},"id":"Monroe","arcs":[[171,172,-168,-153,-171,173]]},{"type":"Polygon","properties":{"name":"Henry","fips":"01067"},"id":"Henry","arcs":[[174,-158,175,176]]},{"type":"Polygon","properties":{"name":"Conecuh","fips":"01035"},"id":"Conecuh","arcs":[[177,-174,-170,178]]},{"type":"Polygon","properties":{"name":"Washington","fips":"01129"},"id":"Washington","arcs":[[179,180,-150,-167,181]]},{"type":"Polygon","properties":{"name":"Coffee","fips":"01031"},"id":"Coffee","arcs":[[182,183,-163,-161,184]]},{"type":"Polygon","properties":{"name":"Dale","fips":"01045"},"id":"Dale","arcs":[[-185,-160,-159,-175,185,186]]},{"type":"Polygon","properties":{"name":"Covington","fips":"01039"},"id":"Covington","arcs":[[187,188,189,-179,-169,-164,-184]]},{"type":"Polygon","properties":{"name":"Houston","fips":"01069"},"id":"Houston","arcs":[[190,-186,-177,191]]},{"type":"Polygon","properties":{"name":"Baldwin","fips":"01003"},"id":"Baldwin","arcs":[[-182,-166,-173,192,193,194]]},{"type":"Polygon","properties":{"name":"Escambia","fips":"01053"},"id":"Escambia","arcs":[[-193,-172,-178,-190,195]]},{"type":"Polygon","properties":{"name":"Geneva","fips":"01061"},"id":"Geneva","arcs":[[-183,-187,-191,196,-188]]},{"type":"Polygon","properties":{"name":"Mobile","fips":"01097"},"id":"Mobile","arcs":[[-180,-195,197]]}]}},"arcs":[[[3405,9460],[-45,-20],[-51,6],[-161,117],[-110,4],[-110,-34]],[[2928,9533],[-248,69],[-110,-3],[-419,-106],[-173,-71],[-122,0],[-139,45],[-174,113],[-52,92],[-58,53],[-190,48],[-174,-26]],[[1069,9747],[-52,9],[-95,64],[-143,155],[-2,19],[583,5],[1057,-11],[1076,-7],[42,1]],[[3535,9982],[-20,-392],[-77,-57],[-64,-22],[31,-51]],[[3535,9982],[1046,-20],[142,-3]],[[4723,9959],[-16,-914]],[[4707,9045],[-122,1],[-267,66],[-258,124],[-107,18],[-112,54]],[[3841,9308],[-120,87],[-172,80],[-114,3],[-30,-18]],[[4723,9959],[1311,-3],[27,0]],[[6061,9956],[-29,-45],[55,-32],[134,-31],[12,-18],[-62,-21],[-73,28],[-83,-10],[7,-60],[-62,-31],[-15,-33],[-3,-33],[42,-69],[-15,-157],[-39,-29],[-1,-213],[81,-58]],[[6010,9144],[16,-29],[52,-3],[-50,-43],[36,-17],[-11,-54],[-76,-50],[-52,18],[-30,-15],[-56,12],[-4,-26],[-90,-44],[-146,-25],[-78,6],[-111,51],[-27,100]],[[5383,9025],[-48,47],[-109,31],[-53,-21],[-57,-57],[-53,5],[-27,54],[-55,21],[-66,-5],[-117,-64],[-91,9]],[[6061,9956],[1212,-6],[729,-5],[72,-267]],[[8074,9678],[-68,-27],[-55,-57],[-41,-101],[-71,-56],[-81,-15],[-244,-244],[-424,-190],[-66,-54],[-128,-40],[-157,-10]],[[6739,8884],[-83,-8],[-5,102],[-34,7],[-47,-35],[-20,24],[-35,-2],[-1,26],[25,12],[-44,23],[27,110],[-512,1]],[[2928,9533],[21,-52],[-39,-85],[16,-40],[-72,-38],[26,-76],[-102,-2],[-10,-38],[-71,-68],[4,-40],[-68,-32]],[[2633,9062],[-1693,26]],[[940,9088],[129,659]],[[8273,8968],[-55,-21],[-4,-32],[-45,24],[-28,-18],[-16,-50],[-44,-30],[-10,-58],[-102,-107],[-42,-25],[-72,-7],[-15,-41],[-304,-177],[-90,5],[-14,-43],[-82,1],[-4,-81]],[[7346,8308],[-717,-3]],[[6629,8305],[-18,407],[-56,0],[-13,32],[55,1],[-3,36],[145,103]],[[8074,9678],[135,-502],[25,-79],[39,-129]],[[2623,8530],[10,532]],[[3841,9308],[-33,-773]],[[3808,8535],[-1,-27]],[[3807,8508],[-1184,22]],[[5383,9025],[-95,-306],[1,-196]],[[5289,8523],[-1481,12]],[[6629,8305],[-3,-19],[-251,-20],[-312,-172]],[[6063,8094],[-407,337]],[[5656,8431],[-27,54],[-59,3],[-3,32],[-278,3]],[[2623,8530],[-278,-1]],[[2345,8529],[-1492,23]],[[853,8552],[46,295],[41,241]],[[8597,7791],[-252,-9],[-14,-35],[-83,7]],[[8248,7754],[2,20],[-290,5],[-5,18],[-305,16]],[[7650,7813],[-4,65],[-150,212],[-11,70],[-37,11],[-42,-29],[-55,-8],[-5,174]],[[8273,8968],[144,-487],[122,-425],[58,-265]],[[1462,7718],[-2,214],[-90,3],[-9,64],[-606,-1]],[[755,7998],[9,66],[89,488]],[[2345,8529],[-11,-639]],[[2334,7890],[-4,-194]],[[2330,7696],[-868,22]],[[3806,7863],[1,645]],[[5656,8431],[-178,-12],[-29,-21],[4,-28],[-96,-60],[27,-33],[-121,-82],[-27,-51],[-31,-14],[-45,17],[-27,-35],[-35,9],[3,-31],[-87,-31],[-39,17],[-16,-11],[51,-58],[-44,5],[-9,-48],[-50,-7],[-60,-87],[-62,-16],[-50,-59],[-121,-15],[-15,-26],[-40,11],[-34,-28],[-72,-2],[-28,-28],[-71,-6],[-33,-31],[20,-39],[-21,-23],[-115,-25]],[[4205,7583],[-80,25],[-5,31],[-254,6],[17,55],[-72,52],[-5,111]],[[3806,7863],[-125,0],[-22,19],[-50,8],[-78,-13],[-1197,13]],[[6063,8094],[-84,-108],[-17,-174],[-90,-87],[89,-25]],[[5961,7700],[-23,-20],[0,-60],[-218,-117],[-236,-23],[-63,-27],[-146,-6],[0,-66]],[[5275,7381],[-202,1],[-5,21],[-293,142],[-326,1],[-159,-61],[-51,3]],[[4239,7488],[-4,57],[-32,3],[2,35]],[[7650,7813],[-5,-54],[-236,17],[-61,21],[-10,-20],[-94,11],[5,-28],[-48,1],[-7,-77],[-85,-5],[-2,37],[-67,4],[5,-21],[-46,5],[-5,-36],[-39,0],[-3,-28],[-28,-3],[4,-37],[-70,-3],[0,-23],[-96,-6]],[[6762,7568],[-32,27],[-79,-2],[-55,69],[-72,4],[-28,36],[-38,6],[-36,79],[-78,50],[-55,-2],[-92,-36],[-40,5],[5,32],[-29,6],[-135,-87],[2,-43],[-39,-12]],[[1462,7718],[21,-824]],[[1483,6894],[-929,16]],[[554,6910],[74,427],[127,661]],[[2945,7055],[1,169],[-302,10],[-1,369],[-311,5],[-2,88]],[[4239,7488],[-4,-29],[-53,3],[-3,-32],[-64,1],[-6,-28],[-36,-1],[-6,-66],[-23,3],[1,-30],[-20,1],[-12,-83],[-55,3],[-1,-67],[-91,3],[-1,-56],[-145,-2],[-9,-38],[-91,3],[1,-28],[-46,5],[-32,-50],[46,-49],[-22,-15],[-96,-7],[-47,-43],[-9,14],[-36,-2],[-8,-24]],[[3371,6874],[-140,-2],[-1,147],[-139,0],[-9,36],[-137,0]],[[5453,6930],[-4,18],[-88,3],[4,129],[20,4],[1,24],[25,2],[2,45],[23,0],[9,136],[-31,1],[-6,25],[-31,4],[0,57],[-102,3]],[[6762,7568],[5,-48],[-38,-46],[63,-77],[-103,-55],[-69,-16],[-39,-37],[-70,0],[-11,-87]],[[6500,7202],[-43,2],[-38,38],[-76,-26],[83,-41],[23,-51],[-21,-29],[-67,-27],[18,-49],[-62,-18],[-1,-28],[58,-30],[-4,-19],[-106,-54],[-42,-42],[-48,-4],[-19,32],[-37,-4],[-159,-189],[-110,-37]],[[5849,6626],[-3,220],[-294,2],[1,81],[-100,1]],[[7486,6962],[1,66],[-561,3],[-2,17],[-66,-1],[8,31],[-29,27],[0,31],[-51,32],[-11,35],[-275,-1]],[[8248,7754],[-19,-105],[-200,-5],[-5,-32],[-92,2],[5,-51],[131,-4],[-3,-84],[-46,-2],[0,-29],[-45,-3],[-7,-26],[-43,0],[-6,-275],[-42,-3],[-3,-32],[-100,1],[1,-27],[-88,-1],[1,-29],[-60,2],[-4,-92],[-137,3]],[[8851,6810],[-110,35],[-21,-16],[-812,-5]],[[7908,6824],[-347,4],[-4,-25],[-47,0],[-5,-31],[-285,-4],[6,25],[63,-2],[21,42]],[[7310,6833],[177,104],[-1,25]],[[8597,7791],[33,-114],[136,-524],[85,-343]],[[1785,6889],[-302,5]],[[2945,7055],[-599,23],[-8,-71],[-83,1],[-15,-123],[-455,4]],[[3948,6312],[4,68],[-49,2],[-4,22],[-118,3],[1,23],[-101,4],[1,32],[-44,3],[0,40],[-46,3],[-4,26],[-50,5],[-3,17],[-49,4],[3,57],[-43,5],[-20,41],[-81,19],[-5,30],[-81,3],[-1,22],[-52,3],[-5,25],[-31,1],[42,50],[113,-18],[12,44],[69,-9],[-35,37]],[[5453,6930],[-1,-46],[-64,4],[-3,-15],[-41,9],[-1,-22],[-37,5],[5,-23],[-37,-1],[7,-19],[-35,1],[-5,-38],[-48,-2],[-1,-21],[-184,10],[3,-40],[-68,-2],[-4,-25],[-48,-3],[-2,-30],[-89,-2],[-7,-54],[-56,-16],[5,-25],[-166,-34],[1,-49],[-151,-2],[-17,-34],[-39,1],[-19,-30],[-46,-10],[3,-44],[-46,1],[3,-21],[-73,-2],[5,-22],[-29,2],[-6,-19],[-98,-3]],[[4064,6309],[-116,3]],[[5543,6017],[20,35],[51,3],[-1,18],[-60,43],[-38,74],[54,34],[46,-4],[-5,52],[21,31],[69,2],[18,20],[-28,50],[122,4],[93,48],[-35,42],[15,45],[52,23],[-6,28],[-82,61]],[[7310,6833],[-145,-4],[-4,-87],[-41,1],[-1,-117],[-49,2],[-2,-32],[-106,1],[4,-183],[-399,-1],[-1,-202],[-145,1],[4,-198]],[[6425,6014],[-882,3]],[[1777,6115],[8,774]],[[3948,6312],[-99,-48],[-43,1],[-8,20],[-115,3],[4,-38],[-86,-47],[-17,-132],[-248,4],[-98,-94],[-4,-172],[-292,0]],[[2942,5809],[-816,10]],[[2126,5819],[-5,29],[-323,1],[-21,266]],[[5543,6017],[-56,-24],[-35,-141]],[[5452,5852],[-124,4],[-110,69],[-33,-1],[0,28],[-746,-7],[-3,-40]],[[4436,5905],[-49,-1],[-4,13],[-42,2],[-2,17],[-49,1],[-2,27],[-32,3],[-1,38],[-55,4],[3,114],[-38,3],[-4,18],[-102,4],[5,161]],[[1777,6115],[-252,-60],[-101,-76],[-194,-40],[-15,-49],[-95,29],[-33,-35],[-159,4],[-19,-29],[-53,-22],[-6,-76]],[[850,5761],[-477,-3]],[[373,5758],[97,630],[84,522]],[[8851,6810],[31,-136],[168,-620],[1,-19]],[[9051,6035],[-1010,-12]],[[8041,6023],[-156,6]],[[7885,6029],[23,795]],[[6901,5979],[-3,34],[-473,1]],[[7885,6029],[-909,-11],[-5,-40],[-70,1]],[[4436,5905],[7,-462],[-367,-8]],[[4076,5435],[-828,-2],[-6,87],[-299,6]],[[2943,5526],[-1,283]],[[2126,5819],[5,-49],[-61,-31],[-38,-1],[15,-26],[-27,-8],[29,-13],[2,-31],[-42,-26],[-35,4],[3,-41],[-51,-27],[-42,12],[-36,-11],[-2,-28],[-46,-29],[-8,-47],[31,-84],[-64,-53],[-63,-19],[-9,-21],[57,-12],[57,25],[24,-5],[36,-49],[-36,-11],[-13,-52],[67,9],[62,-120],[81,6],[27,-15],[-36,-30],[-38,16],[-107,-18],[32,-43],[110,-4],[41,-53],[-62,-45],[-28,31],[-34,-1],[-28,-85],[-53,-43]],[[1846,4791],[-20,50],[-73,-1],[-33,-31]],[[1720,4809],[-37,24],[-2,48],[-48,59],[58,24],[36,-38],[50,15],[-47,45],[-93,-3],[-156,29],[-51,-33],[-145,-34],[-127,-3],[-54,77],[59,33],[2,45],[48,43],[-36,9],[-116,-21],[-59,19],[-7,19],[97,34],[-15,25],[-59,13],[0,85],[11,10],[70,-12],[32,46],[-119,8],[-35,55],[-74,-7],[-85,14],[70,41],[-76,45],[-28,83],[-40,7],[27,42],[52,-5],[-11,54],[62,-6],[-24,63]],[[8056,5222],[-15,801]],[[9051,6035],[147,-519],[51,-135],[96,-63],[-15,-44],[24,-25]],[[9354,5249],[-412,0],[-3,-17],[-356,-4],[-25,27],[-51,-2],[-3,-26],[-144,8],[-304,-13]],[[8056,5222],[-52,-2],[-7,-32],[-203,3],[0,-34],[-38,-1],[4,-213]],[[7760,4943],[-53,6],[1,-19],[-244,-3],[7,-184],[-233,-2]],[[7238,4741],[-6,117],[-29,72],[0,139],[-50,45],[71,147],[-198,5],[-4,24],[-59,-5],[-3,-25],[-67,-2],[1,13]],[[6894,5271],[7,708]],[[6894,5271],[-867,3],[3,37],[-61,1],[9,-34],[-117,0]],[[5861,5278],[-103,50],[-11,28],[-54,5],[-72,52],[23,74],[-14,20],[-82,32],[-26,58],[-65,59],[8,86],[-29,61],[16,49]],[[4074,5166],[2,269]],[[5861,5278],[-115,-9],[7,-94]],[[5753,5175],[-831,3],[0,-95],[-562,2]],[[4360,5085],[-288,2],[2,79]],[[2943,5526],[-8,-93],[-132,2],[-8,-354],[-129,-2],[-9,-363]],[[2657,4716],[-567,-7],[-7,83],[-237,-1]],[[1506,4356],[-1374,-16]],[[132,4340],[89,567],[128,720],[24,131]],[[1720,4809],[27,-31],[-133,12],[-116,-54],[-44,-56],[-116,-26],[-17,-20],[-98,-34],[-15,-112],[146,-63],[45,2],[68,-28],[39,-43]],[[2811,4342],[-167,4],[13,370]],[[4074,5166],[-49,-35],[-30,-118],[20,-72],[-108,-36],[-3,-63],[-102,-125],[-866,-10],[5,-363],[-130,-2]],[[7238,4741],[46,-25],[-49,-60],[-116,-2],[-54,-20],[-80,19],[-21,-22],[-27,22],[-35,-55],[-46,-18]],[[6856,4580],[-39,-2],[-27,-25],[-41,2],[-66,25],[-126,13],[2,17],[-55,-12],[-67,29],[-28,-17],[-29,7],[13,32],[-202,110],[-19,-35],[-74,-22],[-27,18],[-23,-9],[-38,-65],[49,-68],[-15,-6],[-25,20],[-68,12],[-61,-12],[-77,9],[-6,-31],[-32,-7]],[[5775,4563],[-22,612]],[[9715,4778],[-181,-4],[1,-73],[-755,-16],[-2,-122],[-278,4]],[[8500,4567],[-19,183],[-148,-2],[-510,169],[-63,2],[0,24]],[[9354,5249],[31,-20],[17,-93],[48,-29],[-37,-63],[49,-37],[6,-53],[37,-46],[210,-130]],[[4616,4419],[18,49],[-88,83],[40,44],[-91,41],[-2,25],[-48,41],[0,39],[-69,79],[13,94],[-29,171]],[[5775,4563],[-56,-22],[-78,12],[-28,-58],[-61,-18],[-35,-51]],[[5517,4426],[-105,-10],[-5,44],[-90,30],[-44,-29],[-75,20],[-13,66],[-85,8],[-30,-54],[-94,-51],[-85,12],[-8,83],[-71,-27],[-86,16],[-27,-57],[47,-38],[-12,-41],[-58,-29],[-48,0],[-12,50]],[[2807,4267],[4,75]],[[4616,4419],[-65,-2],[-11,-39],[53,-32],[-105,-83],[94,-59],[61,-6],[5,-24],[-273,-1],[-11,-359]],[[4364,3814],[-722,-10],[-1,27],[-36,17],[6,35],[-110,27],[-54,52],[-41,-1],[9,42],[-78,11],[-5,32],[-56,8],[-5,23],[-50,15],[3,27],[-80,13],[-47,-10],[-22,56],[-40,25],[-80,15],[-44,52],[-104,-3]],[[7099,4274],[3,26],[-54,37],[-22,57],[-101,42],[-69,144]],[[8500,4567],[-7,-373]],[[8493,4194],[-1170,-1],[-68,44],[20,63],[-85,41],[-8,-70],[-83,3]],[[2251,3691],[-1124,-6]],[[1127,3685],[-54,44],[-19,-39],[-18,7],[-38,40],[-4,75],[82,43],[65,-4],[55,35],[-12,41],[27,57],[88,57],[3,187],[-31,28],[3,30],[45,12],[12,27],[74,21],[88,-1],[-9,-38],[29,-10],[14,43],[-21,16]],[[2807,4267],[-138,-6],[-15,-273],[-273,1],[-13,-275],[-114,2],[-3,-25]],[[9715,4778],[16,-134],[69,-53],[-16,-68],[-38,-21],[36,-32],[-85,-51],[-9,-37],[235,-76],[74,-51],[2,-20],[-32,-20],[-51,-5],[22,-39],[-35,-22],[-132,-12],[43,-43],[-133,-27],[-46,-26],[-81,-83],[20,-75],[-29,-44]],[[9545,3839],[-195,18],[0,-18],[-168,1],[-12,32],[-83,45],[-25,39],[-81,56],[-427,6]],[[8554,4018],[1,15],[-52,-6],[-10,167]],[[6915,3811],[-9,-167],[-522,-7]],[[6384,3637],[-316,1],[2,177],[-281,2]],[[5789,3817],[-17,406],[-83,32],[-31,-9],[-43,34],[-52,0],[-20,59],[30,46],[-58,28],[2,13]],[[7099,4274],[-157,1],[1,-36],[-36,-6],[8,-422]],[[5654,3633],[-1147,-9]],[[4507,3624],[6,186],[-149,4]],[[5789,3817],[-7,-173],[-128,-11]],[[22,3071],[-22,390],[98,708],[34,171]],[[1127,3685],[22,-19],[-13,-39],[-72,1],[-78,-40],[66,-16],[20,-20],[81,16],[26,-30],[-210,-30],[-26,-82],[-51,-25],[-66,-73],[67,-114],[28,-13],[92,5],[43,-26],[15,-113]],[[1071,3067],[-1049,4]],[[8554,4018],[0,-21],[-44,1],[2,-255],[-77,-2],[-9,18],[-38,-2],[0,-19],[-112,6],[-2,-44],[-195,7],[-230,-262]],[[7849,3445],[-363,8],[12,187],[-252,0],[3,35],[-47,17],[-4,113],[-40,1],[-4,18],[-144,17],[2,-49],[-50,-1],[-5,22],[-42,-2]],[[4360,3361],[-783,-19],[-72,19],[-782,-15]],[[2723,3346],[-331,-1],[4,92],[-40,17],[-109,4],[4,233]],[[4507,3624],[-147,-6],[0,-257]],[[7626,2912],[73,111],[46,133],[99,83],[-20,116],[25,90]],[[9545,3839],[-15,-41],[14,-69],[-37,-76],[-126,-153],[-57,-110],[11,-149]],[[9335,3241],[-88,-12],[-120,-63],[-19,-73],[-569,9],[0,-192]],[[8539,2910],[-913,2]],[[7626,2912],[-133,-7]],[[7493,2905],[-585,16],[-393,-12]],[[6515,2909],[-107,1],[96,101],[5,252],[-148,-2],[-12,51],[62,54],[-26,57],[38,82],[-39,132]],[[6515,2909],[3,-161],[-36,-2],[5,-20],[-119,3],[1,-187]],[[6369,2542],[-186,2],[3,32],[-54,-2],[3,151],[-57,2],[-93,-90],[-67,2],[-127,-80],[-5,152],[-279,-1]],[[5507,2710],[-1,283],[148,7],[-6,336],[25,5],[-2,48],[-26,1],[9,243]],[[1982,2253],[-16,-20],[-103,54],[-8,-34],[50,-20],[20,-31],[-50,-11],[-52,9],[-26,-24],[-62,-18],[48,-22],[6,-45],[-49,16],[-35,-9],[45,-48],[-13,-7],[-58,19],[-121,-56],[-73,7]],[[1485,2013],[33,72],[-21,52],[-133,19],[46,27],[42,-1],[0,22],[38,25],[-51,27],[5,13],[89,-2],[14,54],[38,-27],[54,72],[-45,97],[-55,6],[35,42],[-55,23],[52,28],[26,78],[-78,74],[-94,11],[-184,64],[-13,22],[61,7],[-177,44],[-38,113],[31,30],[-34,62]],[[2723,3346],[-1,-19],[-47,-5],[9,-240],[-130,-9],[-24,-63],[25,-27],[-10,-216],[-122,-50],[-17,-27],[131,-66],[3,-87],[-54,-22],[-41,-41],[-34,-3],[-74,45],[-30,-1],[-124,-49],[-33,-40],[-39,-14],[13,-64],[-19,-18],[-48,-3],[-55,49],[-15,-36],[-59,-26],[8,-37],[46,-24]],[[5507,2710],[-561,-2]],[[4946,2708],[-387,7],[-76,50],[-57,87],[-53,25],[-21,306]],[[4352,3183],[8,178]],[[2928,2170],[-166,-2],[-32,-25],[-154,-46],[-172,27]],[[2404,2124],[-140,20],[-49,53],[-105,48],[-128,8]],[[4352,3183],[-279,-77],[-96,-4],[-25,-28],[16,-56],[-82,-40],[-127,-20],[-27,-106],[-67,-86],[-11,-72],[-85,-121],[-82,-21],[-102,-73],[-91,-35],[-144,-101],[-52,-70],[-95,-40],[-75,-63]],[[8539,2300],[0,610]],[[9335,3241],[4,-10],[42,-99],[-10,-48],[21,-51],[145,-132],[47,-140],[0,-72],[-66,-91],[13,-74],[-74,-154],[15,-73]],[[9472,2297],[-933,3]],[[4947,2022],[-35,0],[-27,-19],[-50,22],[-72,2],[-15,96],[27,43],[-1847,4]],[[4946,2708],[-6,-178],[77,-4],[45,-95],[-19,-37],[-92,-52],[-4,-320]],[[1397,1947],[-57,15],[-62,-37],[-874,-3],[5,-62],[-302,-5]],[[107,1855],[-45,658],[-40,558]],[[1485,2013],[12,-48],[-100,-18]],[[7480,2031],[-1094,-12]],[[6386,2019],[-17,523]],[[7493,2905],[-13,-874]],[[8539,2300],[0,-75],[-185,-5],[-3,-70],[-143,6],[-193,34],[-150,-5],[-140,-156]],[[7725,2029],[-245,2]],[[6386,2019],[16,-427]],[[6402,1592],[-566,-7],[-888,13]],[[4948,1598],[-1,424]],[[8348,1604],[10,429],[-633,-4]],[[9472,2297],[4,-61],[-62,-66],[27,-93],[-26,-63],[27,-52],[69,-20],[86,-75],[58,-97],[43,-165],[-1350,-1]],[[2404,2124],[-8,-507],[47,-9]],[[2443,1608],[24,-101],[-100,-162],[27,-60],[207,-131],[43,-77],[186,-90],[115,-27],[56,-52],[15,-100],[-80,-133],[-65,-52],[74,-104],[38,-87],[-171,-168],[-338,-85],[-17,-85],[-564,-93],[-579,-1],[622,82],[63,56],[-408,254],[-28,418],[-297,258]],[[1266,1068],[-2,108],[131,61],[46,3],[19,21],[-22,38],[-92,56],[2,25],[170,114],[-100,55],[18,145],[34,15],[14,38],[-40,11],[-36,47],[71,48],[-10,25],[28,33],[-16,17],[-84,19]],[[4948,1598],[-216,1],[-1073,10],[-1216,-1]],[[8348,1604],[-5,0],[-1523,-16],[-418,4]],[[1266,1068],[-324,-851],[-516,140],[-226,-23],[-44,717],[-34,553],[-15,251]]],"transform":{"scale":[0.0003579293973521102,0.0004782907647611048],"translate":[-88.47295193044275,30.23360429200695]}}