{"type":"Topology","objects":{"Michigan.geo":{"type":"GeometryCollection","geometries":[{"type":"MultiPolygon","properties":{"name":"Keweenaw","fips":"26083"},"id":"Keweenaw","arcs":[[[0]],[[1,2]]]},{"type":"MultiPolygon","properties":{"name":"Houghton","fips":"26061"},"id":"Houghton","arcs":[[[-2,3]],[[4,5,6,7]]]},{"type":"Polygon","properties":{"name":"Ontonagon","fips":"26131"},"id":"Ontonagon","arcs":[[8,9,-5,10]]},{"type":"Polygon","properties":{"name":"Baraga","fips":"26013"},"id":"Baraga","arcs":[[-7,11,12,13]]},{"type":"Polygon","properties":{"name":"Marquette","fips":"26103"},"id":"Marquette","arcs":[[14,15,-13,16,17,18,19]]},{"type":"Polygon","properties":{"name":"Gogebic","fips":"26053"},"id":"Gogebic","arcs":[[20,-9,21]]},{"type":"Polygon","properties":{"name":"Luce","fips":"26095"},"id":"Luce","arcs":[[22,23,24,25,26]]},{"type":"Polygon","properties":{"name":"Alger","fips":"26003"},"id":"Alger","arcs":[[-18,27,-24,28,29]]},{"type":"Polygon","properties":{"name":"Schoolcraft","fips":"26153"},"id":"Schoolcraft","arcs":[[30,-29,-23,31,32]]},{"type":"Polygon","properties":{"name":"Iron","fips":"26071"},"id":"Iron","arcs":[[-22,-11,-8,-14,-16,33,34]]},{"type":"Polygon","properties":{"name":"Dickinson","fips":"26043"},"id":"Dickinson","arcs":[[35,-34,-15,36]]},{"type":"Polygon","properties":{"name":"Mackinac","fips":"26097"},"id":"Mackinac","arcs":[[-32,-27,37,38]]},{"type":"Polygon","properties":{"name":"Delta","fips":"26041"},"id":"Delta","arcs":[[39,40,-19,-30,-31]]},{"type":"MultiPolygon","properties":{"name":"Chippewa","fips":"26033"},"id":"Chippewa","arcs":[[[41,-38,-26]],[[42]]]},{"type":"Polygon","properties":{"name":"Menominee","fips":"26109"},"id":"Menominee","arcs":[[-37,-20,-41,43]]},{"type":"Polygon","properties":{"name":"Emmet","fips":"26047"},"id":"Emmet","arcs":[[44,45,46]]},{"type":"Polygon","properties":{"name":"Cheboygan","fips":"26031"},"id":"Cheboygan","arcs":[[47,48,49,-46,50,51]]},{"type":"Polygon","properties":{"name":"Presque Isle","fips":"26141"},"id":"Presque Isle","arcs":[[-52,52,53,54]]},{"type":"Polygon","properties":{"name":"Charlevoix","fips":"26029"},"id":"Charlevoix","arcs":[[55,56,-47,-50,57]]},{"type":"Polygon","properties":{"name":"Alpena","fips":"26007"},"id":"Alpena","arcs":[[58,-54,59,60]]},{"type":"Polygon","properties":{"name":"Antrim","fips":"26009"},"id":"Antrim","arcs":[[61,62,-56,63,64]]},{"type":"Polygon","properties":{"name":"Otsego","fips":"26137"},"id":"Otsego","arcs":[[65,-64,-58,-49,66]]},{"type":"Polygon","properties":{"name":"Montmorency","fips":"26119"},"id":"Montmorency","arcs":[[67,-67,-48,-55,-59]]},{"type":"Polygon","properties":{"name":"Leelanau","fips":"26089"},"id":"Leelanau","arcs":[[68,69,70]]},{"type":"Polygon","properties":{"name":"Kalkaska","fips":"26079"},"id":"Kalkaska","arcs":[[71,-65,72,73]]},{"type":"Polygon","properties":{"name":"Crawford","fips":"26039"},"id":"Crawford","arcs":[[74,-73,-66,75]]},{"type":"Polygon","properties":{"name":"Alcona","fips":"26001"},"id":"Alcona","arcs":[[76,-61,77,78]]},{"type":"Polygon","properties":{"name":"Grand Traverse","fips":"26055"},"id":"Grand Traverse","arcs":[[79,-70,80,-62,-72,81]]},{"type":"Polygon","properties":{"name":"Oscoda","fips":"26135"},"id":"Oscoda","arcs":[[82,-76,-68,-77]]},{"type":"Polygon","properties":{"name":"Benzie","fips":"26019"},"id":"Benzie","arcs":[[83,84,-71,-80]]},{"type":"Polygon","properties":{"name":"Manistee","fips":"26101"},"id":"Manistee","arcs":[[85,86,87,-84,88]]},{"type":"Polygon","properties":{"name":"Iosco","fips":"26069"},"id":"Iosco","arcs":[[89,90,91,-79]]},{"type":"Polygon","properties":{"name":"Wexford","fips":"26165"},"id":"Wexford","arcs":[[92,-89,-82,93,94]]},{"type":"Polygon","properties":{"name":"Missaukee","fips":"26113"},"id":"Missaukee","arcs":[[95,96,-94,-74,97]]},{"type":"Polygon","properties":{"name":"Roscommon","fips":"26143"},"id":"Roscommon","arcs":[[98,-98,-75,99,100]]},{"type":"Polygon","properties":{"name":"Ogemaw","fips":"26129"},"id":"Ogemaw","arcs":[[101,-100,-83,-92,102]]},{"type":"Polygon","properties":{"name":"Mason","fips":"26105"},"id":"Mason","arcs":[[103,104,-87,105]]},{"type":"Polygon","properties":{"name":"Lake","fips":"26085"},"id":"Lake","arcs":[[106,-106,-86,-93,107]]},{"type":"Polygon","properties":{"name":"Osceola","fips":"26133"},"id":"Osceola","arcs":[[108,-108,-95,-97,109]]},{"type":"Polygon","properties":{"name":"Arenac","fips":"26011"},"id":"Arenac","arcs":[[110,111,112,-103,-91]]},{"type":"Polygon","properties":{"name":"Clare","fips":"26035"},"id":"Clare","arcs":[[-110,-96,-99,113,114]]},{"type":"Polygon","properties":{"name":"Gladwin","fips":"26051"},"id":"Gladwin","arcs":[[115,-114,-101,-102,-113,116]]},{"type":"Polygon","properties":{"name":"Huron","fips":"26063"},"id":"Huron","arcs":[[117,118,119]]},{"type":"Polygon","properties":{"name":"Bay","fips":"26017"},"id":"Bay","arcs":[[120,-117,-112,121,122,123]]},{"type":"Polygon","properties":{"name":"Midland","fips":"26111"},"id":"Midland","arcs":[[124,125,-116,-121,126]]},{"type":"Polygon","properties":{"name":"Oceana","fips":"26127"},"id":"Oceana","arcs":[[127,128,-104,129]]},{"type":"Polygon","properties":{"name":"Isabella","fips":"26073"},"id":"Isabella","arcs":[[130,131,-115,-126,132]]},{"type":"Polygon","properties":{"name":"Newaygo","fips":"26123"},"id":"Newaygo","arcs":[[133,134,-130,-107,135,136]]},{"type":"Polygon","properties":{"name":"Mecosta","fips":"26107"},"id":"Mecosta","arcs":[[-136,-109,-132,137]]},{"type":"Polygon","properties":{"name":"Tuscola","fips":"26157"},"id":"Tuscola","arcs":[[138,139,-123,140,-118,141,142]]},{"type":"Polygon","properties":{"name":"Sanilac","fips":"26151"},"id":"Sanilac","arcs":[[143,-142,-120,144,145]]},{"type":"Polygon","properties":{"name":"Saginaw","fips":"26145"},"id":"Saginaw","arcs":[[146,147,-127,-124,-140,148]]},{"type":"Polygon","properties":{"name":"Muskegon","fips":"26121"},"id":"Muskegon","arcs":[[149,-128,-135,150,151]]},{"type":"Polygon","properties":{"name":"Montcalm","fips":"26117"},"id":"Montcalm","arcs":[[152,153,-137,-138,-131,154]]},{"type":"Polygon","properties":{"name":"Gratiot","fips":"26057"},"id":"Gratiot","arcs":[[-155,-133,-125,-148,155,156]]},{"type":"Polygon","properties":{"name":"Lapeer","fips":"26087"},"id":"Lapeer","arcs":[[157,158,-143,-144,159,160]]},{"type":"Polygon","properties":{"name":"Kent","fips":"26081"},"id":"Kent","arcs":[[161,-151,-134,-154,162,163,164]]},{"type":"Polygon","properties":{"name":"Genesee","fips":"26049"},"id":"Genesee","arcs":[[165,166,-149,-139,-159,167]]},{"type":"Polygon","properties":{"name":"Ottawa","fips":"26139"},"id":"Ottawa","arcs":[[168,169,-152,-162]]},{"type":"Polygon","properties":{"name":"St. Clair","fips":"26147"},"id":"St. Clair","arcs":[[170,-160,-146,171]]},{"type":"Polygon","properties":{"name":"Shiawassee","fips":"26155"},"id":"Shiawassee","arcs":[[172,173,-156,-147,-167,174]]},{"type":"Polygon","properties":{"name":"Ionia","fips":"26067"},"id":"Ionia","arcs":[[-163,-153,175,176,177]]},{"type":"Polygon","properties":{"name":"Clinton","fips":"26037"},"id":"Clinton","arcs":[[178,-176,-157,-174,179]]},{"type":"Polygon","properties":{"name":"Macomb","fips":"26099"},"id":"Macomb","arcs":[[180,-161,-171,181,182]]},{"type":"Polygon","properties":{"name":"Oakland","fips":"26125"},"id":"Oakland","arcs":[[183,184,-168,-158,-181,185]]},{"type":"Polygon","properties":{"name":"Livingston","fips":"26093"},"id":"Livingston","arcs":[[186,-175,-166,-185,187]]},{"type":"Polygon","properties":{"name":"Ingham","fips":"26065"},"id":"Ingham","arcs":[[188,-180,-173,-187,189]]},{"type":"Polygon","properties":{"name":"Allegan","fips":"26005"},"id":"Allegan","arcs":[[190,191,-169,-165,192,193]]},{"type":"Polygon","properties":{"name":"Eaton","fips":"26045"},"id":"Eaton","arcs":[[194,-177,-179,-189,195,196]]},{"type":"Polygon","properties":{"name":"Barry","fips":"26015"},"id":"Barry","arcs":[[-193,-164,-178,-195,197,198]]},{"type":"Polygon","properties":{"name":"Wayne","fips":"26163"},"id":"Wayne","arcs":[[199,200,-186,-183,201]]},{"type":"Polygon","properties":{"name":"Washtenaw","fips":"26161"},"id":"Washtenaw","arcs":[[202,203,-188,-184,-201,204]]},{"type":"Polygon","properties":{"name":"Jackson","fips":"26075"},"id":"Jackson","arcs":[[205,206,207,-196,-190,-204]]},{"type":"Polygon","properties":{"name":"Kalamazoo","fips":"26077"},"id":"Kalamazoo","arcs":[[208,-194,-199,209,210]]},{"type":"Polygon","properties":{"name":"Calhoun","fips":"26025"},"id":"Calhoun","arcs":[[211,-210,-198,-197,-208,212]]},{"type":"Polygon","properties":{"name":"Van Buren","fips":"26159"},"id":"Van Buren","arcs":[[213,214,-191,-209,215]]},{"type":"Polygon","properties":{"name":"Berrien","fips":"26021"},"id":"Berrien","arcs":[[216,217,-214]]},{"type":"Polygon","properties":{"name":"Monroe","fips":"26115"},"id":"Monroe","arcs":[[218,-205,-200,219]]},{"type":"Polygon","properties":{"name":"Lenawee","fips":"26091"},"id":"Lenawee","arcs":[[220,-206,-203,-219,221]]},{"type":"Polygon","properties":{"name":"Hillsdale","fips":"26059"},"id":"Hillsdale","arcs":[[222,-213,-207,-221,223]]},{"type":"Polygon","properties":{"name":"Branch","fips":"26023"},"id":"Branch","arcs":[[224,225,-212,-223]]},{"type":"Polygon","properties":{"name":"St. Joseph","fips":"26149"},"id":"St. Joseph","arcs":[[226,-211,-226,227]]},{"type":"Polygon","properties":{"name":"Cass","fips":"26027"},"id":"Cass","arcs":[[228,-217,-216,-227]]}]}},"arcs":[[[2392,9999],[-160,-217],[-346,-113],[-159,-169],[-139,-41],[-67,32],[-11,60],[57,86],[825,362]],[[2736,8497],[-89,3],[2,131],[-261,4]],[[2388,8635],[78,101],[284,142],[530,36],[104,-85],[-41,-35],[-225,-55],[-382,-242]],[[2736,8497],[-238,-329],[-73,191],[-154,36],[-2,168],[119,72]],[[1778,7289],[7,403],[155,4],[0,133],[-86,0],[-3,405]],[[1851,8234],[56,114],[319,187],[15,-146],[133,-38],[-2,-114],[90,-65],[-6,-96]],[[2456,8076],[-130,-3],[-1,-107],[-155,-3],[4,-668]],[[2174,7295],[-396,-6]],[[1778,7160],[-465,3],[-4,261],[-466,7],[-3,131],[-150,6],[-1,261],[-36,1]],[[653,7830],[119,86],[507,39],[215,113],[112,113],[163,1],[82,52]],[[1778,7289],[0,-129]],[[2456,8076],[-38,-113],[37,-86],[337,226],[-14,-69],[190,17]],[[2968,8051],[-1,-224],[69,-4],[-4,-128],[-151,-3],[-9,-394]],[[2872,7298],[-698,-3]],[[3498,6626],[4,398],[-628,3]],[[2874,7027],[-2,271]],[[2968,8051],[171,-4],[296,-112],[366,-508],[326,-10]],[[4127,7417],[1,-526]],[[4128,6891],[-154,-4],[-13,-264],[-152,0]],[[3809,6623],[-311,3]],[[1781,6798],[-143,70],[-1033,244],[-234,56],[-4,39],[-34,44],[-24,75],[-63,98],[-58,4],[-15,21],[-38,4],[-3,30],[-14,11],[-90,-18],[-28,45],[487,170],[166,139]],[[1778,7160],[3,-362]],[[5694,7023],[1,404]],[[5695,7427],[1,289]],[[5696,7716],[443,-32],[342,127]],[[6481,7811],[-2,-787]],[[6479,7024],[-785,-1]],[[4127,7417],[131,54],[169,-142],[140,65],[152,-99],[220,214],[393,173],[65,-28],[299,62]],[[5695,7427],[-630,-1],[-3,-264],[-307,-2],[-1,-267]],[[4754,6893],[-626,-2]],[[4944,6276],[5,209],[-40,3],[2,403],[-157,2]],[[5694,7023],[-1,-427]],[[5693,6596],[-69,-18],[-3,-62],[-188,72],[-240,-27],[-70,-64],[-36,-110],[-143,-111]],[[2874,7027],[1,-498]],[[2875,6529],[-49,15],[-37,27],[-44,-9],[-53,30],[-52,-8],[-28,7],[-61,43],[-42,-17],[-63,27],[-37,-3],[-13,22],[-27,9],[-41,1],[-34,-16],[-28,10],[-22,-33],[-35,-1],[-43,41],[-32,-2],[-29,16],[-58,-13],[-6,18],[-20,6],[-14,-15],[-151,72],[-75,42]],[[3212,6214],[-39,44],[-120,24],[-26,44],[-77,-13],[-47,8],[-51,43],[10,24],[70,60],[-38,28],[3,44],[-22,9]],[[3498,6626],[-4,-137],[-95,-2],[-4,-268],[-183,-5]],[[6479,7024],[146,-1],[2,-132],[938,-2],[5,-126],[151,-2],[5,-127],[154,-5],[-1,-19]],[[7879,6610],[-302,32],[-184,-33],[-144,93],[-90,-4],[-54,-278],[-149,54],[-264,207],[-396,116],[-164,3],[-183,-199],[-256,-5]],[[4944,6276],[-89,-21],[9,-38],[-67,-22],[-68,-137],[-69,44],[-15,66],[141,187],[-221,19],[-176,-172],[-278,-28],[-171,-219]],[[3940,5955],[-80,-1],[0,534],[-50,2],[-1,133]],[[6481,7811],[345,22],[-90,-118],[10,-225],[-41,-67],[44,-45],[106,18],[160,-68],[218,60],[71,-115],[196,112],[131,12],[163,-370],[-115,-64],[33,-55],[159,7],[113,-73],[-40,-53],[90,-106],[110,-31],[-6,-71],[-259,29]],[[8203,6664],[67,-39],[56,60],[104,14],[-9,55],[-65,19],[103,30],[76,-24],[69,-118],[77,-37],[-54,-96],[-80,-13],[-62,56],[-220,-26],[-60,94],[-41,-41],[39,66]],[[3940,5955],[-90,-202],[-315,-403],[-11,-84],[-100,50],[-71,56],[-8,34],[18,20],[2,38],[18,16],[1,39],[74,117],[2,22],[-57,45],[-88,-59],[-85,8],[-17,-19],[-26,37],[-8,3],[-7,-15],[-12,6],[43,62],[-14,60],[59,33],[30,50],[-20,71],[-29,37],[53,0],[14,49],[-1,20],[-55,63],[3,17],[46,16],[4,13],[-30,27],[0,15],[-51,17]],[[6653,5670],[134,5],[80,57],[-200,84],[-48,163],[53,93],[118,82],[14,84],[311,66]],[[7115,6304],[-11,-757]],[[7104,5547],[-284,-2],[-12,-16],[-36,3],[-56,84],[-62,7],[-1,47]],[[7718,5411],[-159,0]],[[7559,5411],[-458,5]],[[7101,5416],[3,131]],[[7115,6304],[324,-196],[180,19],[145,-54]],[[7764,6073],[-46,-1],[-9,-535],[10,-2],[-1,-124]],[[7764,6073],[88,-92],[37,-112],[229,-11],[175,-127],[88,5],[150,-98],[121,18],[8,-49],[120,-87],[-34,-24],[28,-67]],[[8774,5429],[-601,-13]],[[8173,5416],[-455,-5]],[[6941,5280],[-447,6],[-2,137],[-211,3]],[[6281,5426],[21,95],[85,73],[266,76]],[[7101,5416],[-5,-133],[-155,-3]],[[8160,4876],[13,540]],[[8774,5429],[107,-178],[-164,-71],[13,-64],[-39,-20],[44,-111],[138,-101]],[[8873,4884],[-713,-8]],[[6352,4811],[-17,26],[-37,15],[-4,30],[-90,2]],[[6204,4884],[84,231],[-7,311]],[[6941,5280],[1,-132],[12,-3],[1,-261]],[[6955,4884],[-553,-2],[-32,-13],[-18,-58]],[[7552,4881],[-597,3]],[[7559,5411],[-7,-530]],[[8160,4876],[-608,5]],[[5414,4756],[-19,112],[38,74],[340,135],[233,325],[56,-24],[-110,-343],[19,-278]],[[5971,4757],[-222,-7]],[[5749,4750],[-335,6]],[[6349,4347],[3,464]],[[6955,4884],[-4,-536]],[[6951,4348],[-602,-1]],[[7551,4344],[-600,4]],[[7552,4881],[-1,-537]],[[8163,4343],[-3,533]],[[8873,4884],[48,-243],[-49,-290]],[[8872,4351],[-709,-8]],[[5744,4350],[5,400]],[[5971,4757],[140,-24],[93,151]],[[6349,4347],[-605,3]],[[8163,4343],[-612,1]],[[5744,4350],[-524,11]],[[5220,4361],[-26,276],[188,52],[32,67]],[[5738,3818],[-275,3]],[[5463,3821],[-429,17]],[[5034,3838],[143,259],[43,264]],[[5744,4350],[-6,-532]],[[8872,4351],[-46,-279],[-216,-114],[-48,-140]],[[8562,3818],[-395,0]],[[8167,3818],[-4,525]],[[6063,3813],[-325,5]],[[6349,4347],[6,-527]],[[6355,3820],[-292,-7]],[[6951,3814],[-298,3]],[[6653,3817],[-298,3]],[[6951,4348],[0,-534]],[[7260,3813],[-309,1]],[[7551,4344],[5,-528]],[[7556,3816],[-296,-3]],[[7812,3815],[-256,1]],[[8167,3818],[-355,-3]],[[5468,3274],[-487,3]],[[4981,3277],[-38,201],[26,-7],[-100,167],[165,200]],[[5463,3821],[5,-547]],[[6064,3271],[-596,3]],[[6063,3813],[1,-542]],[[6656,3269],[-592,2]],[[6653,3817],[3,-548]],[[8562,3818],[-38,-154],[-133,-113],[-212,-53],[-56,-71]],[[8123,3427],[-159,0],[-3,130],[-148,1]],[[7813,3558],[-1,257]],[[7260,3813],[-3,-537]],[[7257,3276],[-601,-7]],[[7812,3294],[-246,0],[-2,-18],[-307,0]],[[7813,3558],[-1,-264]],[[9129,3058],[-434,-11],[-6,115]],[[8689,3162],[124,153],[52,148],[483,200],[168,-56],[97,-95],[137,-285],[16,-144]],[[9766,3083],[-637,-25]],[[7808,2890],[4,404]],[[8123,3427],[-24,-338],[299,-152]],[[8398,2937],[0,-179]],[[8398,2758],[-147,4],[-4,58],[-285,8],[-1,60],[-153,2]],[[7557,2732],[-304,6]],[[7253,2738],[4,538]],[[7808,2890],[-5,-132],[-246,-2],[0,-24]],[[5469,2733],[-531,12]],[[4938,2745],[-98,290],[117,169],[55,-9],[-38,23],[7,59]],[[5468,3274],[1,-541]],[[6957,2734],[-300,5]],[[6657,2739],[-1,530]],[[7253,2738],[-296,-4]],[[6063,2473],[-292,-5]],[[5771,2468],[-303,6],[1,259]],[[6064,3271],[1,-534]],[[6065,2737],[-2,-264]],[[6657,2739],[-592,-2]],[[8697,2362],[-290,-1]],[[8407,2361],[-9,397]],[[8398,2937],[55,12],[155,183],[46,-36],[35,66]],[[9129,3058],[12,-534],[-15,-5]],[[9126,2519],[-296,-9],[2,-132],[-134,0],[-1,-16]],[[9283,2259],[-7,200],[-146,-3],[-4,63]],[[9766,3083],[128,-806]],[[9894,2277],[-611,-18]],[[8106,2224],[-546,-9]],[[7560,2215],[-3,517]],[[8407,2361],[-298,-5],[-3,-132]],[[5175,2198],[-237,547]],[[5771,2468],[2,-136]],[[5773,2332],[-141,-3],[-3,-127],[-454,-4]],[[6973,2207],[-596,0]],[[6377,2207],[-4,268],[-310,-2]],[[6957,2734],[4,-268],[14,0],[-2,-259]],[[7560,2215],[-1,-10]],[[7559,2205],[-586,2]],[[9144,1845],[-442,-11]],[[8702,1834],[-5,528]],[[9283,2259],[11,-407]],[[9294,1852],[-150,-7]],[[5786,1657],[-13,675]],[[6377,2207],[-1,-547]],[[6376,1660],[-292,-5]],[[6084,1655],[-298,2]],[[8410,1676],[-296,-2]],[[8114,1674],[-8,550]],[[8702,1834],[-296,-13],[4,-145]],[[5786,1657],[-541,6]],[[5245,1663],[-70,535]],[[9611,1519],[-7,342],[-310,-9]],[[9894,2277],[105,-309],[-65,-113],[-2,-210],[-56,-199],[-160,-4],[15,59],[-120,18]],[[7828,1668],[-266,-4]],[[7562,1664],[-3,541]],[[8114,1674],[-286,-6]],[[6973,2207],[-3,-545]],[[6970,1662],[-301,-2]],[[6669,1660],[-293,0]],[[7259,1659],[-289,3]],[[7562,1664],[-303,-5]],[[9169,1164],[-25,681]],[[9611,1519],[-113,-70],[22,-36],[-107,-181],[16,-58]],[[9429,1174],[-260,-10]],[[8577,1143],[-141,-1]],[[8436,1142],[-26,534]],[[9169,1164],[-592,-21]],[[7847,1129],[-19,539]],[[8436,1142],[-589,-13]],[[7264,1128],[-5,531]],[[7847,1129],[-583,-1]],[[5807,1120],[-646,-1]],[[5161,1119],[84,544]],[[6084,1655],[3,-529]],[[6087,1126],[-280,-6]],[[6675,1124],[-6,536]],[[7264,1128],[-154,-6]],[[7110,1122],[-435,2]],[[6675,1124],[-283,3]],[[6392,1127],[-305,-1]],[[9035,520],[-132,92],[-309,-10]],[[8594,602],[-17,541]],[[9429,1174],[-68,-146],[-223,-109],[-108,-273],[5,-126]],[[8301,597],[-444,-14]],[[7857,583],[-10,546]],[[8594,602],[-293,-5]],[[7857,583],[-293,-2]],[[7564,581],[-440,6]],[[7124,587],[-14,535]],[[5811,582],[-4,538]],[[6392,1127],[2,-544]],[[6394,583],[-583,-1]],[[6978,583],[-584,0]],[[7124,587],[-146,-4]],[[5231,580],[3,269],[-185,3]],[[5049,852],[112,267]],[[5811,582],[-580,-2]],[[5231,580],[-7,-476]],[[5224,104],[-364,1],[-387,0],[272,219],[148,338],[156,190]],[[8317,30],[-16,567]],[[9035,520],[-366,-477],[-352,-13]],[[7572,16],[-8,565]],[[8317,30],[-131,-1],[-614,-13]],[[6987,99],[-9,484]],[[7572,16],[-32,-1],[-508,-15],[2,98],[-47,1]],[[6987,99],[-459,2],[-131,1]],[[6397,102],[-3,481]],[[5769,102],[46,45],[-4,435]],[[6397,102],[-453,-1],[-175,1]],[[5769,102],[-337,2],[-208,0]]],"transform":{"scale":[0.0007989162903972503,0.0006476948230541036],"translate":[-90.40819983493111,41.69749475802344]}}