{"type":"Topology","objects":{"New York.geo":{"type":"GeometryCollection","geometries":[{"type":"Polygon","properties":{"name":"Clinton","fips":"36019"},"id":"Clinton","arcs":[[0,1,2]]},{"type":"Polygon","properties":{"name":"Franklin","fips":"36033"},"id":"Franklin","arcs":[[-3,3,4,5,6]]},{"type":"Polygon","properties":{"name":"Essex","fips":"36031"},"id":"Essex","arcs":[[7,8,-4,-2,9,10]]},{"type":"Polygon","properties":{"name":"Hamilton","fips":"36041"},"id":"Hamilton","arcs":[[11,12,13,14,-5,-9,15]]},{"type":"Polygon","properties":{"name":"Herkimer","fips":"36043"},"id":"Herkimer","arcs":[[-14,16,17,18,19,20,21]]},{"type":"Polygon","properties":{"name":"Washington","fips":"36115"},"id":"Washington","arcs":[[22,23,24,-11,25]]},{"type":"Polygon","properties":{"name":"Warren","fips":"36113"},"id":"Warren","arcs":[[26,-16,-8,-25]]},{"type":"Polygon","properties":{"name":"Saratoga","fips":"36091"},"id":"Saratoga","arcs":[[27,28,29,-12,-27,-24,30,31]]},{"type":"Polygon","properties":{"name":"Fulton","fips":"36035"},"id":"Fulton","arcs":[[-30,32,-17,-13]]},{"type":"Polygon","properties":{"name":"Montgomery","fips":"36057"},"id":"Montgomery","arcs":[[-18,-33,-29,33,34,35]]},{"type":"Polygon","properties":{"name":"Rensselaer","fips":"36083"},"id":"Rensselaer","arcs":[[36,37,-31,-23,38]]},{"type":"Polygon","properties":{"name":"Schenectady","fips":"36093"},"id":"Schenectady","arcs":[[39,40,-34,-28]]},{"type":"Polygon","properties":{"name":"Otsego","fips":"36077"},"id":"Otsego","arcs":[[-19,-36,41,42,43,44,45]]},{"type":"Polygon","properties":{"name":"Schoharie","fips":"36095"},"id":"Schoharie","arcs":[[46,47,48,-42,-35,-41]]},{"type":"Polygon","properties":{"name":"Albany","fips":"36001"},"id":"Albany","arcs":[[49,-47,-40,-32,-38]]},{"type":"Polygon","properties":{"name":"Delaware","fips":"36025"},"id":"Delaware","arcs":[[50,51,52,-43,-49,53,54,55]]},{"type":"Polygon","properties":{"name":"Columbia","fips":"36021"},"id":"Columbia","arcs":[[56,57,58,-37,59]]},{"type":"Polygon","properties":{"name":"Greene","fips":"36039"},"id":"Greene","arcs":[[-59,60,-54,-48,-50]]},{"type":"Polygon","properties":{"name":"Ulster","fips":"36111"},"id":"Ulster","arcs":[[61,-55,-61,-58,62,63]]},{"type":"Polygon","properties":{"name":"Dutchess","fips":"36027"},"id":"Dutchess","arcs":[[64,65,-63,-57,66]]},{"type":"Polygon","properties":{"name":"Sullivan","fips":"36105"},"id":"Sullivan","arcs":[[67,68,-56,-62]]},{"type":"Polygon","properties":{"name":"Orange","fips":"36071"},"id":"Orange","arcs":[[-68,-64,-66,69,70,71]]},{"type":"Polygon","properties":{"name":"Putnam","fips":"36079"},"id":"Putnam","arcs":[[72,-70,-65,73]]},{"type":"Polygon","properties":{"name":"Westchester","fips":"36119"},"id":"Westchester","arcs":[[74,-73,75,76,77]]},{"type":"Polygon","properties":{"name":"Rockland","fips":"36087"},"id":"Rockland","arcs":[[-75,78,-71]]},{"type":"Polygon","properties":{"name":"Bronx","fips":"36005"},"id":"Bronx","arcs":[[79,80,-77,81]]},{"type":"Polygon","properties":{"name":"Nassau","fips":"36059"},"id":"Nassau","arcs":[[82,83,84,85,86,87]]},{"type":"Polygon","properties":{"name":"New York","fips":"36061"},"id":"New York","arcs":[[-80,88]]},{"type":"MultiPolygon","properties":{"name":"Queens","fips":"36081"},"id":"Queens","arcs":[[[89,90,-87,91]],[[-85,92]]]},{"type":"MultiPolygon","properties":{"name":"Suffolk","fips":"36103"},"id":"Suffolk","arcs":[[[-83,93]],[[94]]]},{"type":"Polygon","properties":{"name":"Kings","fips":"36047"},"id":"Kings","arcs":[[-90,95]]},{"type":"Polygon","properties":{"name":"Richmond","fips":"36085"},"id":"Richmond","arcs":[[96]]},{"type":"Polygon","properties":{"name":"St. Lawrence","fips":"36089"},"id":"St. Lawrence","arcs":[[97,98,99,-6,-15,-22]]},{"type":"Polygon","properties":{"name":"Jefferson","fips":"36045"},"id":"Jefferson","arcs":[[100,-99,101,102]]},{"type":"Polygon","properties":{"name":"Lewis","fips":"36049"},"id":"Lewis","arcs":[[-102,-98,-21,103,104]]},{"type":"Polygon","properties":{"name":"Oswego","fips":"36075"},"id":"Oswego","arcs":[[105,106,107,-103,-105,108,109]]},{"type":"Polygon","properties":{"name":"Oneida","fips":"36065"},"id":"Oneida","arcs":[[-46,110,-109,-104,-20]]},{"type":"Polygon","properties":{"name":"Cayuga","fips":"36011"},"id":"Cayuga","arcs":[[111,112,-107,113,114,115,116]]},{"type":"Polygon","properties":{"name":"Niagara","fips":"36063"},"id":"Niagara","arcs":[[117,118,119,120]]},{"type":"Polygon","properties":{"name":"Orleans","fips":"36073"},"id":"Orleans","arcs":[[-119,121,122,123]]},{"type":"Polygon","properties":{"name":"Monroe","fips":"36055"},"id":"Monroe","arcs":[[-123,124,125,126,127,128]]},{"type":"Polygon","properties":{"name":"Wayne","fips":"36117"},"id":"Wayne","arcs":[[129,-126,130,-112,131]]},{"type":"Polygon","properties":{"name":"Onondaga","fips":"36067"},"id":"Onondaga","arcs":[[-114,-106,132,133]]},{"type":"Polygon","properties":{"name":"Madison","fips":"36053"},"id":"Madison","arcs":[[134,135,-133,-110,-111,-45]]},{"type":"Polygon","properties":{"name":"Genesee","fips":"36037"},"id":"Genesee","arcs":[[136,-120,-124,-129,137,138]]},{"type":"Polygon","properties":{"name":"Erie","fips":"36029"},"id":"Erie","arcs":[[139,-121,-137,140,141,142]]},{"type":"Polygon","properties":{"name":"Ontario","fips":"36069"},"id":"Ontario","arcs":[[-127,-130,143,144,145,146]]},{"type":"Polygon","properties":{"name":"Seneca","fips":"36099"},"id":"Seneca","arcs":[[147,148,-144,-132,-117,149]]},{"type":"Polygon","properties":{"name":"Livingston","fips":"36051"},"id":"Livingston","arcs":[[-138,-128,-147,150,151,152]]},{"type":"Polygon","properties":{"name":"Wyoming","fips":"36121"},"id":"Wyoming","arcs":[[153,-141,-139,-153,154]]},{"type":"Polygon","properties":{"name":"Cortland","fips":"36023"},"id":"Cortland","arcs":[[155,156,-115,-134,-136,157,158]]},{"type":"Polygon","properties":{"name":"Yates","fips":"36123"},"id":"Yates","arcs":[[-145,-149,159,160]]},{"type":"Polygon","properties":{"name":"Chenango","fips":"36017"},"id":"Chenango","arcs":[[161,-158,-135,-44,-53]]},{"type":"Polygon","properties":{"name":"Tompkins","fips":"36109"},"id":"Tompkins","arcs":[[-150,-116,-157,162,163,164]]},{"type":"Polygon","properties":{"name":"Steuben","fips":"36101"},"id":"Steuben","arcs":[[165,-151,-146,-161,166,167,168]]},{"type":"Polygon","properties":{"name":"Chautauqua","fips":"36013"},"id":"Chautauqua","arcs":[[-143,169,170]]},{"type":"Polygon","properties":{"name":"Schuyler","fips":"36097"},"id":"Schuyler","arcs":[[-160,-148,-165,171,-167]]},{"type":"Polygon","properties":{"name":"Cattaraugus","fips":"36009"},"id":"Cattaraugus","arcs":[[-170,-142,-154,172,173]]},{"type":"Polygon","properties":{"name":"Allegany","fips":"36003"},"id":"Allegany","arcs":[[-173,-155,-152,-166,174]]},{"type":"Polygon","properties":{"name":"Broome","fips":"36007"},"id":"Broome","arcs":[[175,176,-159,-162,-52]]},{"type":"Polygon","properties":{"name":"Tioga","fips":"36107"},"id":"Tioga","arcs":[[177,-163,-156,-177,178]]},{"type":"Polygon","properties":{"name":"Chemung","fips":"36015"},"id":"Chemung","arcs":[[-172,-164,-178,179,-168]]}]}},"arcs":[[[7273,9965],[858,34],[-8,-54],[18,-109],[-58,-189],[17,-64],[54,-44],[-59,-166],[19,-98],[-19,-42],[4,-60],[-15,-32],[13,-91],[30,-56],[17,-21]],[[8144,8973],[-172,-18],[-9,-27],[14,-28],[-48,-60],[-45,5],[-39,-59],[-73,-17],[-61,-37],[-33,8],[-37,-14],[-17,14],[-210,-33]],[[7414,8707],[-68,611],[-41,1],[-32,646]],[[7414,8707],[-284,-54],[54,-584],[-236,-42]],[[6948,8027],[-327,-50]],[[6621,7977],[-21,133],[25,49],[-146,1704],[-84,4],[-27,103]],[[6368,9970],[905,-5]],[[8000,7314],[-774,-130]],[[7226,7184],[4,120],[-103,48],[-14,30],[-50,-10],[-32,-28],[-150,245],[95,109],[-28,329]],[[8144,8973],[52,-248],[-8,-61],[-38,-84],[31,-239],[-91,-130],[-6,-65],[-33,-80],[-1,-66],[-34,-95],[-1,-40],[35,-61],[-11,-67],[15,-163],[38,-64],[-12,-181]],[[8080,7329],[-80,-15]],[[7099,6361],[21,-263]],[[7120,6098],[-101,-6],[1,-61],[-125,-20],[-7,56],[-264,-21],[-229,128]],[[6395,6174],[-197,121],[116,310],[-95,1314]],[[6219,7919],[402,58]],[[7226,7184],[-197,-38],[70,-785]],[[6395,6174],[26,-216],[-30,-37],[-4,-37],[-20,-11],[-5,-43],[-37,-49],[-6,-60],[13,-59],[22,-22]],[[6354,5640],[3,-118],[-24,-277]],[[6333,5245],[-152,75],[-9,-144],[-25,-18],[-238,184],[-47,-103],[-97,-8],[-1,56]],[[5764,5287],[-1,396],[185,370],[-79,31],[-6,20],[-29,-2],[-5,17],[16,91],[40,21],[20,-5],[11,15],[-5,26],[21,2],[-44,631]],[[5888,6900],[-62,1070]],[[5826,7970],[123,-91],[270,40]],[[8218,5409],[-133,-5],[-61,38],[-45,-33],[-218,-2]],[[7761,5407],[9,61],[24,42],[39,268],[-23,129],[16,108],[-17,64],[9,44],[-17,36],[3,57]],[[7804,6216],[-53,476],[26,28],[12,42],[-6,27],[28,9],[81,160],[50,47],[1,74],[27,150],[-4,53],[34,32]],[[8080,7329],[33,-58],[3,-48],[-18,-94],[-66,-183],[6,-110],[38,-30],[31,102],[76,22],[12,-12],[16,-58],[-13,-41],[40,-35],[28,-103],[-15,-449],[-33,-823]],[[7804,6216],[-54,3],[-21,-23],[-8,-55],[-24,5],[-15,36],[-42,-22],[-18,-20],[3,-28],[-16,-41],[-19,-20],[-35,51],[-47,7],[17,93],[-38,63],[1,35],[-27,45],[-14,82],[-348,-66]],[[7526,5042],[-92,155],[-15,127],[-64,-17],[-27,44],[-100,78],[-45,1]],[[7183,5430],[-8,77]],[[7175,5507],[-55,591]],[[7761,5407],[-37,-44],[-17,-49],[5,-122],[16,-63],[-20,-112]],[[7708,5017],[-75,99],[-38,-53],[-31,7],[-24,-31],[-14,3]],[[7175,5507],[-556,-4],[-265,137]],[[7183,5430],[8,-118],[-212,-189],[-6,-33]],[[6973,5090],[-31,-31],[-109,-1],[-101,-29],[-158,105],[-95,40]],[[6479,5174],[-146,71]],[[8123,4441],[-543,-99]],[[7580,4342],[-11,44],[33,144],[-2,134],[84,202],[24,151]],[[8218,5409],[-5,-229],[-21,-75],[34,-125],[15,-3],[-118,-536]],[[7526,5042],[-452,-105]],[[7074,4937],[-34,-36],[-68,3],[-56,52],[20,40],[31,9],[18,36],[2,40],[-14,9]],[[6479,5174],[-31,-180],[41,-204],[5,-86],[-16,-67],[-87,-162]],[[6391,4475],[-67,-32],[-81,21],[-125,-100],[-5,26],[-34,-10],[-21,-58],[-10,4],[-12,-21],[-17,10],[-13,-49],[-76,-12],[-71,-80],[-66,-46],[-2,36],[-34,-30],[-44,-12],[-67,-87],[-46,-18],[-86,18]],[[5514,4035],[24,85],[-15,69],[38,75],[-28,105],[3,75],[18,24],[11,62],[46,59],[16,106],[0,103],[45,185]],[[5672,4983],[40,88],[14,109],[-11,81]],[[5715,5261],[8,17],[41,9]],[[7074,4937],[28,-43],[-8,-108],[-92,-251],[8,-104],[-24,-112],[-3,-99]],[[6983,4220],[9,-69],[-33,-29],[-89,-17],[-38,40],[-88,-34]],[[6744,4111],[-227,165],[-126,199]],[[7580,4342],[-597,-122]],[[5846,2999],[-29,27],[-105,2],[-37,175],[-52,31],[-27,70],[-47,12]],[[5549,3316],[-29,38],[-27,93],[7,304]],[[5500,3751],[14,284]],[[6744,4111],[20,-21],[-137,-331],[106,-63]],[[6733,3696],[-74,-57],[-37,-5],[-37,-58],[-284,-209]],[[6301,3367],[-455,-368]],[[7954,3425],[-54,3],[-7,-147],[-253,54],[-216,162],[-43,-4]],[[7381,3493],[23,118]],[[7404,3611],[21,71],[48,58],[33,113],[39,46],[34,78],[-16,211],[22,121],[-5,33]],[[8123,4441],[-187,-949],[18,-67]],[[7404,3611],[-100,103],[-19,-45],[-35,19],[-44,-154],[-278,36],[-195,126]],[[6832,2418],[-32,106],[-230,229],[153,282],[-422,332]],[[7381,3493],[-31,-368],[25,-111],[-11,-204],[12,-93],[-19,-314]],[[7357,2403],[-121,-10],[-39,58],[-61,17],[1,-67],[-80,18],[-77,30],[-4,62],[-112,-85],[-32,-8]],[[7896,2259],[-74,9],[-431,-80],[-66,-114]],[[7325,2074],[-23,37],[5,163],[50,129]],[[7954,3425],[-42,-848],[-16,-318]],[[6832,2418],[-46,-43],[-88,-149],[-343,-20],[-16,-108],[6,-45]],[[6345,2053],[-49,0],[-90,38],[-39,-5],[-5,38],[-43,50],[-49,-2],[-55,124],[-13,59],[-57,86],[-3,19],[27,54],[-18,172],[11,26],[-6,97],[-45,20],[0,40],[22,38],[-48,50],[-9,27],[-30,15]],[[7325,2074],[33,-94],[-32,-161]],[[7326,1819],[-332,-416]],[[6994,1403],[-164,130],[-416,344],[-7,54],[-44,59],[0,45],[-18,18]],[[7878,1909],[-552,-90]],[[7896,2259],[-18,-350]],[[7432,1094],[7,141],[-12,180],[-34,114],[-51,106],[-5,41],[21,71],[-32,72]],[[7878,1909],[-8,-159],[92,-184],[-313,-245],[90,-195],[1,-32],[-161,-248]],[[7579,846],[-56,13],[-17,35],[-90,42]],[[7416,936],[16,75],[0,83]],[[7432,1094],[-401,278],[-37,31]],[[7402,659],[-4,44],[23,51],[6,72],[-28,18]],[[7399,844],[17,92]],[[7579,846],[-20,-121],[-157,-66]],[[7962,830],[29,-48],[41,-437]],[[8032,345],[-417,-148]],[[7615,197],[12,12],[-7,35],[-17,5]],[[7603,249],[-4,42]],[[7599,291],[31,15],[2,24],[13,5],[3,159],[27,11],[4,22],[-4,29],[-52,47],[-11,25]],[[7612,628],[6,125],[192,129],[152,-52]],[[7402,659],[-109,-219],[0,75],[37,133],[69,196]],[[7496,326],[-23,79],[-30,-2],[-86,116]],[[7357,519],[72,128],[183,-19]],[[7599,291],[-103,35]],[[7615,197],[-223,-82],[211,134]],[[7962,830],[60,96],[274,-48],[93,112],[152,37],[493,29],[399,373],[45,-15],[-92,-72],[-79,-187],[-171,-133],[-68,-135],[163,33],[232,231],[114,25],[160,-77],[194,187],[68,-23],[-62,-97],[-763,-479],[-1142,-342]],[[8196,267],[3,15],[64,0],[240,94],[220,138],[120,60],[32,8],[-9,-21],[-243,-130],[-95,-64],[-276,-102],[-56,2]],[[7496,326],[-89,-48],[46,-91],[-157,-20],[-30,129],[91,223]],[[7001,0],[0,71],[89,192],[118,56],[18,-106],[-81,-127],[-90,-76],[-54,-10]],[[5826,7970],[-359,271]],[[5467,8241],[-507,390]],[[4960,8631],[113,282],[544,652],[457,306],[294,99]],[[4507,7058],[-44,339],[59,172],[82,44],[-7,180],[-85,116],[-121,-52],[-83,125],[652,649]],[[5467,8241],[-128,-247],[76,-68],[-17,-47],[16,-20],[-19,-29],[0,-47],[-57,-1],[0,-99],[-76,-1],[-180,-187],[-113,11],[-13,-196],[77,-15],[20,-220]],[[5053,7075],[-328,34],[3,-76],[-221,25]],[[5888,6900],[-533,-420],[-282,105]],[[5073,6585],[-20,490]],[[4782,5956],[-79,52],[-28,-5],[-12,44],[-147,100],[-22,-12],[13,-82],[-23,-44],[-54,63],[-5,-52],[-27,-26],[-26,70],[-216,-18]],[[4156,6046],[0,68],[-151,-3],[-23,351]],[[3982,6462],[209,192],[294,119],[48,175],[-26,110]],[[5073,6585],[-71,19],[-85,-315],[29,-27],[-24,-368]],[[4922,5894],[-49,7],[-38,35],[-53,20]],[[5715,5261],[-235,-13],[-7,157],[-119,7],[-15,227],[-62,0],[-6,62],[-40,18],[-22,79],[-63,57],[-3,37],[-16,2],[-7,20],[-30,-14],[-34,31],[-42,-33],[-92,-4]],[[3858,5599],[1,97],[24,37],[-26,527]],[[3857,6260],[125,202]],[[4156,6046],[11,-213],[-26,-40],[9,-227],[32,-2],[15,-350],[118,2],[93,-114],[7,-55]],[[4415,5047],[18,-118],[0,-224]],[[4433,4705],[-242,-5],[-2,14],[-272,12]],[[3917,4726],[-16,86],[-62,121],[-10,68],[0,95],[24,96],[-24,145],[1,173],[7,52],[21,37]],[[1115,5591],[-54,99],[-172,53],[28,120],[-29,274],[757,231]],[[1645,6368],[-2,-538]],[[1643,5830],[-1,-88]],[[1642,5742],[-24,-11],[-25,18],[-25,-14],[-19,19],[-60,-54],[-55,43],[-60,-25],[-67,9],[-13,-20],[-108,-57],[-21,-58],[-50,-1]],[[1645,6368],[599,-14]],[[2244,6354],[1,-521]],[[2245,5833],[-168,0],[-1,10],[-433,-13]],[[2244,6354],[313,-68],[214,-208],[251,76]],[[3022,6154],[16,-532]],[[3038,5622],[-148,-2],[3,-201],[-127,2]],[[2766,5421],[-232,-8],[45,41],[1,68],[-228,-4]],[[2352,5518],[-3,68],[12,3],[0,45],[-71,0],[60,199],[-105,0]],[[3549,5573],[-213,2],[-5,58],[-293,-11]],[[3022,6154],[587,7],[225,142],[23,-43]],[[3858,5599],[-309,-26]],[[4782,5956],[26,-51],[-6,-37],[25,-11],[-9,-45],[-25,-26],[9,-26],[75,-17],[26,-655]],[[4903,5088],[-488,-41]],[[5672,4983],[-171,4],[-592,-51]],[[4909,4936],[-6,152]],[[1649,5260],[-7,482]],[[2352,5518],[3,-81],[-32,0],[-2,-93],[-26,-1],[-6,-92]],[[2289,5251],[-143,8],[-2,11],[-495,-10]],[[787,4596],[124,277],[234,208],[-98,403],[68,107]],[[1649,5260],[-26,2],[0,-195],[35,-3],[-7,-544]],[[1651,4520],[-121,-56],[-60,-9],[-111,-69],[-28,20],[-77,-61],[-21,17],[-79,-43],[-43,-7],[-75,58],[-17,51],[-80,107],[-45,1]],[[894,4529],[-55,55],[-52,12]],[[3549,5573],[4,-319],[-13,-1],[-3,-227]],[[3537,5026],[-437,-1],[-64,-188],[1,-222]],[[3037,4615],[-164,0]],[[2873,4615],[13,203],[-143,2],[-25,204],[38,2],[1,196],[38,8],[8,43],[-37,148]],[[3880,4554],[-249,-8]],[[3631,4546],[9,239],[-61,142],[-11,97],[-31,2]],[[3917,4726],[44,-94],[61,-76],[-142,-2]],[[2873,4615],[-203,4],[0,-98],[-76,-3],[-7,-151]],[[2587,4367],[-150,17],[4,100],[-251,0],[-13,12]],[[2177,4496],[6,21],[-16,15],[10,45],[17,20],[-14,10],[3,23],[45,17],[2,15],[-22,17],[47,24],[36,118],[-2,430]],[[1847,4493],[-192,4],[-4,23]],[[2177,4496],[-330,-3]],[[4607,4226],[-162,-7]],[[4445,4219],[-12,486]],[[4909,4936],[27,-697]],[[4936,4239],[-329,-13]],[[3631,4546],[-3,-93],[18,-89],[-89,-28],[-6,15],[-29,-2],[-4,44],[-149,-6]],[[3369,4387],[10,28],[-41,14],[-15,24],[2,151],[-288,11]],[[5500,3751],[-266,4],[-4,111],[-265,11],[-29,362]],[[4445,4219],[-50,-1],[-3,-55],[70,-57],[-14,-128],[-43,0],[0,21],[-79,-1],[-6,25],[-77,-2],[-2,-119],[-65,1],[-1,33],[-88,3]],[[4087,3939],[-104,5]],[[3983,3944],[-82,5],[-21,605]],[[2557,3314],[30,1053]],[[3369,4387],[9,-452],[166,-2]],[[3544,3933],[-4,-607]],[[3540,3326],[-816,-9],[-167,-3]],[[894,4529],[-3,-1207]],[[891,3322],[-700,-1],[-189,5],[-2,588],[404,337],[113,165],[270,180]],[[3983,3944],[2,-73],[-29,-22],[-51,-3],[-3,28],[-52,1],[-7,95],[-294,-19],[-5,-18]],[[1847,4493],[0,-1175]],[[1847,3318],[-777,1],[-179,3]],[[2557,3314],[-582,2],[-128,2]],[[5549,3316],[-123,-5],[-792,7]],[[4634,3318],[-7,412],[21,2],[23,34],[-3,67],[-16,7],[-3,59],[20,-2],[-2,31],[-42,23],[0,25],[11,-1],[-2,56],[-13,4],[-14,191]],[[4053,3326],[18,113],[-9,220],[32,3],[-7,277]],[[4634,3318],[-51,3],[-530,5]],[[4053,3326],[-462,-1],[-51,1]]],"transform":{"scale":[0.0007894037652371393,0.000450058552825551],"translate":[-79.76323498046474,40.50600330154896]}}
