{"type":"Topology","objects":{"Utah.geo":{"type":"GeometryCollection","geometries":[{"type":"Polygon","properties":{"name":"Cache","fips":"49005"},"id":"Cache","arcs":[[0,1,2,3]]},{"type":"Polygon","properties":{"name":"Box Elder","fips":"49003"},"id":"Box Elder","arcs":[[4,5,-2,6]]},{"type":"Polygon","properties":{"name":"Rich","fips":"49033"},"id":"Rich","arcs":[[7,8,9,-4,10]]},{"type":"Polygon","properties":{"name":"Weber","fips":"49057"},"id":"Weber","arcs":[[-7,-1,-10,11,12,13]]},{"type":"Polygon","properties":{"name":"Morgan","fips":"49029"},"id":"Morgan","arcs":[[14,15,-12,-9,16]]},{"type":"Polygon","properties":{"name":"Summit","fips":"49043"},"id":"Summit","arcs":[[17,18,19,-17,-8,20,21]]},{"type":"Polygon","properties":{"name":"Davis","fips":"49011"},"id":"Davis","arcs":[[22,-13,-16,23]]},{"type":"Polygon","properties":{"name":"Tooele","fips":"49045"},"id":"Tooele","arcs":[[24,25,-5,-14,-23,26,27]]},{"type":"Polygon","properties":{"name":"Daggett","fips":"49009"},"id":"Daggett","arcs":[[28,29,-22,30]]},{"type":"Polygon","properties":{"name":"Salt Lake","fips":"49035"},"id":"Salt Lake","arcs":[[31,-27,-24,-15,-20,32]]},{"type":"Polygon","properties":{"name":"Uintah","fips":"49047"},"id":"Uintah","arcs":[[33,34,35,-29,36]]},{"type":"Polygon","properties":{"name":"Duchesne","fips":"49013"},"id":"Duchesne","arcs":[[37,38,-18,-30,-36,39]]},{"type":"Polygon","properties":{"name":"Wasatch","fips":"49051"},"id":"Wasatch","arcs":[[40,-33,-19,-39]]},{"type":"Polygon","properties":{"name":"Utah","fips":"49049"},"id":"Utah","arcs":[[41,42,43,-28,-32,-41,-38]]},{"type":"Polygon","properties":{"name":"Juab","fips":"49023"},"id":"Juab","arcs":[[44,45,-25,-44,46]]},{"type":"Polygon","properties":{"name":"Carbon","fips":"49007"},"id":"Carbon","arcs":[[47,48,-42,-40,-35]]},{"type":"Polygon","properties":{"name":"Sanpete","fips":"49039"},"id":"Sanpete","arcs":[[49,-47,-43,-49,50,51]]},{"type":"Polygon","properties":{"name":"Emery","fips":"49015"},"id":"Emery","arcs":[[52,53,-51,-48,54]]},{"type":"Polygon","properties":{"name":"Millard","fips":"49027"},"id":"Millard","arcs":[[55,56,-45,-50,57]]},{"type":"Polygon","properties":{"name":"Grand","fips":"49019"},"id":"Grand","arcs":[[58,-55,-34,59]]},{"type":"Polygon","properties":{"name":"Sevier","fips":"49041"},"id":"Sevier","arcs":[[60,-58,-52,-54,61,62]]},{"type":"Polygon","properties":{"name":"Beaver","fips":"49001"},"id":"Beaver","arcs":[[63,64,-56,-61,65,66]]},{"type":"Polygon","properties":{"name":"Wayne","fips":"49055"},"id":"Wayne","arcs":[[67,68,-62,-53,69]]},{"type":"Polygon","properties":{"name":"Piute","fips":"49031"},"id":"Piute","arcs":[[-66,-63,-69,70]]},{"type":"Polygon","properties":{"name":"San Juan","fips":"49037"},"id":"San Juan","arcs":[[71,72,-70,-59,73]]},{"type":"Polygon","properties":{"name":"Garfield","fips":"49017"},"id":"Garfield","arcs":[[74,-67,-71,-68,-73,75]]},{"type":"Polygon","properties":{"name":"Iron","fips":"49021"},"id":"Iron","arcs":[[76,77,-64,-75,78]]},{"type":"Polygon","properties":{"name":"Washington","fips":"49053"},"id":"Washington","arcs":[[79,-77,80]]},{"type":"Polygon","properties":{"name":"Kane","fips":"49025"},"id":"Kane","arcs":[[-81,-79,-76,-72,81]]}]}},"arcs":[[[5084,8831],[-287,-1],[-94,22],[-45,-84],[-66,-31],[-87,44],[-109,10],[-70,51]],[[4326,8842],[-1,42],[-55,24],[12,20],[84,18],[-24,45],[-40,4],[-26,65],[-40,37],[-47,2],[-51,-26],[-20,13],[-68,247],[-70,107],[7,49],[78,51],[13,49],[-44,38],[-1,61],[-32,14],[-74,104],[-50,22],[-27,37],[-55,99],[2,29]],[[3797,9993],[93,6],[1211,-4]],[[5101,9995],[79,-124],[-2,-43],[-73,-30],[28,-61],[-13,-47],[73,-47],[80,-217],[-12,-68],[51,-60],[-50,-81],[-22,-143],[-51,-41],[-77,-114],[-28,-88]],[[3100,8155],[-682,-158],[-2400,-3]],[[18,7994],[-2,1991],[2097,12],[1684,-4]],[[4326,8842],[-57,-26],[-84,24],[-33,-127],[-104,-43],[-400,-3],[-548,-512]],[[5986,8515],[-54,-27],[-45,-71],[-75,-46],[-57,-13],[-97,-69],[-25,-3],[-23,17]],[[5610,8303],[72,114],[-26,22],[-62,12],[-30,29],[-1,122],[-112,115],[-36,1],[-65,28],[-87,-21]],[[5263,8725],[-92,41],[-47,50],[-40,15]],[[5101,9995],[891,-8],[-5,-834],[-1,-638]],[[5263,8725],[4,-33],[-31,-18],[-21,-53],[4,-61],[-52,-63],[-41,-15],[-32,-34],[-170,23],[-32,-12],[-33,-62],[-138,-39],[-61,12],[-65,63],[-11,-20],[-40,14],[-69,0],[-86,-35],[-30,-30],[16,-92]],[[4375,8270],[-118,-1],[-130,39],[-341,3],[-684,-158]],[[3102,8153],[-2,2]],[[4822,7629],[-51,32],[-8,34],[-46,9],[-42,-9],[-67,32]],[[4608,7727],[-49,20],[1,37],[-52,48],[-33,64],[1,23],[54,-1],[-2,21],[-66,96],[-34,18],[-35,89],[-18,128]],[[5610,8303],[-234,-48],[-36,-37],[1,-41],[-70,-29],[-51,3],[-140,-39],[-50,-28],[-20,-45],[-92,-60],[0,-24],[13,-42],[107,-2],[-11,-86],[38,8],[49,-89],[-17,-71],[-28,-24],[3,-45],[-24,-24],[-37,-5],[-95,85],[-49,-5],[-45,-26]],[[8095,7626],[-90,13],[-91,-20],[-329,44],[-164,-17],[-52,-61],[-33,-8],[-79,7],[-29,-19],[-113,-12],[-39,-17],[-77,13],[-44,-25],[-83,-2],[-34,16],[-67,-51],[-91,11],[-100,-14],[-92,-59],[-67,2],[-10,16],[-89,20],[-29,-45],[1,-56]],[[6294,7362],[-66,-12],[-52,-147],[-28,-18],[-133,-24],[-51,12],[-41,28],[-40,-1],[-94,-89],[-242,78],[-84,55],[-104,26],[-49,96],[-76,-15],[-14,-29],[-53,-25],[-26,-83],[-151,11]],[[4990,7225],[-93,101],[14,81],[-59,59],[-13,60],[-34,20],[-4,57],[21,26]],[[5986,8515],[1,-523],[1974,3],[122,-1]],[[8083,7994],[12,-368]],[[3584,7541],[-482,612]],[[4608,7727],[-28,-23],[-141,-42],[-206,-14],[-54,64],[8,123],[-107,1],[-496,-295]],[[3734,6020],[-85,-39],[-26,-62],[-142,-30],[-54,11],[-26,-88],[-2177,10],[-59,-17],[-47,19],[-181,-22],[-49,14],[-873,5]],[[15,5821],[3,404],[0,1769]],[[3584,7541],[117,-134],[21,-143],[37,-56],[-17,-275]],[[3742,6933],[-55,-4],[-14,-33],[55,-211],[-33,-59],[21,-40],[-9,-57],[27,-19],[0,-56],[44,-36],[17,-66],[-5,-19],[-50,-32],[-3,-42],[41,-68],[-55,-78],[18,-37],[-7,-56]],[[9993,7331],[-126,-8],[0,54],[-75,1],[-14,201],[-74,3],[1,133],[-384,6],[-8,-123],[-166,-104],[-75,23],[-6,84],[-15,47],[-21,9],[-61,-21],[-228,-31],[-141,11],[-59,-53],[-51,3],[-77,-21],[-112,10],[-159,54]],[[8142,7609],[-47,17]],[[8083,7994],[1906,2],[4,-665]],[[4918,7166],[-32,-24],[-65,-8],[-73,-50],[-200,-36],[-87,-81],[-46,-11],[-16,-29],[-57,17],[-141,-102],[-65,-9],[-128,85],[-28,-3],[-21,-23],[-90,-12],[-28,13],[-13,47],[-86,-7]],[[4990,7225],[-26,-46],[-46,-13]],[[9978,5042],[-41,-3],[3,-12],[-32,-5],[2,-17],[-26,1],[-1,-19],[-22,1],[-4,-72],[-35,-2],[-1,-17],[-1756,20]],[[8065,4917],[3,59],[-62,74],[37,31],[-13,45],[24,29],[-9,30],[57,59],[-16,30],[39,26],[6,37],[-40,14],[65,50],[-27,43],[40,15],[29,-32],[3,30],[45,34],[7,60],[-15,46],[42,-21],[34,15],[31,-11],[15,15],[-42,26],[-178,0]],[[8140,5621],[2,1988]],[[9993,7331],[-10,-908],[-3,-1103],[-2,-278]],[[6383,5629],[-3,161],[-64,0]],[[6316,5790],[-22,1572]],[[8140,5621],[-1110,-12],[1,11],[-648,9]],[[6316,5790],[-382,2],[3,81],[-86,-2],[10,44],[-41,40],[-55,22],[-70,115],[-67,-10],[17,223],[-11,37],[-72,69],[-3,71],[-29,42],[-87,55],[-141,15],[-41,-20],[-70,18],[11,52],[-15,46],[-61,35],[-128,10],[-123,149],[4,43],[66,59],[17,55],[-4,56],[-40,69]],[[6383,5629],[-781,-10]],[[5602,5619],[-301,-6],[-130,10],[-79,-14],[-38,2],[-8,13],[-233,-5]],[[4813,5619],[-251,9],[26,63],[29,17],[-4,23],[-58,53],[-131,76],[-77,-77],[-137,-72],[-77,-103],[-34,11],[-50,-52],[-103,-5],[-17,27],[27,69],[-22,70],[36,43],[1,37],[-77,54],[4,52],[-20,25],[-59,33],[-34,39],[-51,9]],[[4075,4610],[-122,0],[2,29],[-229,-1],[-17,92],[-34,32],[46,39],[-25,89],[24,57],[-26,21],[11,66],[-13,73],[-3678,-24]],[[14,5083],[1,738]],[[4813,5619],[0,-31],[36,-1],[-1,-23],[75,-1],[-1,-118],[-116,-3],[2,-28],[-61,-10],[2,-15],[-22,-3],[0,-27],[-55,-2],[4,-456],[-73,-4],[-6,-151],[-339,2],[-2,-22],[-63,-1],[-9,-65],[-108,-2],[-1,-48]],[[8065,4917],[-2121,1],[-27,136],[-48,53],[-26,104],[-81,-25],[-106,137],[-18,51],[-38,27]],[[5600,5401],[2,218]],[[4077,4095],[-2,515]],[[5600,5401],[0,-484],[-107,-1],[6,-843]],[[5499,4073],[-1102,1],[4,12],[-324,9]],[[8008,3006],[-2526,4],[-1,14]],[[5481,3024],[18,1049]],[[8065,4917],[-6,-203],[-35,-58],[-33,-19],[-18,-40],[17,-18],[-36,-39],[32,-99],[-14,-15],[-30,5],[9,-51],[-51,-30],[-33,-52],[29,-43],[-69,-95],[-26,-74],[-13,-55],[29,-37],[-18,-52],[24,-81],[-66,-24],[-15,-25],[26,-22],[11,-61],[39,-2],[-13,-59],[49,0],[-5,-27],[31,-21],[-18,-46],[80,-52],[-16,-37],[-44,-6],[-17,-23],[11,-16],[-28,-27],[17,-9],[44,13],[-14,-37],[21,-15],[-12,-39],[39,16],[9,-30],[17,5],[12,-20],[31,-3],[-2,-57],[-41,2],[-8,-20],[18,-12],[51,9],[31,24],[37,-27],[-12,-39],[-66,23],[-48,-31],[37,-24],[29,4],[24,-21],[37,7],[14,-14],[-37,-24],[26,-44],[-45,-19],[-54,3],[5,-28]],[[3057,3156],[-1220,7],[1,-10],[-871,15],[-963,-16]],[[4,3152],[2,215],[8,1716]],[[4077,4095],[-13,-103],[-100,-4],[-2,-72],[-121,-1],[-9,-42],[-40,-2],[-7,-49],[-30,-2],[-5,-58],[-30,1],[-4,-34],[-70,-3],[5,-257],[-114,-60],[-13,-33],[-40,0],[1,-17],[-108,-4],[-5,17],[-209,-15],[-21,-59],[-20,1],[-2,-82],[-30,0],[-4,-64],[-29,3]],[[9978,2999],[-1970,7]],[[9978,5042],[5,-314],[-5,-1729]],[[3064,3023],[-7,133]],[[5481,3024],[-871,4],[-57,-27]],[[4553,3001],[-596,2],[1,23],[-894,-3]],[[3140,2292],[-3140,-5]],[[0,2287],[4,865]],[[3064,3023],[-2,-88],[103,-63],[34,-60],[87,23],[4,-63],[57,-28],[61,-78],[5,-31],[-26,-66],[-50,-75],[32,-39],[-7,-21],[-106,-59],[-34,-84]],[[3222,2291],[-82,1]],[[8226,2295],[-321,14],[-2669,0],[1,-14],[-827,2]],[[4410,2297],[-17,567],[39,18],[23,64],[98,55]],[[8008,3006],[78,-54],[-14,-54],[-55,14],[-24,-14],[47,-22],[46,-50],[-37,-17],[-25,-44],[50,-39],[37,42],[30,1],[-23,-72],[43,-18],[16,29],[33,-7],[-45,-44],[28,-35],[3,-36],[23,-14],[-2,-45],[67,7],[-6,-31],[-39,-25],[50,-11],[11,-17],[-54,-5],[-6,-12],[4,-16],[58,-24],[-20,-19],[23,-15],[-49,-25],[-30,-39]],[[4410,2297],[-224,4],[-3,-14],[-220,13],[-741,-9]],[[5377,20],[51,27],[48,-1],[9,30],[29,18],[-43,25],[20,19],[63,-21],[33,-48],[36,-7],[12,18],[-24,35],[8,21],[51,-11],[63,80],[63,-12],[83,22],[101,-4],[179,40],[29,51],[25,0],[88,94],[53,178],[54,31],[2,30],[-68,34],[-2,23],[25,12],[138,-62],[118,77],[11,34],[-48,32],[-1,27],[67,-8],[33,44],[-14,28],[-52,4],[-22,29],[25,0],[45,49],[93,-4],[44,15],[0,13],[-47,24],[31,72]],[[6786,1078],[89,65],[3,59],[50,22],[24,47],[56,1],[37,39],[43,-6],[23,89],[68,72],[35,70],[-79,17],[11,56],[64,19],[78,140],[33,13],[153,-7],[28,-39],[42,56],[109,-5],[20,34],[-15,50],[20,30],[54,18],[66,86],[49,7],[45,-18],[37,10],[16,71],[43,32],[15,66],[63,37],[36,-12],[40,21],[84,77]],[[9978,2999],[-4,-498],[24,-184],[1,-530],[-5,-512],[-6,-1265],[-1895,-9],[-909,-1],[-64,24],[-512,-3],[-1231,-1]],[[2728,1089],[-12,520],[218,0],[1,167],[216,1],[3,163],[-29,4],[15,348]],[[6786,1078],[-2366,3],[-1,-11],[-1043,2],[1,12],[-649,5]],[[2296,998],[-275,1],[-3,-55],[-217,0],[0,15],[-210,3],[-2,95],[-442,6],[2,175],[-227,2],[-5,-32],[-917,3]],[[0,1211],[0,1076]],[[2728,1089],[-431,2],[-1,-93]],[[2292,9],[-2285,1],[-7,1201]],[[2296,998],[-4,-989]],[[5377,20],[-1760,-13],[-610,5],[-715,-3]]],"transform":{"scale":[0.0005004567076180498,0.0005011055403891818],"translate":[-114.0472730221736,36.991746310192156]}}