{"type":"Topology","objects":{"Kansas.geo":{"type":"GeometryCollection","geometries":[{"type":"Polygon","properties":{"name":"Norton","fips":"20137"},"id":"Norton","arcs":[[0,1,2,3,4]]},{"type":"Polygon","properties":{"name":"Phillips","fips":"20147"},"id":"Phillips","arcs":[[-4,5,6,7,8]]},{"type":"Polygon","properties":{"name":"Rawlins","fips":"20153"},"id":"Rawlins","arcs":[[9,10,11,12,13]]},{"type":"Polygon","properties":{"name":"Cheyenne","fips":"20023"},"id":"Cheyenne","arcs":[[14,-12,15]]},{"type":"Polygon","properties":{"name":"Decatur","fips":"20039"},"id":"Decatur","arcs":[[-14,16,-2,17,18]]},{"type":"Polygon","properties":{"name":"Republic","fips":"20157"},"id":"Republic","arcs":[[19,20,21,22]]},{"type":"Polygon","properties":{"name":"Doniphan","fips":"20043"},"id":"Doniphan","arcs":[[23,24,25]]},{"type":"Polygon","properties":{"name":"Smith","fips":"20183"},"id":"Smith","arcs":[[26,27,-7,28,29]]},{"type":"Polygon","properties":{"name":"Jewell","fips":"20089"},"id":"Jewell","arcs":[[30,31,-30,32,-20,33]]},{"type":"Polygon","properties":{"name":"Washington","fips":"20201"},"id":"Washington","arcs":[[34,35,36,-22,37,38]]},{"type":"Polygon","properties":{"name":"Nemaha","fips":"20131"},"id":"Nemaha","arcs":[[39,40,41,42,43]]},{"type":"Polygon","properties":{"name":"Marshall","fips":"20117"},"id":"Marshall","arcs":[[-39,44,-40,45,46]]},{"type":"Polygon","properties":{"name":"Brown","fips":"20013"},"id":"Brown","arcs":[[-42,47,-24,48,49]]},{"type":"Polygon","properties":{"name":"Cloud","fips":"20029"},"id":"Cloud","arcs":[[50,51,-34,-23,-37,52]]},{"type":"Polygon","properties":{"name":"Atchison","fips":"20005"},"id":"Atchison","arcs":[[53,-49,-26,54,55,56]]},{"type":"Polygon","properties":{"name":"Jackson","fips":"20085"},"id":"Jackson","arcs":[[57,58,-43,-50,-54,59]]},{"type":"Polygon","properties":{"name":"Sherman","fips":"20181"},"id":"Sherman","arcs":[[60,61,-16,-11,62,63]]},{"type":"Polygon","properties":{"name":"Thomas","fips":"20193"},"id":"Thomas","arcs":[[64,65,-63,-10,-19,66]]},{"type":"Polygon","properties":{"name":"Sheridan","fips":"20179"},"id":"Sheridan","arcs":[[67,-67,-18,-1,68]]},{"type":"Polygon","properties":{"name":"Clay","fips":"20027"},"id":"Clay","arcs":[[69,-53,-36,70,71,72]]},{"type":"Polygon","properties":{"name":"Riley","fips":"20161"},"id":"Riley","arcs":[[73,74,75,-71,-35,-47]]},{"type":"Polygon","properties":{"name":"Rooks","fips":"20163"},"id":"Rooks","arcs":[[76,77,-8,-28,78,79]]},{"type":"Polygon","properties":{"name":"Osborne","fips":"20141"},"id":"Osborne","arcs":[[-79,-27,-32,80,81,82,83]]},{"type":"Polygon","properties":{"name":"Pottawatomie","fips":"20149"},"id":"Pottawatomie","arcs":[[-46,-44,-59,84,85,-74]]},{"type":"Polygon","properties":{"name":"Graham","fips":"20065"},"id":"Graham","arcs":[[-69,-5,-9,-78,86,87]]},{"type":"Polygon","properties":{"name":"Mitchell","fips":"20123"},"id":"Mitchell","arcs":[[-81,-31,-52,88,89]]},{"type":"Polygon","properties":{"name":"Jefferson","fips":"20087"},"id":"Jefferson","arcs":[[90,91,-60,-57,92]]},{"type":"Polygon","properties":{"name":"Leavenworth","fips":"20103"},"id":"Leavenworth","arcs":[[93,94,-93,-56,95,96]]},{"type":"Polygon","properties":{"name":"Ottawa","fips":"20143"},"id":"Ottawa","arcs":[[97,-89,-51,-70,98,99]]},{"type":"Polygon","properties":{"name":"Geary","fips":"20061"},"id":"Geary","arcs":[[100,-72,-76,101,102]]},{"type":"Polygon","properties":{"name":"Shawnee","fips":"20177"},"id":"Shawnee","arcs":[[103,-85,-58,-92,104,105]]},{"type":"Polygon","properties":{"name":"Lincoln","fips":"20105"},"id":"Lincoln","arcs":[[106,107,-82,-90,-98,108]]},{"type":"Polygon","properties":{"name":"Wabaunsee","fips":"20197"},"id":"Wabaunsee","arcs":[[109,110,-102,-75,-86,-104,111]]},{"type":"Polygon","properties":{"name":"Wyandotte","fips":"20209"},"id":"Wyandotte","arcs":[[-97,112,113]]},{"type":"Polygon","properties":{"name":"Logan","fips":"20109"},"id":"Logan","arcs":[[114,115,-64,-66,116,117]]},{"type":"Polygon","properties":{"name":"Trego","fips":"20195"},"id":"Trego","arcs":[[118,119,-87,-77,120]]},{"type":"Polygon","properties":{"name":"Ellis","fips":"20051"},"id":"Ellis","arcs":[[-121,-80,-84,121,122,123]]},{"type":"Polygon","properties":{"name":"Gove","fips":"20063"},"id":"Gove","arcs":[[124,125,126,-117,-65,-68,-88,-120]]},{"type":"Polygon","properties":{"name":"Wallace","fips":"20199"},"id":"Wallace","arcs":[[127,128,-61,-116,129]]},{"type":"Polygon","properties":{"name":"Russell","fips":"20167"},"id":"Russell","arcs":[[-122,-83,-108,130,131,132]]},{"type":"Polygon","properties":{"name":"Dickinson","fips":"20041"},"id":"Dickinson","arcs":[[-99,-73,-101,133,134,135]]},{"type":"Polygon","properties":{"name":"Douglas","fips":"20045"},"id":"Douglas","arcs":[[136,137,-105,-91,-95,138]]},{"type":"Polygon","properties":{"name":"Johnson","fips":"20091"},"id":"Johnson","arcs":[[139,-139,-94,-114,140]]},{"type":"Polygon","properties":{"name":"Saline","fips":"20169"},"id":"Saline","arcs":[[-136,141,142,-109,-100]]},{"type":"Polygon","properties":{"name":"Morris","fips":"20127"},"id":"Morris","arcs":[[143,-134,-103,-111,144,145]]},{"type":"Polygon","properties":{"name":"Osage","fips":"20139"},"id":"Osage","arcs":[[146,-112,-106,-138,147,148]]},{"type":"Polygon","properties":{"name":"Ellsworth","fips":"20053"},"id":"Ellsworth","arcs":[[149,150,-131,-107,-143,151]]},{"type":"Polygon","properties":{"name":"Miami","fips":"20121"},"id":"Miami","arcs":[[152,-140,153,154]]},{"type":"Polygon","properties":{"name":"Lyon","fips":"20111"},"id":"Lyon","arcs":[[155,156,157,-145,-110,-147]]},{"type":"Polygon","properties":{"name":"Franklin","fips":"20059"},"id":"Franklin","arcs":[[158,159,-148,-137,-153]]},{"type":"Polygon","properties":{"name":"Scott","fips":"20171"},"id":"Scott","arcs":[[160,161,162,-118,-127,163]]},{"type":"Polygon","properties":{"name":"Wichita","fips":"20203"},"id":"Wichita","arcs":[[164,165,166,-130,-115,-163]]},{"type":"Polygon","properties":{"name":"Lane","fips":"20101"},"id":"Lane","arcs":[[167,-164,-126,168]]},{"type":"Polygon","properties":{"name":"Ness","fips":"20135"},"id":"Ness","arcs":[[-169,-125,-119,-124,169,170,171,172]]},{"type":"Polygon","properties":{"name":"Greeley","fips":"20071"},"id":"Greeley","arcs":[[173,174,-128,-167]]},{"type":"Polygon","properties":{"name":"Rush","fips":"20165"},"id":"Rush","arcs":[[-170,-123,-133,175,176]]},{"type":"Polygon","properties":{"name":"Barton","fips":"20009"},"id":"Barton","arcs":[[-176,-132,-151,177,178,179]]},{"type":"Polygon","properties":{"name":"McPherson","fips":"20113"},"id":"McPherson","arcs":[[180,-152,-142,181,182,183]]},{"type":"Polygon","properties":{"name":"Marion","fips":"20115"},"id":"Marion","arcs":[[184,185,-182,-135,-144,186]]},{"type":"Polygon","properties":{"name":"Chase","fips":"20017"},"id":"Chase","arcs":[[187,-187,-146,-158,188]]},{"type":"Polygon","properties":{"name":"Rice","fips":"20159"},"id":"Rice","arcs":[[189,-178,-150,-181,190]]},{"type":"Polygon","properties":{"name":"Coffey","fips":"20031"},"id":"Coffey","arcs":[[191,192,-156,-149,-160,193]]},{"type":"Polygon","properties":{"name":"Linn","fips":"20107"},"id":"Linn","arcs":[[194,195,-155,196]]},{"type":"Polygon","properties":{"name":"Anderson","fips":"20003"},"id":"Anderson","arcs":[[197,-194,-159,-196]]},{"type":"Polygon","properties":{"name":"Pawnee","fips":"20145"},"id":"Pawnee","arcs":[[198,-171,-177,-180,199,200]]},{"type":"Polygon","properties":{"name":"Hamilton","fips":"20075"},"id":"Hamilton","arcs":[[201,202,-174,-166,203]]},{"type":"Polygon","properties":{"name":"Kearny","fips":"20093"},"id":"Kearny","arcs":[[204,-204,-165,-162,205]]},{"type":"Polygon","properties":{"name":"Finney","fips":"20055"},"id":"Finney","arcs":[[206,-206,-161,-168,-173,207,208]]},{"type":"Polygon","properties":{"name":"Stafford","fips":"20185"},"id":"Stafford","arcs":[[209,210,-200,-179,-190,211]]},{"type":"Polygon","properties":{"name":"Hodgeman","fips":"20083"},"id":"Hodgeman","arcs":[[212,-208,-172,-199,213,214]]},{"type":"Polygon","properties":{"name":"Harvey","fips":"20079"},"id":"Harvey","arcs":[[215,-183,-186,216,217]]},{"type":"Polygon","properties":{"name":"Reno","fips":"20155"},"id":"Reno","arcs":[[218,-212,-191,-184,-216,219,220]]},{"type":"Polygon","properties":{"name":"Greenwood","fips":"20073"},"id":"Greenwood","arcs":[[221,-189,-157,-193,222,223,224]]},{"type":"Polygon","properties":{"name":"Butler","fips":"20015"},"id":"Butler","arcs":[[225,-217,-185,-188,-222,226,227]]},{"type":"Polygon","properties":{"name":"Edwards","fips":"20047"},"id":"Edwards","arcs":[[228,229,-214,-201,-211,230]]},{"type":"Polygon","properties":{"name":"Woodson","fips":"20207"},"id":"Woodson","arcs":[[231,-223,-192,232]]},{"type":"Polygon","properties":{"name":"Allen","fips":"20001"},"id":"Allen","arcs":[[233,-233,-198,234]]},{"type":"Polygon","properties":{"name":"Bourbon","fips":"20011"},"id":"Bourbon","arcs":[[235,-235,-195,236,237]]},{"type":"Polygon","properties":{"name":"Gray","fips":"20069"},"id":"Gray","arcs":[[238,239,-209,-213,240]]},{"type":"Polygon","properties":{"name":"Ford","fips":"20057"},"id":"Ford","arcs":[[-241,-215,-230,241,242,243]]},{"type":"Polygon","properties":{"name":"Sedgwick","fips":"20173"},"id":"Sedgwick","arcs":[[244,-220,-218,-226,245]]},{"type":"Polygon","properties":{"name":"Pratt","fips":"20151"},"id":"Pratt","arcs":[[246,247,-231,-210,-219,248]]},{"type":"Polygon","properties":{"name":"Stanton","fips":"20187"},"id":"Stanton","arcs":[[249,250,-202,251,252]]},{"type":"Polygon","properties":{"name":"Haskell","fips":"20081"},"id":"Haskell","arcs":[[253,-207,-240,254,255,256]]},{"type":"Polygon","properties":{"name":"Grant","fips":"20067"},"id":"Grant","arcs":[[257,-252,-205,-254]]},{"type":"Polygon","properties":{"name":"Kiowa","fips":"20097"},"id":"Kiowa","arcs":[[258,259,-242,-229,-248,260]]},{"type":"Polygon","properties":{"name":"Wilson","fips":"20205"},"id":"Wilson","arcs":[[261,262,-224,-232,263]]},{"type":"Polygon","properties":{"name":"Neosho","fips":"20133"},"id":"Neosho","arcs":[[264,265,-264,-234,-236,266]]},{"type":"Polygon","properties":{"name":"Kingman","fips":"20095"},"id":"Kingman","arcs":[[267,268,-249,-221,-245,269]]},{"type":"Polygon","properties":{"name":"Crawford","fips":"20037"},"id":"Crawford","arcs":[[270,-267,-238,271,272]]},{"type":"Polygon","properties":{"name":"Elk","fips":"20049"},"id":"Elk","arcs":[[273,-227,-225,-263,274,275]]},{"type":"Polygon","properties":{"name":"Sumner","fips":"20191"},"id":"Sumner","arcs":[[276,-270,-246,277,278]]},{"type":"Polygon","properties":{"name":"Cowley","fips":"20035"},"id":"Cowley","arcs":[[-278,-228,-274,279,280]]},{"type":"Polygon","properties":{"name":"Meade","fips":"20119"},"id":"Meade","arcs":[[281,-255,-239,-244,282,283]]},{"type":"Polygon","properties":{"name":"Clark","fips":"20025"},"id":"Clark","arcs":[[284,-283,-243,-260,285]]},{"type":"Polygon","properties":{"name":"Barber","fips":"20007"},"id":"Barber","arcs":[[286,-261,-247,-269,287,288]]},{"type":"Polygon","properties":{"name":"Stevens","fips":"20189"},"id":"Stevens","arcs":[[289,290,-253,-258,-257,291]]},{"type":"Polygon","properties":{"name":"Morton","fips":"20129"},"id":"Morton","arcs":[[-250,-291,292]]},{"type":"Polygon","properties":{"name":"Seward","fips":"20175"},"id":"Seward","arcs":[[-292,-256,-282,293]]},{"type":"Polygon","properties":{"name":"Harper","fips":"20077"},"id":"Harper","arcs":[[294,-288,-268,-277]]},{"type":"Polygon","properties":{"name":"Montgomery","fips":"20125"},"id":"Montgomery","arcs":[[295,-275,-262,-266,296,297]]},{"type":"Polygon","properties":{"name":"Labette","fips":"20099"},"id":"Labette","arcs":[[-297,-265,-271,298,299]]},{"type":"Polygon","properties":{"name":"Comanche","fips":"20033"},"id":"Comanche","arcs":[[-286,-259,-287,300]]},{"type":"Polygon","properties":{"name":"Cherokee","fips":"20021"},"id":"Cherokee","arcs":[[-299,-273,301]]},{"type":"Polygon","properties":{"name":"Chautauqua","fips":"20019"},"id":"Chautauqua","arcs":[[-280,-276,-296,302]]}]}},"arcs":[[[2533,8527],[-20,5]],[[2513,8532],[-2,1459]],[[2511,9991],[742,8]],[[3253,9999],[4,-1471]],[[3257,8528],[-724,-1]],[[3253,9999],[603,-11],[153,-4]],[[4009,9984],[3,-1449]],[[4012,8535],[-724,-13]],[[3288,8522],[-31,6]],[[1763,8550],[-869,-3]],[[894,8547],[-29,6]],[[865,8553],[0,1439]],[[865,9992],[114,3],[761,-5],[27,-4]],[[1767,9986],[-4,-1436]],[[4,8539],[-1,19],[-3,1428],[865,6]],[[865,8553],[-861,-14]],[[1767,9986],[730,5],[14,0]],[[2513,8532],[-723,13]],[[1790,8545],[-27,5]],[[5534,8822],[-2,1162]],[[5532,9984],[152,4],[610,-8]],[[6294,9980],[1,-1153]],[[6295,8827],[-761,-5]],[[9021,8821],[0,1144]],[[9021,9965],[29,22],[90,-190],[45,-13],[18,-93],[59,-7],[67,-127],[50,-11],[40,38],[16,63],[76,13],[36,-16],[2,-155],[17,-53],[34,-16],[13,-37],[-14,-78],[-46,-37],[-2,-24],[18,-58],[60,9],[8,-22],[-9,-49],[-38,-41],[-33,1],[-30,31],[-12,-15],[-22,-156],[-67,-76],[-37,-121]],[[9389,8747],[-54,-12],[-31,82],[-283,4]],[[4760,8531],[-720,-1]],[[4040,8530],[-28,5]],[[4009,9984],[461,0],[290,-4]],[[4760,9980],[0,-1449]],[[5532,8527],[-748,-1]],[[4784,8526],[-24,5]],[[4760,9980],[323,4],[449,0]],[[5534,8822],[-2,-295]],[[7046,8539],[-201,-3]],[[6845,8536],[-548,8]],[[6297,8544],[-2,283]],[[6294,9980],[609,-4],[143,-5]],[[7046,9971],[0,-1432]],[[7807,8529],[-8,1442]],[[7799,9971],[321,2],[296,-6]],[[8416,9967],[-4,-1152]],[[8412,8815],[-3,-280],[-328,-11]],[[8081,8524],[-274,5]],[[7046,9971],[466,-1],[287,1]],[[7807,8529],[-461,1]],[[7346,8530],[-300,9]],[[8416,9967],[605,-2]],[[9021,8821],[-295,-4]],[[8726,8817],[-314,-2]],[[6294,7695],[-753,-19]],[[5541,7676],[1,846],[-10,5]],[[6297,8544],[-3,-849]],[[8705,8043],[21,774]],[[9389,8747],[3,-129],[-74,-86],[9,-93],[73,-157],[9,-75],[73,-77],[38,-93]],[[9520,8037],[-284,5]],[[9236,8042],[-531,1]],[[8677,7385],[-596,-6]],[[8081,7379],[0,1145]],[[8705,8043],[-22,0],[-6,-658]],[[776,7096],[-771,-4]],[[5,7092],[-1,1447]],[[894,8547],[-2,-1446]],[[892,7101],[-116,-5]],[[1793,7100],[-124,-1]],[[1669,7099],[-777,2]],[[1790,8545],[3,-1445]],[[2536,7087],[-743,13]],[[2533,8527],[3,-1440]],[[6295,7089],[-1,606]],[[6845,8536],[3,-1147]],[[6848,7389],[-11,-300]],[[6837,7089],[-542,0]],[[7346,8530],[-174,-379],[-8,-168],[107,-324],[51,-91],[15,-75],[17,-6],[1,-44],[21,-11],[11,-48],[34,-50],[-4,-25],[-31,-4],[5,-60],[32,14],[21,-38],[25,29],[37,-19],[18,49],[55,-19],[23,-31]],[[7602,7230],[-6,-430],[-134,-6]],[[7462,6794],[-3,98],[-274,11],[-3,62],[-52,-38],[-14,20],[-122,8],[-5,427],[-141,7]],[[3305,7100],[-19,-2]],[[3286,7098],[2,1424]],[[4040,8530],[-1,-1430]],[[4039,7100],[-734,0]],[[4784,8526],[-2,-1152]],[[4782,7374],[-2,-280]],[[4780,7094],[-721,2]],[[4059,7096],[-20,4]],[[8081,7379],[-4,-303]],[[8077,7076],[-35,59],[-51,38],[4,39],[31,-5],[7,34],[-11,37],[-45,49],[-24,-37],[-143,60],[-18,-13],[-32,-79],[-63,18],[-35,-80],[-26,35],[-34,-1]],[[3286,7098],[-733,-13]],[[2553,7085],[-17,2]],[[5541,7676],[-3,-296]],[[5538,7380],[-756,-6]],[[9220,6796],[-224,-11],[-46,66],[-68,41],[-84,-39]],[[8798,6853],[-60,31],[-65,-18],[-13,116],[16,161],[1,242]],[[9236,8042],[-16,-1246]],[[9591,6646],[-15,-15],[-24,19],[-23,-46],[-88,46],[-27,-64],[-20,1]],[[9394,6587],[-30,15],[-35,-67],[-36,32],[-43,7],[-27,-21],[-3,243]],[[9520,8037],[43,-100],[37,-3],[-17,-134],[5,-57],[35,-122],[64,-81],[17,-168],[42,-47]],[[9746,7325],[-152,2],[-3,-681]],[[5537,6534],[1,846]],[[6295,7089],[-4,-569]],[[6291,6520],[-754,14]],[[6927,6210],[-42,7],[-3,350],[-46,-26],[1,548]],[[7462,6794],[-1,-575]],[[7461,6219],[-534,-9]],[[8201,6218],[-3,749],[-40,67],[-26,12],[-1,44],[-29,-30],[-25,16]],[[8798,6853],[-1,-641]],[[8797,6212],[-596,6]],[[5536,6214],[-746,-13]],[[4790,6201],[1,885],[-11,8]],[[5537,6534],[-1,-320]],[[8200,5792],[-550,-8]],[[7650,5784],[-37,9],[-3,277],[-150,8],[1,141]],[[8201,6218],[-1,-426]],[[9746,7325],[79,-85],[74,12],[39,-55],[46,-22],[15,-35],[-9,-94],[-2,-226]],[[9988,6820],[-348,0],[-21,-19],[-28,-155]],[[1247,5661],[-478,-2]],[[769,5659],[7,1437]],[[1669,7099],[-9,-1434]],[[1660,5665],[-413,-4]],[[3296,5648],[-745,10]],[[2551,5658],[2,1427]],[[3305,7100],[-9,-1452]],[[4059,7096],[-9,-1442]],[[4050,5654],[-737,-13]],[[3313,5641],[-17,7]],[[2551,5658],[-124,-2]],[[2427,5656],[-591,3]],[[1836,5659],[-176,6]],[[655,5654],[-650,-2]],[[5,5652],[-2,1142],[2,298]],[[769,5659],[-114,-5]],[[4790,6201],[1,-565]],[[4791,5636],[-729,13]],[[4062,5649],[-12,5]],[[6927,6210],[-1,-167],[-39,-5],[-6,-704]],[[6881,5334],[-590,5]],[[6291,5339],[0,1181]],[[9391,5789],[-592,-12]],[[8799,5777],[-2,435]],[[9394,6587],[-3,-798]],[[9983,5800],[-592,-11]],[[9988,6820],[-4,-689],[-1,-331]],[[6291,5339],[-752,11]],[[5539,5350],[-3,864]],[[7027,5066],[-142,10],[-4,258]],[[7650,5784],[-2,-722]],[[7648,5062],[-621,4]],[[8197,4783],[-12,860],[13,7],[2,142]],[[8799,5777],[-1,-140],[-19,-7],[8,-851]],[[8787,4779],[-590,4]],[[5540,5066],[-741,-2]],[[4799,5064],[0,574],[-8,-2]],[[5539,5350],[1,-284]],[[9382,4640],[9,1149]],[[9983,5800],[-7,-882],[-1,-263]],[[9975,4655],[-593,-15]],[[8197,4783],[-14,-873]],[[8183,3910],[-535,-12]],[[7648,3898],[0,1164]],[[9382,4640],[-592,0]],[[8790,4640],[-3,139]],[[1854,4203],[-576,-2]],[[1278,4201],[-23,5]],[[1255,4206],[-8,1455]],[[1836,5659],[18,-1456]],[[1255,4206],[-567,-4]],[[688,4202],[-29,4]],[[659,4206],[-4,1448]],[[2431,4188],[-577,15]],[[2427,5656],[4,-1468]],[[3313,5641],[2,-1166]],[[3315,4475],[1,-287]],[[3316,4188],[-861,-4]],[[2455,4184],[-24,4]],[[659,4206],[-652,-10]],[[7,4196],[1,32],[-3,1168],[0,256]],[[4062,5649],[-1,-1155]],[[4061,4494],[-746,-19]],[[4799,5064],[-7,-878]],[[4792,4186],[-574,8]],[[4218,4194],[-156,2],[-1,298]],[[5543,3916],[-3,1150]],[[6291,5339],[-2,-1419]],[[6289,3920],[-449,-10]],[[5840,3910],[-297,6]],[[7000,3637],[-419,-15]],[[6581,3622],[-5,282],[-287,16]],[[7027,5066],[2,-583],[-27,-3],[-2,-843]],[[7426,3638],[-426,-1]],[[7648,3898],[-3,-254],[-219,-6]],[[4808,3908],[-2,272],[-14,6]],[[5543,3916],[-286,-6],[-1,-37],[-93,-9],[-2,45],[-353,-1]],[[8776,3472],[-595,0]],[[8181,3472],[2,438]],[[8790,4640],[3,-455],[-16,-3],[-1,-710]],[[9978,3455],[-609,1]],[[9369,3456],[-2,739],[13,7],[2,438]],[[9975,4655],[2,-1116],[1,-84]],[[9369,3456],[-593,16]],[[3337,3604],[-5,578],[-16,6]],[[4218,4194],[-6,-836],[-135,-11]],[[4077,3347],[-443,-8],[-3,271],[-294,-6]],[[712,2464],[-702,9]],[[10,2473],[-3,1723]],[[688,4202],[2,-1430],[19,-5],[3,-303]],[[1296,2463],[-584,1]],[[1278,4201],[4,-1436],[10,-4],[4,-298]],[[1888,2472],[-592,-9]],[[2455,4184],[-4,-845]],[[2451,3339],[-575,-1],[12,-866]],[[4805,2747],[-722,-2]],[[4083,2745],[-10,2],[4,600]],[[4808,3908],[-3,-1161]],[[2451,3058],[0,281]],[[3337,3604],[0,-564]],[[3337,3040],[-886,18]],[[5844,3052],[-4,858]],[[6581,3622],[0,-564]],[[6581,3058],[-737,-6]],[[4825,2445],[-3,295],[-17,7]],[[5844,3052],[3,-603],[-143,-9]],[[5704,2440],[-879,5]],[[7430,2038],[-4,1600]],[[8181,3472],[-1,-1015]],[[8180,2457],[-3,-429]],[[8177,2028],[-747,10]],[[6588,1606],[-7,1452]],[[7430,2038],[0,-434]],[[7430,1604],[-842,2]],[[4084,2462],[-729,0]],[[3355,2462],[-18,578]],[[4083,2745],[1,-283]],[[8761,2456],[-581,1]],[[8776,3472],[0,-730],[-15,-1],[0,-285]],[[9352,2451],[-591,5]],[[9369,3456],[-17,-1005]],[[9352,2278],[0,173]],[[9978,3455],[-3,-1163]],[[9975,2292],[-623,-14]],[[2473,1596],[-584,7]],[[1889,1603],[-1,869]],[[2451,3058],[0,-284],[25,-10],[-3,-1168]],[[3355,2462],[-4,-891]],[[3351,1571],[-740,21]],[[2611,1592],[-138,4]],[[5706,1584],[-2,856]],[[6588,1606],[-882,-22]],[[4824,1582],[-733,-5]],[[4091,1577],[-7,885]],[[4825,2445],[-1,-863]],[[669,1328],[-656,-10]],[[13,1318],[-3,847],[0,308]],[[712,2464],[1,-1133]],[[713,1331],[-44,-3]],[[1302,1327],[-6,1136]],[[1889,1603],[-4,-282]],[[1885,1321],[-564,5]],[[1321,1326],[-19,1]],[[1302,1327],[-589,4]],[[4089,1299],[-720,-6]],[[3369,1293],[-18,-1],[0,279]],[[4091,1577],[-2,-278]],[[8758,1307],[-580,-1]],[[8178,1306],[-1,722]],[[8761,2456],[-3,-1149]],[[9351,1302],[-583,-1]],[[8768,1301],[-10,6]],[[9352,2278],[-1,-976]],[[5705,1310],[-736,-14]],[[4969,1296],[-142,-4],[-3,290]],[[5706,1584],[-1,-274]],[[9368,1150],[-1,147],[-16,5]],[[9975,2292],[0,-98],[0,-960],[0,-110]],[[9975,1124],[-607,26]],[[7433,1024],[-3,580]],[[8178,1306],[0,-295]],[[8178,1011],[-745,13]],[[5700,32],[5,1278]],[[6588,1606],[7,-1570]],[[6595,36],[-440,-11],[-455,7]],[[7433,1024],[-8,-985]],[[7425,39],[-308,-2],[-522,-1]],[[1902,30],[-1,1284],[-16,7]],[[2611,1592],[-4,-284],[19,-5],[8,-1274]],[[2634,29],[-732,1]],[[3364,22],[-610,0],[-120,7]],[[3369,1293],[-5,-1271]],[[4096,31],[1,1260],[-8,8]],[[4969,1296],[3,-1262]],[[4972,34],[-259,-2],[-617,-1]],[[1315,29],[-647,-3]],[[668,26],[1,1302]],[[1321,1326],[-6,-1297]],[[668,26],[-632,-26],[-17,0],[-6,1318]],[[1902,30],[-424,-4],[-163,3]],[[5700,32],[-403,1],[-325,1]],[[8178,37],[0,974]],[[8768,1301],[-10,-1261]],[[8758,40],[-349,-9],[-231,6]],[[9368,1150],[-1,-1108]],[[9367,42],[-449,-3],[-160,1]],[[4096,31],[-588,-12],[-144,3]],[[9975,1124],[-2,-888],[0,-209],[-553,12],[-53,3]],[[8178,37],[-64,-6],[-689,8]]],"transform":{"scale":[0.0007451056384112331,0.0003014413536574431],"translate":[-102.05153560824486,36.98887574475903]}}