{"type":"Topology","objects":{"Montana.geo":{"type":"GeometryCollection","geometries":[{"type":"Polygon","properties":{"name":"Lincoln","fips":"30053"},"id":"Lincoln","arcs":[[0,1,2]]},{"type":"Polygon","properties":{"name":"Flathead","fips":"30029"},"id":"Flathead","arcs":[[3,4,5,-2,6,7,8,9,10,11]]},{"type":"Polygon","properties":{"name":"Glacier","fips":"30035"},"id":"Glacier","arcs":[[12,-8,13,14]]},{"type":"Polygon","properties":{"name":"Toole","fips":"30101"},"id":"Toole","arcs":[[15,-15,16,17]]},{"type":"Polygon","properties":{"name":"Liberty","fips":"30051"},"id":"Liberty","arcs":[[18,-18,19,20,21]]},{"type":"Polygon","properties":{"name":"Hill","fips":"30041"},"id":"Hill","arcs":[[22,-21,23,24]]},{"type":"Polygon","properties":{"name":"Sheridan","fips":"30091"},"id":"Sheridan","arcs":[[25,26,27]]},{"type":"Polygon","properties":{"name":"Blaine","fips":"30005"},"id":"Blaine","arcs":[[28,-25,29,30,31]]},{"type":"Polygon","properties":{"name":"Phillips","fips":"30071"},"id":"Phillips","arcs":[[32,33,-31,34,35,36]]},{"type":"Polygon","properties":{"name":"Valley","fips":"30105"},"id":"Valley","arcs":[[-36,37,38,39,40,41]]},{"type":"Polygon","properties":{"name":"Daniels","fips":"30019"},"id":"Daniels","arcs":[[-39,42,-27,43]]},{"type":"Polygon","properties":{"name":"Roosevelt","fips":"30085"},"id":"Roosevelt","arcs":[[-40,-44,-26,44,45,46]]},{"type":"Polygon","properties":{"name":"Pondera","fips":"30073"},"id":"Pondera","arcs":[[-9,-13,-16,-19,47,48]]},{"type":"Polygon","properties":{"name":"Chouteau","fips":"30015"},"id":"Chouteau","arcs":[[49,50,-48,-22,-23,-29,51,52]]},{"type":"Polygon","properties":{"name":"Sanders","fips":"30089"},"id":"Sanders","arcs":[[53,54,-3,-6,55,56]]},{"type":"Polygon","properties":{"name":"Richland","fips":"30083"},"id":"Richland","arcs":[[57,58,-46,59,60]]},{"type":"Polygon","properties":{"name":"Teton","fips":"30099"},"id":"Teton","arcs":[[61,-10,-49,-51,62]]},{"type":"Polygon","properties":{"name":"McCone","fips":"30055"},"id":"McCone","arcs":[[63,64,-41,-47,-59,65]]},{"type":"Polygon","properties":{"name":"Lake","fips":"30047"},"id":"Lake","arcs":[[-56,-5,66]]},{"type":"Polygon","properties":{"name":"Garfield","fips":"30033"},"id":"Garfield","arcs":[[67,68,-37,-42,-65,69,70]]},{"type":"Polygon","properties":{"name":"Lewis and Clark","fips":"30049"},"id":"Lewis and Clark","arcs":[[71,72,-11,-62,73,74,75]]},{"type":"Polygon","properties":{"name":"Fergus","fips":"30027"},"id":"Fergus","arcs":[[76,77,78,-52,-32,-34,79,80]]},{"type":"Polygon","properties":{"name":"Dawson","fips":"30021"},"id":"Dawson","arcs":[[81,-66,-58,82]]},{"type":"Polygon","properties":{"name":"Cascade","fips":"30013"},"id":"Cascade","arcs":[[83,-74,-63,-50,84]]},{"type":"Polygon","properties":{"name":"Missoula","fips":"30063"},"id":"Missoula","arcs":[[85,86,87,-57,-67,-4,88,89]]},{"type":"Polygon","properties":{"name":"Petroleum","fips":"30069"},"id":"Petroleum","arcs":[[90,-80,-33,-69,91]]},{"type":"Polygon","properties":{"name":"Powell","fips":"30077"},"id":"Powell","arcs":[[92,-89,-12,-73,93,94]]},{"type":"Polygon","properties":{"name":"Mineral","fips":"30061"},"id":"Mineral","arcs":[[95,-54,-88]]},{"type":"Polygon","properties":{"name":"Judith Basin","fips":"30045"},"id":"Judith Basin","arcs":[[96,97,-85,-53,-79]]},{"type":"Polygon","properties":{"name":"Wibaux","fips":"30109"},"id":"Wibaux","arcs":[[98,-83,-61,99,100]]},{"type":"Polygon","properties":{"name":"Prairie","fips":"30079"},"id":"Prairie","arcs":[[101,102,-70,-64,-82,-99]]},{"type":"Polygon","properties":{"name":"Meagher","fips":"30059"},"id":"Meagher","arcs":[[103,-75,-84,-98,104,105,106,107]]},{"type":"Polygon","properties":{"name":"Custer","fips":"30017"},"id":"Custer","arcs":[[108,-71,-103,109,110,111]]},{"type":"Polygon","properties":{"name":"Rosebud","fips":"30087"},"id":"Rosebud","arcs":[[112,113,114,115,116,-92,-68,-109]]},{"type":"Polygon","properties":{"name":"Granite","fips":"30039"},"id":"Granite","arcs":[[117,118,-90,-93,119]]},{"type":"Polygon","properties":{"name":"Broadwater","fips":"30007"},"id":"Broadwater","arcs":[[120,-76,-104,121]]},{"type":"Polygon","properties":{"name":"Golden Valley","fips":"30037"},"id":"Golden Valley","arcs":[[122,123,124,-77,125,126]]},{"type":"Polygon","properties":{"name":"Musselshell","fips":"30065"},"id":"Musselshell","arcs":[[-126,-81,-91,-117,127]]},{"type":"Polygon","properties":{"name":"Wheatland","fips":"30107"},"id":"Wheatland","arcs":[[-105,-97,-78,-125,128]]},{"type":"Polygon","properties":{"name":"Fallon","fips":"30025"},"id":"Fallon","arcs":[[129,-110,-102,-101,130]]},{"type":"Polygon","properties":{"name":"Ravalli","fips":"30081"},"id":"Ravalli","arcs":[[-86,-119,131,132]]},{"type":"Polygon","properties":{"name":"Jefferson","fips":"30043"},"id":"Jefferson","arcs":[[133,134,135,-94,-72,-121,136]]},{"type":"Polygon","properties":{"name":"Yellowstone","fips":"30111"},"id":"Yellowstone","arcs":[[137,-127,-128,-116,138,139,140]]},{"type":"Polygon","properties":{"name":"Treasure","fips":"30103"},"id":"Treasure","arcs":[[-139,-115,141]]},{"type":"Polygon","properties":{"name":"Deer Lodge","fips":"30023"},"id":"Deer Lodge","arcs":[[142,-120,-95,-136,143]]},{"type":"Polygon","properties":{"name":"Sweet Grass","fips":"30097"},"id":"Sweet Grass","arcs":[[144,-106,-129,-124,145]]},{"type":"Polygon","properties":{"name":"Gallatin","fips":"30031"},"id":"Gallatin","arcs":[[146,-137,-122,-108,147,148]]},{"type":"Polygon","properties":{"name":"Park","fips":"30067"},"id":"Park","arcs":[[-148,-107,-145,149,150,151]]},{"type":"Polygon","properties":{"name":"Silver Bow","fips":"30093"},"id":"Silver Bow","arcs":[[152,-144,-135,153]]},{"type":"Polygon","properties":{"name":"Carter","fips":"30011"},"id":"Carter","arcs":[[-111,-130,154,155]]},{"type":"Polygon","properties":{"name":"Stillwater","fips":"30095"},"id":"Stillwater","arcs":[[-150,-146,-123,-138,156]]},{"type":"Polygon","properties":{"name":"Big Horn","fips":"30003"},"id":"Big Horn","arcs":[[157,-140,-142,-114,158,159]]},{"type":"Polygon","properties":{"name":"Beaverhead","fips":"30001"},"id":"Beaverhead","arcs":[[160,-132,-118,-143,-153,161]]},{"type":"Polygon","properties":{"name":"Madison","fips":"30057"},"id":"Madison","arcs":[[162,-162,-154,-134,-147]]},{"type":"Polygon","properties":{"name":"Powder River","fips":"30075"},"id":"Powder River","arcs":[[-159,-113,-112,-156,163]]},{"type":"Polygon","properties":{"name":"Carbon","fips":"30009"},"id":"Carbon","arcs":[[-151,-157,-141,-158,164]]}]}},"arcs":[[[7,8296],[-1,624],[-6,1079],[1110,0]],[[1110,9999],[11,-44],[26,-23],[-29,-93],[9,-17],[17,-166],[-32,-39],[-3,-36],[54,-37],[42,-98],[-31,-22],[-30,-53],[6,-42],[-7,-37],[22,-21],[7,-28],[-195,-1],[1,-181],[31,-6],[-1,-736],[-140,-4],[9,-450]],[[877,7865],[-118,-5],[1,-62],[17,-39],[-20,-20],[-19,11],[-2,-79],[-20,-27],[-42,-4],[-10,-22],[-19,-7],[-39,37],[-43,-20],[-9,7],[-14,60],[-12,-47],[-49,4],[-29,-19],[-17,13],[-13,50],[12,76],[-6,59],[-41,68],[-29,86],[-18,126],[-18,61],[-15,18],[8,81],[-23,97],[-29,23],[-15,-4],[-33,-91],[-53,-28],[-28,-36],[-38,-14],[-7,-49],[-10,-11],[-36,12],[-8,30],[7,57],[-5,23],[-28,16]],[[2154,6981],[-136,6]],[[2018,6987],[7,111],[22,37],[-1,54],[-4,23],[-25,0],[-4,30],[-23,33],[0,24],[16,34],[-26,85],[13,25],[-6,99],[7,44],[-53,71],[-15,70],[-10,10],[-10,-17],[-30,79],[-29,-9],[-16,59],[-1,52],[-15,42],[-118,-2],[1,-35],[-26,-4],[0,-41],[-21,-6],[11,-42],[14,2],[6,-69],[-382,1],[0,-181],[12,-3],[1,-187],[-102,0]],[[1211,7376],[-1,182],[-315,-2],[0,295],[-18,-1],[0,15]],[[1110,9999],[554,0]],[[1664,9999],[-4,-32],[9,-54],[28,-15],[-25,-65],[19,-7],[10,-35],[0,-25],[-13,-30],[10,-47],[27,-30],[-5,-53],[37,-25],[25,23],[8,43],[30,-15],[20,32],[24,-27],[16,0],[25,-45],[-7,-67],[8,-40],[45,-69],[7,-61],[-2,-20],[-21,-24],[5,-47],[-15,-48],[-3,-64],[57,-43],[39,-6],[22,-32],[46,3],[40,-57],[20,-6],[0,-219],[16,-31],[36,-29],[44,1],[23,-102],[-40,-78],[17,-58]],[[2242,8495],[5,-20],[16,-7],[-1,-22],[29,-21],[19,-47],[21,-3],[24,-48],[-9,-45],[5,-79],[21,-16],[22,11],[22,-42],[33,-29],[33,32],[12,-14],[7,-47],[45,11]],[[2546,8109],[6,-11],[-3,-57],[15,-53],[33,-36],[-6,-53],[40,-34],[12,-76],[-34,-65],[-48,8]],[[2561,7732],[-37,-55],[-39,-12],[-12,-25],[-1,-29],[22,-42],[-3,-210],[-20,-65],[-49,-18],[-12,-39],[4,-60],[26,-87],[-18,-112]],[[2422,6978],[-268,3]],[[3228,8861],[-38,16],[-295,-9],[-4,-375],[-649,2]],[[1664,9999],[1559,0]],[[3223,9999],[-7,-193],[8,-2],[4,-943]],[[3861,8316],[-209,-11],[-1,268],[-104,3],[-1,99],[-159,4],[-1,95],[-9,25],[-9,-11],[-10,19],[-24,-27],[-23,-3],[-47,70],[-28,-4],[-8,18]],[[3223,9999],[754,0]],[[3977,9999],[-3,-1680],[-113,-3]],[[3862,8121],[-1,195]],[[3977,9999],[442,0]],[[4419,9999],[-4,-1687]],[[4415,8312],[-58,-2],[-1,-183],[-494,-6]],[[5426,8132],[-155,0],[2,185],[-101,3],[1,184],[-652,-7],[0,-186],[-106,1]],[[4419,9999],[1040,0]],[[5459,9999],[3,-179],[-11,1],[-2,-725],[11,-3],[-2,-123],[30,-5],[0,-155],[-27,1],[-1,-119],[-21,-1],[2,-227],[-30,-3],[1,-146],[15,-2],[-1,-181]],[[9991,8688],[-484,7],[0,177],[-103,4],[0,186],[-184,5]],[[9220,9067],[0,201],[-47,2],[1,548],[-18,4],[-5,177]],[[9151,9999],[831,0],[9,-762],[0,-549]],[[5423,7299],[3,833]],[[5459,9999],[1040,0]],[[6499,9999],[1,-182],[-13,0],[1,-374],[-54,-4],[3,-353],[-18,-1],[-1,-314],[-60,31],[2,-486],[-22,-3],[0,-506],[-102,4],[-23,16],[-11,-23],[-18,-127],[-35,14],[-181,1],[2,-136],[-12,-2],[2,-267]],[[5960,7287],[-44,2],[-2,25],[19,26],[-19,24],[9,39],[-45,34],[-71,-14],[-54,-45],[-30,24],[-67,11],[-17,-49],[-96,-63],[-23,-36],[-47,5],[-37,37],[-13,-8]],[[6778,6678],[1,78],[-15,130],[-23,59],[-127,41],[-54,-31],[-75,13],[-39,-16]],[[6446,6952],[-21,-35],[-48,58],[-27,-16],[0,38],[-15,30],[-44,-31],[-23,37],[-26,-18],[-40,32],[-58,-3],[-40,49],[-46,4],[-14,73],[-29,64],[-55,53]],[[6499,9999],[884,0]],[[7383,9999],[3,-184],[-22,-2],[1,-713],[14,-1],[-1,-129],[-21,-19],[-38,18],[-2,-72],[-34,-1],[0,-190],[37,-3],[1,-200],[-97,-4],[4,-184],[-31,-3],[-3,-739],[-10,0],[0,-381]],[[7184,7192],[-6,-102],[-13,-48],[-42,10],[-29,41],[-54,11],[-33,-4],[-52,-46],[-18,-77],[-38,-81],[-77,-70],[-2,-92],[-11,-55],[-31,-1]],[[7383,9999],[884,0]],[[8267,9999],[7,-184],[-35,-1],[-1,-180],[106,-1],[6,-557],[176,-2]],[[8526,9074],[2,-758],[-30,-1],[0,-448]],[[8498,7867],[-26,9],[-18,42],[-3,-45],[-20,-16],[-33,12],[-40,45],[-4,-60],[-11,-7],[-37,73],[-12,-19],[4,-36],[-29,-19],[-14,24],[6,41],[-91,6],[-38,35],[-65,5],[-13,22],[-27,-20],[-19,-55],[-1,-139]],[[8007,7765],[0,-15],[-9,0],[-1,39],[-10,16],[-39,-61],[8,-41],[-32,-45],[15,-34],[-28,-38],[18,-50],[-35,-43],[-8,-44],[-22,-14],[-5,-64],[-12,5],[-9,35],[-12,3],[-23,-54],[-42,3],[-9,-66],[-13,-15],[-51,15],[-54,-24],[-5,-80],[-16,-35],[-84,-26],[-91,10],[-83,-15],[-153,81],[-18,-16]],[[8267,9999],[884,0]],[[9220,9067],[-694,7]],[[9991,8688],[4,-841]],[[9995,7847],[-37,14],[-3,46],[-18,6],[-10,57],[-40,-37],[-4,69],[-9,-5],[-14,-75],[-13,-11],[-27,13],[-25,39],[-43,-15],[-11,54],[-72,48],[-12,45],[-23,19],[-18,-24],[-18,14],[-50,-16],[-6,35],[-27,7],[-8,-52],[-27,-4],[-24,21],[-42,-9],[-22,32],[-60,-10],[-37,43],[-31,-28],[-9,-58],[-33,4],[3,-38],[-11,-26],[-11,0],[-4,28],[-33,-61],[-8,1],[-9,51],[-31,-43],[-15,2],[0,34],[-26,-2],[-15,48],[-11,-3],[-5,-46],[-12,-18]],[[9034,7996],[-19,3],[3,30],[-13,17],[-68,-27],[-21,27],[-80,-13],[-59,16],[-22,-59],[-29,28],[-67,-17],[4,-54],[-37,16],[-43,-61],[-13,3],[-15,30],[-5,-41],[-35,-4],[-17,-23]],[[3862,8121],[0,-314]],[[3862,7807],[-473,-7],[0,130],[-48,4],[0,92],[-107,5],[-2,89],[-686,-11]],[[4511,6599],[-1,54],[-100,1],[-2,168],[-94,8],[-7,43],[-12,-8],[-36,20],[-26,47],[-42,8],[-23,37],[0,44],[22,87],[20,15],[13,44],[0,36],[-360,-5]],[[3863,7198],[-1,609]],[[5423,7299],[-43,11],[-14,-27],[-23,10],[-43,-20],[-40,-59],[-85,19],[4,-170],[-15,-80],[8,-94],[-7,-18],[-64,-56],[-13,-38],[-43,-41],[-32,-4],[-57,-98],[-41,-39],[-51,2]],[[4864,6597],[-353,2]],[[1052,6255],[-35,6],[0,56],[-54,4],[-2,26],[-52,4],[-3,140],[-16,41],[-29,40],[-79,27],[-49,68],[-34,18],[-21,33],[-30,8],[-44,-19],[-44,18],[-68,-32],[-33,66],[-24,-43],[-27,-21],[-30,1],[-12,30],[-14,-8]],[[352,6718],[-44,30],[-7,68],[-34,27],[42,123],[-5,55],[-30,51],[0,120],[-35,30],[-12,76],[-38,24],[-11,106],[-17,48],[-28,29],[-28,56],[-51,125],[-22,86],[-24,24],[-1,500]],[[1211,7376],[-1,-93],[14,-4],[4,-308],[188,-8],[6,-14],[18,20],[-9,-44],[5,-41],[-27,-42],[-10,-108],[25,20],[43,3],[10,-68],[-30,-3],[-19,-55],[-7,-116],[28,-63],[97,-8],[2,-377],[9,-2],[2,-83]],[[1559,5982],[-10,-19],[-28,1],[-16,-19],[-42,14],[-39,48],[-2,50],[-17,42],[-67,29],[-101,110],[-90,27],[-32,-33],[-63,23]],[[9679,6466],[-72,-1],[-3,372],[-62,2],[-1,183],[-326,17],[0,165],[-213,5],[-1,185]],[[9001,7394],[2,156],[32,0],[-1,446]],[[9995,7847],[0,-1291]],[[9995,6556],[-67,-1],[1,-88],[-250,-1]],[[3338,6818],[-53,-30],[-90,-12],[-50,10],[-29,61],[-75,29],[-14,108],[-74,40],[-11,49],[-22,16],[-19,-27],[-34,-5],[-27,-29],[-70,-22],[-25,-25],[-57,26],[-33,45],[-15,78],[-18,19],[2,97],[-21,88],[14,109],[-25,160],[-25,57],[-6,72]],[[3863,7198],[-216,-8],[-2,-178],[-206,-4],[3,-216],[-104,26]],[[8860,6086],[-353,10],[-2,-196],[-106,1],[1,181],[-104,2]],[[8296,6084],[-72,2],[-3,378],[-104,3],[-1,358],[23,1],[3,730],[-75,2],[-3,203],[-57,4]],[[9001,7394],[-106,3],[2,-574],[-38,-3],[1,-734]],[[2018,6987],[-260,-2],[18,-37],[6,-69],[-5,-36],[15,-64],[-24,-30],[-6,-39],[48,-103],[15,-89],[-16,-69],[3,-62],[-7,-43],[12,-35],[21,-17],[24,-49],[0,-169],[-89,-3],[-2,-81],[-212,-8]],[[8293,5370],[-530,-3],[0,31],[-617,7],[0,-36],[-350,-2]],[[6796,5367],[-19,20],[-25,59],[7,85],[17,40],[-5,15],[7,56],[10,8],[1,62],[-18,30],[8,36],[-12,11],[-1,77],[-11,27],[-2,50],[-11,17],[-2,73],[19,43],[-12,36],[4,45],[-15,18],[3,30],[-7,16],[13,31],[-11,44],[-2,104],[32,133],[14,145]],[[8296,6084],[-1,-678]],[[8295,5406],[-2,-36]],[[3550,4761],[-192,-2],[-1,-57],[-21,-32],[-39,-32],[-31,8],[-49,-32],[-2,-47],[25,-37],[-27,-24],[-24,-54],[-75,-9]],[[3114,4443],[8,169],[11,49],[-16,86],[17,80],[-20,113],[-78,2],[-2,93],[-100,5],[-3,297],[-211,-12],[-4,729],[-221,7],[-1,675],[-25,-10],[-14,16],[-12,50],[-2,58],[9,49],[-28,79]],[[3338,6818],[5,-699],[19,-4],[6,-36],[24,9],[29,-68],[-1,-26],[28,-22],[102,-1],[-1,-471],[115,3]],[[3664,5503],[38,-49],[-28,-54],[-8,-48],[49,-78],[45,-5],[14,26],[12,-6],[8,-118]],[[3794,5171],[-17,-1],[-61,56],[-11,-7],[-30,-94],[-3,-362],[-122,-2]],[[5864,5165],[-313,9],[0,-130]],[[5551,5044],[-307,-1]],[[5244,5043],[2,185],[-24,0],[0,26],[-13,3],[0,15],[-27,3],[2,60],[24,1],[2,82],[19,1],[1,54],[17,-1],[-2,628],[-92,1],[-1,92],[-108,2],[-2,91],[-105,3],[0,189],[-70,5],[-3,114]],[[6446,6952],[2,-113],[-11,-1],[1,-471],[-14,-2],[-1,-15],[-210,-3],[0,-79],[-105,-1],[0,-189],[-18,0],[1,-164],[104,-4],[3,-563],[-19,-2],[0,-185]],[[6179,5160],[-315,5]],[[9537,5386],[-366,10],[0,58],[-17,2],[1,32],[-16,3],[-1,31],[-102,7],[-2,116],[-103,3],[-1,433],[-70,5]],[[9679,6466],[-14,-81],[55,-95],[1,-52],[19,-5],[7,-68],[8,-4],[6,-171],[10,-2],[1,-210],[-15,-2],[-2,-83],[-16,-39],[-1,-42],[-17,-1],[-20,-100],[-12,0],[-1,-34],[-19,-2],[-1,-27],[-16,-2],[0,-23],[-10,-14],[-15,-2],[-1,-25],[-89,4]],[[4496,5303],[-33,43],[-47,13],[-5,95],[-24,40],[-18,-7],[-35,34],[-48,113],[-50,62],[-38,19],[-51,-5],[-54,171],[-19,2],[-1,-164],[-96,-3],[0,-24],[-219,0],[-3,-187],[-91,-2]],[[4511,6599],[-3,-129],[-102,-3],[-2,-112],[-18,0],[-2,-117],[13,-3],[0,-35],[12,-2],[-9,-298],[96,-7],[3,-363],[10,-4],[-2,-181],[-11,-2],[0,-40]],[[1868,4950],[-430,1]],[[1438,4951],[-41,16],[-48,-34],[-36,-48],[-46,31],[-59,-19],[-28,68],[0,22],[16,35],[-40,102]],[[1156,5124],[1,16],[100,1],[1,187],[-17,4],[3,267],[10,3],[2,58],[16,3],[0,22],[17,15],[60,-43],[4,45],[15,2],[-1,31],[-51,1],[0,89],[-69,6],[-1,55],[-22,4],[0,60],[-34,8],[-2,23],[-19,4],[1,53],[-26,6],[-1,26],[-20,5],[-3,88],[-52,4],[-1,25],[-16,5],[1,58]],[[2154,6981],[1,-907],[130,-6],[8,-743]],[[2293,5325],[-97,0],[-1,-78],[-51,-1],[-2,-112],[-52,-4],[-2,-60],[-98,-3],[-1,-115],[-121,-2]],[[6851,5163],[-672,-3]],[[6796,5367],[41,-95],[-2,-67],[16,-42]],[[2525,4113],[-8,1002],[-54,-40],[-24,24],[-44,4],[1,66],[-41,56],[-20,72],[-30,-37],[-4,65],[-8,0]],[[3114,4443],[-34,-79],[-17,-10],[-23,9],[-43,-124],[-29,34],[-14,-37],[-19,13],[-28,-66],[7,-72]],[[2914,4111],[-389,2]],[[1156,5124],[-20,-2],[-42,-83],[-29,17],[4,113],[-13,24],[-39,19],[-21,46],[-30,5],[-38,114],[6,83],[14,35],[-34,39],[-31,72],[-29,9],[-16,23],[-21,114],[-45,80],[-11,60],[-20,13],[-17,57],[-86,119],[-24,142],[-15,21],[-54,18],[-15,23],[-63,16],[-17,22],[-27,92],[-37,76],[-33,22],[-23,41],[-69,50],[0,25],[14,24],[64,9],[11,18],[2,38]],[[5244,5043],[-49,-1],[-125,123],[-46,-28],[-30,18],[-34,-6],[-39,-60],[-41,10],[-31,-36],[-45,11]],[[4804,5074],[-23,-43],[-26,-23],[-40,25],[-45,-22],[-96,113],[-2,66],[-15,15],[-37,-3],[-25,50],[1,51]],[[9530,5023],[-1,298],[6,-1],[2,66]],[[9995,6556],[2,-143],[-2,-1486]],[[9995,4927],[-256,-4],[-2,65],[-58,1],[0,35],[-149,-1]],[[9530,5023],[0,-68],[-108,0],[0,-91]],[[9422,4864],[-97,2],[-1,-103],[-111,-1],[0,-52],[-212,5],[0,48],[-177,9],[2,64],[-32,6],[0,125],[-74,9],[3,179],[-36,3],[0,180],[-179,4],[-1,58],[-212,6]],[[4159,3951],[4,57],[-16,27],[-1,35],[-14,8],[-25,55],[9,113],[40,71],[-3,50],[14,46],[-27,19],[-7,38],[-32,33],[-34,7],[-18,-37],[-24,-17],[-22,25],[-11,128],[-13,14],[-11,42],[-40,17],[-9,19],[22,55],[-14,40],[2,104],[-65,16],[-2,60],[-26,28],[0,31],[-12,16],[11,61],[-4,22],[-37,37]],[[4804,5074],[-8,-1059]],[[4796,4015],[-1,-91]],[[4795,3924],[-114,-1],[0,23],[-295,1]],[[4386,3947],[-227,4]],[[8207,3100],[-2,728],[31,0],[1,745],[29,0],[2,763],[26,-1],[-1,35]],[[9422,4864],[1,-285],[-145,5],[-2,-368],[23,-3],[-2,-373]],[[9297,3840],[-45,-1],[-1,-754],[-46,-1]],[[9205,3084],[-998,16]],[[8207,3100],[-35,0],[-1,-948],[-34,0],[0,-376]],[[8137,1776],[-404,-2],[-2,367],[38,4],[-5,712],[-158,11],[-1,219],[28,0],[-2,96],[-44,1],[0,88]],[[7587,3272],[3,555],[-55,3],[-1,375],[-15,13],[-2,176],[-105,5],[-1,144],[-20,3],[0,40],[-466,-3]],[[6925,4583],[-10,1],[-1,30],[-24,-1]],[[6890,4613],[-16,1],[1,214],[-28,4],[18,58],[-7,26],[15,53],[1,48],[-19,64],[6,40],[-10,42]],[[2139,3404],[-27,5]],[[2112,3409],[-11,15],[-21,-14],[-39,26],[-8,31],[-33,5],[-6,87],[-25,54],[-49,13],[-27,-26],[-13,17],[8,65],[15,22],[13,60],[-27,96],[4,47],[-31,30],[0,34],[10,28],[25,18],[23,84],[-23,35],[4,76],[-12,108],[-26,85],[-27,45],[7,52],[-17,107],[18,42],[14,137],[11,26],[7,76],[-8,60]],[[2525,4113],[-4,-98],[-212,-4],[0,-185],[16,1],[-1,-171],[-17,-51],[-34,-54],[-27,-7],[-22,26],[-34,-67],[-32,-20],[-3,-57],[-16,-22]],[[3663,3202],[1,444],[-106,5],[-8,1110]],[[4159,3951],[-235,-16],[1,-138],[-37,-43],[-19,-43],[-11,-175],[-33,-18],[-2,-46],[-29,-94],[-20,3],[-20,-19],[-11,-38],[-34,-39],[-17,-54],[-29,-29]],[[5938,3829],[-415,-2],[1,-197]],[[5524,3630],[-153,3],[0,192],[-42,4],[1,183]],[[5330,4012],[207,-1],[-1,595],[13,17],[2,421]],[[5864,5165],[-3,-285],[16,-3],[0,-94],[75,-5],[-1,-185],[22,-4],[0,-76],[22,-2],[-2,-178],[14,-3],[6,-85],[12,-3],[0,-32],[15,-5],[-1,-64],[18,0],[-4,-312]],[[6053,3829],[-115,0]],[[6890,4613],[1,-222],[-125,2],[0,-37],[-14,-1],[-1,-27],[-17,-2],[0,-32],[-22,-2],[0,-32],[-16,1],[0,-53],[-16,-1],[0,-92],[-241,-8],[-1,-21],[-35,-1],[-1,-36],[-29,0],[-1,-220],[-319,0]],[[5330,4012],[-534,3]],[[9994,3291],[-74,0],[-2,187],[-214,5],[-1,172],[-109,0],[-1,180],[-296,5]],[[9995,4927],[1,-216],[-1,-564],[-1,-727],[0,-129]],[[2112,3409],[-12,-44],[5,-90],[-38,-17],[-15,-37],[-35,-40],[-46,4],[-30,-24],[-22,-52],[-25,-28],[-7,-78],[-13,-12],[-29,-7],[-10,56],[-29,-35],[-2,-123],[-27,-47]],[[1777,2835],[-31,18],[-5,39],[-32,-24],[-9,-30],[7,-43],[-5,-25],[-32,-34],[-22,-83],[-30,-33],[-11,-45],[-34,-14],[-19,-34],[-39,16],[-5,-70],[-12,-36],[-53,-62],[-20,13],[-17,48],[-40,29],[-12,61],[-24,44],[-29,-3],[-25,25],[-28,-20],[17,102],[-20,60],[52,61],[-7,47],[11,43],[-31,62],[-6,49],[-18,36],[38,102],[15,70],[21,-7],[26,29],[30,-13],[12,52],[-17,86],[-14,23],[20,70],[-6,39],[-59,38],[8,43],[-17,29],[24,59],[8,68],[-18,54],[-24,19],[-10,43],[8,46],[35,-5],[22,30],[1,110],[-28,51],[-1,19],[35,69],[19,233],[10,14],[11,61],[-22,128],[42,40],[8,24],[6,152],[15,75],[-8,68]],[[3554,3106],[-26,32],[-41,11],[-29,26],[-12,39],[-26,8],[-8,-25],[-89,1],[-33,-29],[-1,-51],[-19,-35],[-8,-56],[-20,-43],[-10,-1]],[[3232,2983],[-110,113],[-77,46],[-31,43],[26,59],[7,59],[-26,98],[5,64],[-15,128],[-21,36],[6,57],[-7,59],[-16,21],[-19,63],[-1,104],[-18,-22],[-36,8]],[[2899,3919],[0,64],[-12,44],[20,36],[7,48]],[[3663,3202],[-36,-93],[-23,-6],[-27,16],[-23,-13]],[[6003,2723],[-1,44],[-9,0],[-1,32],[-12,2],[0,34],[-15,1],[0,37],[-9,0],[1,592],[-19,1],[0,363]],[[6925,4583],[0,-34],[14,-3],[-1,-59],[22,-2],[-1,-62],[21,0],[0,-36],[12,-2],[1,-48],[15,-3],[1,-41],[18,-3],[0,-83],[24,-5],[1,-28],[13,0],[0,-60],[13,-3],[0,-31],[20,-2],[-1,-65],[16,1],[0,-49],[16,-2],[1,-34],[21,-1],[-9,-47],[5,-45],[-16,-13],[7,-55],[-25,-85],[-1,-54]],[[7112,3629],[-136,-1],[-2,-127],[-96,2],[-2,-60],[-35,-1],[-1,-56],[-34,0],[-2,-68],[-139,1],[-3,-258],[-16,1],[0,-552],[-96,2],[-1,-71],[-99,-2],[0,-58],[-278,18]],[[6172,2399],[-43,-2],[-1,117],[-52,2],[-1,57],[-35,0],[12,183],[-49,-33]],[[7587,3272],[-99,3],[1,87],[-98,4],[1,87],[-203,1],[1,175],[-78,0]],[[2486,3240],[-33,40],[-53,-15],[-14,-26],[-33,-24],[-16,-73],[-23,-1],[-51,-35],[-11,-100],[-14,-12],[-40,102],[-11,117],[-48,191]],[[2899,3919],[-22,-21],[-40,4],[-11,-43],[-22,-29],[-63,-10],[-5,-173],[-67,-24],[-10,-30],[-2,-62],[-55,-22],[4,-51],[9,-2],[0,-18],[-11,-2],[10,-62],[-32,-10],[-2,-45],[-30,-29],[-15,-34],[-49,-16]],[[4996,1759],[-134,-4],[-6,384],[12,0],[-6,943],[-71,-1],[4,843]],[[5524,3630],[2,-167],[-73,0],[0,-198],[-39,-1],[2,-190],[-14,0],[3,-372],[-100,0],[1,-82],[-100,-6],[-1,-97],[-105,1],[-1,-377],[-104,-1],[1,-381]],[[3902,842],[3,1302],[16,-1],[0,614],[-150,1],[0,34],[-19,1],[-1,27],[-17,-1],[1,35],[-21,1],[0,36],[-16,1],[-1,26],[-16,1],[0,28],[-13,-1],[-1,33],[-50,-1],[-1,72],[-61,15],[-1,41]],[[4386,3947],[0,-119],[-6,-1],[2,-761],[-10,0],[3,-417],[-45,0],[0,-146],[-48,-1],[-2,-363],[-102,0],[2,-370],[-11,-4],[-1,-383]],[[4168,1382],[1,-713],[0,-411],[-36,27],[-28,32],[-5,58],[-30,37],[-7,43],[-34,17],[-12,64],[12,33],[-3,19],[-39,33],[0,68],[-21,20],[-16,48],[-4,48],[-25,-3],[-19,40]],[[4996,1759],[218,4]],[[5214,1763],[-3,-373]],[[5211,1390],[-163,7],[-331,-9],[-31,-14],[-518,8]],[[2811,2721],[-16,37],[6,56],[-35,36],[-10,104],[-21,61],[-17,13],[-13,36],[-145,66],[-11,31],[-63,79]],[[3232,2983],[-231,-12],[-14,7],[-15,35],[-30,-139],[-44,-38],[-21,-49],[-66,-66]],[[9994,3291],[4,-1442],[1,-463],[-14,-1],[-817,8]],[[9168,1393],[4,751],[35,1],[2,195],[9,-1],[5,611],[-18,1],[0,133]],[[6003,2723],[-29,-30],[-72,8],[-77,-54],[-61,-5],[-1,-135],[-49,-3],[-1,-122],[-136,-4],[-1,-31],[-53,-1],[-1,-32],[-15,-2],[-2,-27],[-31,2],[-2,-33],[-16,-1],[-2,-25],[-17,0],[-2,-29],[-16,-2],[-18,-104],[-12,-1],[-2,-57],[-19,0],[0,-90],[-62,-1],[-3,-179],[-89,-2]],[[6492,1391],[13,89],[15,18],[-2,61],[18,47],[17,6],[3,53],[15,16],[-4,42],[29,71],[11,58],[-485,13],[-1,236],[18,207],[33,91]],[[8137,1776],[19,-1],[0,-392]],[[8156,1383],[-1361,7],[-303,1]],[[3817,750],[-5,-23],[17,-46],[2,-38],[-10,-25],[-31,-7],[5,-46],[-11,-49],[18,-91],[25,-3],[3,-25],[-19,-4],[-7,-16],[-64,52],[-31,-22],[-67,17],[-26,-36],[-42,-33],[-21,0],[-13,-31],[-54,112],[-56,-14],[-31,-43],[-38,11],[-3,-26],[-27,13],[-34,-23],[-20,22],[-63,7],[-15,15],[-10,45],[-22,1],[-22,-39],[-50,-36],[2,-60],[-23,-103],[-44,0],[-31,42],[-36,-13],[-31,32],[-95,7],[-51,34],[-16,-27],[-39,-22],[-13,-34],[-25,-80],[6,-56],[1,-66],[-22,-23],[-22,35],[-14,49],[-42,31],[-39,61],[-23,5],[5,32],[-12,63],[11,62],[-25,48],[-2,50],[-36,57],[24,89],[-15,111],[-22,44],[-2,41],[-22,48],[-9,52],[-85,108],[-14,-3],[-51,-65],[-18,-3],[-8,62],[-59,56],[-20,38],[-42,171],[7,19],[20,3],[12,18],[6,105],[-14,63],[3,34],[-26,32],[-3,28],[-26,24],[9,55],[-35,-1],[-18,22],[2,37],[-19,32],[-6,67],[-37,56],[-37,119],[1,34],[-41,94],[-2,131],[-28,60],[-9,76],[14,69],[-3,63],[-7,21],[-44,-4],[25,148],[-16,37],[-24,19],[-43,8],[1,51],[-18,39],[-3,34]],[[2811,2721],[-10,-201],[2,-20],[16,-23],[1,-62],[10,-33],[52,-87],[29,4],[16,26],[39,4],[36,-105],[8,-653],[100,-5],[-1,-186],[116,-1],[0,-178],[21,-5],[1,-176],[81,-3],[2,-92],[234,-7],[1,-158],[252,-10]],[[3902,842],[-10,-16],[-9,-62],[-40,10],[-26,-24]],[[9168,1393],[-36,-2],[-778,-6],[-198,-2]],[[6492,1391],[-305,-5],[-976,4]]],"transform":{"scale":[0.0012021661192922598,0.00046468517130795204],"translate":[-116.06353130646863,44.35363969745665]}}