{"type":"Topology","objects":{"Pennsylvania.geo":{"type":"GeometryCollection","geometries":[{"type":"Polygon","properties":{"name":"Wayne","fips":"42127"},"id":"Wayne","arcs":[[0,1,2,3,4]]},{"type":"Polygon","properties":{"name":"Wyoming","fips":"42131"},"id":"Wyoming","arcs":[[5,6,7,8,9]]},{"type":"Polygon","properties":{"name":"Lackawanna","fips":"42069"},"id":"Lackawanna","arcs":[[10,-7,11,-1,12]]},{"type":"Polygon","properties":{"name":"Elk","fips":"42047"},"id":"Elk","arcs":[[13,14,15,16,17]]},{"type":"Polygon","properties":{"name":"Venango","fips":"42121"},"id":"Venango","arcs":[[18,19,20,21,22,23]]},{"type":"Polygon","properties":{"name":"Forest","fips":"42053"},"id":"Forest","arcs":[[24,25,-22,26,-15]]},{"type":"Polygon","properties":{"name":"Cameron","fips":"42023"},"id":"Cameron","arcs":[[27,28,29,30,-17]]},{"type":"Polygon","properties":{"name":"Pike","fips":"42103"},"id":"Pike","arcs":[[31,-4,32]]},{"type":"Polygon","properties":{"name":"Lycoming","fips":"42081"},"id":"Lycoming","arcs":[[33,34,35,36,37,38,39,40,41]]},{"type":"Polygon","properties":{"name":"Sullivan","fips":"42113"},"id":"Sullivan","arcs":[[-35,42,-9,43,44]]},{"type":"Polygon","properties":{"name":"Mercer","fips":"42085"},"id":"Mercer","arcs":[[45,46,47,-19,48]]},{"type":"Polygon","properties":{"name":"Clinton","fips":"42035"},"id":"Clinton","arcs":[[49,50,-30,51,-40,52]]},{"type":"Polygon","properties":{"name":"Clarion","fips":"42031"},"id":"Clarion","arcs":[[53,-23,-26,54]]},{"type":"Polygon","properties":{"name":"Luzerne","fips":"42079"},"id":"Luzerne","arcs":[[55,-44,-8,-11,56,57,58]]},{"type":"Polygon","properties":{"name":"Jefferson","fips":"42065"},"id":"Jefferson","arcs":[[59,-55,-25,-14,60,61]]},{"type":"Polygon","properties":{"name":"Columbia","fips":"42037"},"id":"Columbia","arcs":[[62,-36,-45,-56,63,64]]},{"type":"Polygon","properties":{"name":"Centre","fips":"42027"},"id":"Centre","arcs":[[65,-50,66,67,68,69]]},{"type":"Polygon","properties":{"name":"Clearfield","fips":"42033"},"id":"Clearfield","arcs":[[70,-61,-18,-31,-51,-66,71,72]]},{"type":"Polygon","properties":{"name":"Monroe","fips":"42089"},"id":"Monroe","arcs":[[73,74,-57,-13,-5,-32,75]]},{"type":"Polygon","properties":{"name":"Northumberland","fips":"42097"},"id":"Northumberland","arcs":[[76,77,-38,78,-65,79,80,81]]},{"type":"Polygon","properties":{"name":"Butler","fips":"42019"},"id":"Butler","arcs":[[82,83,-49,-24,84,85]]},{"type":"Polygon","properties":{"name":"Armstrong","fips":"42005"},"id":"Armstrong","arcs":[[86,-85,-54,-60,87]]},{"type":"Polygon","properties":{"name":"Montour","fips":"42093"},"id":"Montour","arcs":[[-79,-37,-63]]},{"type":"Polygon","properties":{"name":"Union","fips":"42119"},"id":"Union","arcs":[[-67,-53,-39,-78,88,89]]},{"type":"Polygon","properties":{"name":"Carbon","fips":"42025"},"id":"Carbon","arcs":[[90,-58,-75,91,92]]},{"type":"Polygon","properties":{"name":"Lawrence","fips":"42073"},"id":"Lawrence","arcs":[[93,94,-46,-84]]},{"type":"Polygon","properties":{"name":"Northampton","fips":"42095"},"id":"Northampton","arcs":[[95,-92,-74,96,97]]},{"type":"Polygon","properties":{"name":"Schuylkill","fips":"42107"},"id":"Schuylkill","arcs":[[98,-80,-64,-59,-91,99,100,101]]},{"type":"Polygon","properties":{"name":"Indiana","fips":"42063"},"id":"Indiana","arcs":[[102,-88,-62,-71,103]]},{"type":"Polygon","properties":{"name":"Snyder","fips":"42109"},"id":"Snyder","arcs":[[104,105,-89,-77]]},{"type":"Polygon","properties":{"name":"Beaver","fips":"42007"},"id":"Beaver","arcs":[[106,107,-94,-83,108]]},{"type":"Polygon","properties":{"name":"Mifflin","fips":"42087"},"id":"Mifflin","arcs":[[109,-68,-90,-106,110]]},{"type":"Polygon","properties":{"name":"Lehigh","fips":"42077"},"id":"Lehigh","arcs":[[111,-100,-93,-96,112,113]]},{"type":"Polygon","properties":{"name":"Blair","fips":"42013"},"id":"Blair","arcs":[[114,115,-72,-70,116]]},{"type":"Polygon","properties":{"name":"Huntingdon","fips":"42061"},"id":"Huntingdon","arcs":[[-117,-69,-110,117,118,119,120]]},{"type":"Polygon","properties":{"name":"Cambria","fips":"42021"},"id":"Cambria","arcs":[[121,-104,-73,-116,122,123]]},{"type":"Polygon","properties":{"name":"Juniata","fips":"42067"},"id":"Juniata","arcs":[[-118,-111,-105,124,125]]},{"type":"Polygon","properties":{"name":"Berks","fips":"42011"},"id":"Berks","arcs":[[126,127,128,-101,-112,129]]},{"type":"Polygon","properties":{"name":"Westmoreland","fips":"42129"},"id":"Westmoreland","arcs":[[130,131,-87,-103,-122,132,133]]},{"type":"Polygon","properties":{"name":"Allegheny","fips":"42003"},"id":"Allegheny","arcs":[[134,-109,-86,-132]]},{"type":"Polygon","properties":{"name":"Dauphin","fips":"42043"},"id":"Dauphin","arcs":[[135,136,137,138,-81,-99,139]]},{"type":"Polygon","properties":{"name":"Perry","fips":"42099"},"id":"Perry","arcs":[[140,-125,-82,-139,141]]},{"type":"Polygon","properties":{"name":"Bucks","fips":"42017"},"id":"Bucks","arcs":[[142,-113,-98,143,144]]},{"type":"Polygon","properties":{"name":"Lebanon","fips":"42075"},"id":"Lebanon","arcs":[[-140,-102,-129,145]]},{"type":"Polygon","properties":{"name":"Washington","fips":"42125"},"id":"Washington","arcs":[[146,147,-107,-135,-131,148]]},{"type":"Polygon","properties":{"name":"Montgomery","fips":"42091"},"id":"Montgomery","arcs":[[149,-130,-114,-143,150,151]]},{"type":"Polygon","properties":{"name":"Bedford","fips":"42009"},"id":"Bedford","arcs":[[152,153,-123,-115,-121,154]]},{"type":"Polygon","properties":{"name":"Cumberland","fips":"42041"},"id":"Cumberland","arcs":[[155,-142,-138,156,157]]},{"type":"Polygon","properties":{"name":"Lancaster","fips":"42071"},"id":"Lancaster","arcs":[[158,159,-136,-146,-128,160]]},{"type":"Polygon","properties":{"name":"Franklin","fips":"42055"},"id":"Franklin","arcs":[[161,162,-119,-126,-141,-156,163]]},{"type":"Polygon","properties":{"name":"Somerset","fips":"42111"},"id":"Somerset","arcs":[[164,-133,-124,-154,165]]},{"type":"Polygon","properties":{"name":"Chester","fips":"42029"},"id":"Chester","arcs":[[-161,-127,-150,166,167]]},{"type":"Polygon","properties":{"name":"York","fips":"42133"},"id":"York","arcs":[[168,-157,-137,-160,169]]},{"type":"Polygon","properties":{"name":"Fulton","fips":"42057"},"id":"Fulton","arcs":[[-155,-120,-163,170]]},{"type":"Polygon","properties":{"name":"Fayette","fips":"42051"},"id":"Fayette","arcs":[[171,-149,-134,-165,172]]},{"type":"Polygon","properties":{"name":"Philadelphia","fips":"42101"},"id":"Philadelphia","arcs":[[173,-151,-145,174]]},{"type":"Polygon","properties":{"name":"Adams","fips":"42001"},"id":"Adams","arcs":[[-164,-158,-169,175]]},{"type":"Polygon","properties":{"name":"Delaware","fips":"42045"},"id":"Delaware","arcs":[[-167,-152,-174,176]]},{"type":"Polygon","properties":{"name":"Greene","fips":"42059"},"id":"Greene","arcs":[[177,-147,-172]]},{"type":"Polygon","properties":{"name":"Erie","fips":"42049"},"id":"Erie","arcs":[[178,179,180]]},{"type":"Polygon","properties":{"name":"Bradford","fips":"42015"},"id":"Bradford","arcs":[[181,182,183,-10,-43,-34]]},{"type":"Polygon","properties":{"name":"Tioga","fips":"42117"},"id":"Tioga","arcs":[[184,185,-182,-42]]},{"type":"Polygon","properties":{"name":"Warren","fips":"42123"},"id":"Warren","arcs":[[-21,186,-180,187,188,-27]]},{"type":"Polygon","properties":{"name":"Susquehanna","fips":"42115"},"id":"Susquehanna","arcs":[[-184,189,-2,-12,-6]]},{"type":"Polygon","properties":{"name":"McKean","fips":"42083"},"id":"McKean","arcs":[[-28,-16,-189,190,191]]},{"type":"Polygon","properties":{"name":"Potter","fips":"42105"},"id":"Potter","arcs":[[-52,-29,-192,192,-185,-41]]},{"type":"Polygon","properties":{"name":"Crawford","fips":"42039"},"id":"Crawford","arcs":[[193,-181,-187,-20,-48]]}]}},"arcs":[[[8633,5966],[80,72],[-29,1504]],[[8684,7542],[-23,1394]],[[8661,8936],[166,8],[64,-22],[37,-124],[69,-54],[50,-309],[143,-4],[40,-47],[40,-26],[12,-48],[65,-89],[-29,-67],[-1,-71],[62,-35],[7,-171],[-14,-46],[24,-304],[-36,-95],[4,-34]],[[9364,7398],[-207,-588],[-100,-141],[-29,-184],[-33,-25],[-103,25],[2,-130],[49,-64],[-62,-247],[-1,-75]],[[8880,5969],[-247,-3]],[[7562,7589],[1,-41],[672,-5]],[[8235,7543],[-83,-255],[13,-10],[-56,-203],[42,-64],[-106,-328]],[[8045,6683],[-295,-143],[-471,-10]],[[7279,6530],[111,630]],[[7390,7160],[39,427],[133,2]],[[8443,5673],[-75,106],[-6,253],[-85,156],[25,177],[-186,149],[-53,82],[-18,87]],[[8235,7543],[449,-1]],[[8633,5966],[-43,-73],[-34,22],[-18,-19],[-95,-223]],[[3115,5816],[5,102],[-59,2],[2,153],[-373,419],[-27,15],[-20,-45],[-81,-56],[-34,17],[-65,-25]],[[2463,6398],[-5,265],[42,2],[2,117],[151,1],[-1,-52],[37,3],[0,753]],[[2689,7487],[805,23],[1,-96],[111,-3]],[[3606,7411],[2,-788],[289,-11],[-6,-307],[32,-1],[-6,-376]],[[3917,5928],[-690,102],[-2,-151],[-110,-63]],[[896,5703],[3,1237]],[[899,6940],[-1,67],[32,9],[-2,59],[31,3],[-4,30],[35,-2],[-3,55],[33,1],[-1,45],[27,3],[0,41],[29,1],[0,55],[84,57],[0,45],[25,3],[2,71],[102,-5],[0,-28],[265,1],[1,32]],[[1554,7483],[176,10]],[[1730,7493],[5,-664],[-20,6],[-1,-89],[75,-2],[0,-198]],[[1789,6546],[2,-208],[-113,6],[0,-71],[-107,19],[0,-166],[-34,3],[-3,-50],[-22,2],[1,-62],[-22,6],[0,-167],[-29,-51],[-1,-66],[-29,6],[-10,-36]],[[1422,5711],[-526,-8]],[[2463,6398],[-44,-67],[-45,8],[-31,-26],[-23,72],[-10,-105],[-26,74],[-29,-53]],[[2255,6301],[-1,405],[-337,28],[2,-189],[-130,1]],[[1730,7493],[959,-6]],[[3606,7411],[5,55],[364,-5]],[[3975,7461],[272,-562],[93,-10]],[[4340,6889],[3,-434],[-178,-574]],[[4165,5881],[-248,47]],[[9511,5416],[-81,-77],[-97,256],[-129,28],[53,406],[-377,-60]],[[9364,7398],[77,-152],[18,-103],[74,-220],[67,3],[58,-88],[6,-67],[54,9],[122,-67],[65,1],[25,-32],[0,-80],[60,-104],[9,-97],[-157,-151],[-4,-66],[-54,-49],[-70,-219],[6,-79],[-89,-258],[-61,-114],[-59,-49]],[[6256,7379],[106,-28]],[[6362,7351],[125,-729],[228,-373],[132,-68],[-5,-18],[159,-44]],[[7001,6119],[-260,-469],[-87,-16]],[[6654,5634],[-57,-7],[-96,66]],[[6501,5693],[-67,25],[-181,-65],[-27,-76]],[[6226,5577],[-108,33],[-22,-239],[-180,-14],[-113,-42]],[[5803,5315],[-50,4],[-195,419],[-25,18],[2,68],[-36,14],[0,36],[-90,43],[-62,141],[-27,12],[-51,159],[-31,37],[-32,139],[-83,50],[-88,267],[1,41],[-21,2],[-2,135]],[[5013,6900],[-2,262]],[[5011,7162],[1104,24],[141,193]],[[6362,7351],[1028,-191]],[[7279,6530],[-52,-285]],[[7227,6245],[-153,-3],[-73,-123]],[[722,5294],[-81,180],[-200,19],[4,39],[-440,2]],[[5,5534],[5,1412]],[[10,6946],[115,-14],[3,24],[44,0],[23,-33],[488,-18],[-1,32],[217,3]],[[896,5703],[-174,-409]],[[5790,5189],[-329,-214],[-305,-91],[-110,317],[40,62],[-45,15],[-136,161],[-136,5],[-45,148],[-26,-34],[-2,167],[-186,-13],[-10,325],[-28,-84],[-41,-46],[-4,-54],[-21,23],[-26,-73],[2,-80],[-16,-43],[-30,-20],[-19,-60],[-56,26]],[[4261,5626],[-96,255]],[[4340,6889],[673,11]],[[5803,5315],[2,-109],[-15,-17]],[[2247,5213],[-36,-16],[-36,-67],[-27,1],[-27,-86],[-36,20],[-25,-38],[-61,2],[-37,-116],[-28,80],[23,-5],[1,36],[-44,-32],[0,39],[-22,8],[0,50],[-13,-93],[-43,-30],[-17,49],[-33,20],[-21,-71],[-16,-17],[-20,28],[-25,-58],[-40,43],[-97,-50],[-27,81],[70,-6],[-4,51],[-44,34],[0,28],[31,28],[-57,21],[-70,85],[13,65],[-29,103],[0,260],[-28,51]],[[2255,6301],[-8,-1088]],[[7406,4829],[-38,392],[2,351],[-89,-30],[-66,263],[12,440]],[[8443,5673],[-9,-60],[-71,-115]],[[8363,5498],[-30,42],[-55,10],[-23,-66],[-20,4],[-76,-114],[-9,-156],[50,-82],[12,-98],[-181,-119],[-32,-60],[-226,-177]],[[7773,4682],[-56,-41],[-311,188]],[[2240,4694],[7,519]],[[3115,5816],[-102,-11],[-59,-260],[-4,-879]],[[2950,4666],[-710,28]],[[6856,4560],[8,312],[-51,97],[-47,275],[-67,40],[-45,350]],[[7406,4829],[-130,-256],[-47,-307],[-131,-116]],[[7098,4150],[-41,211],[-144,-24],[-15,35],[11,88],[-15,69],[-38,31]],[[3698,3997],[-18,87],[46,64],[25,108],[47,38],[31,155],[71,-26],[15,65],[-8,65],[34,-17],[28,170],[27,-27],[62,131],[-25,30],[7,36],[14,12],[29,-62],[20,73],[4,-99],[18,-18],[59,70],[-21,77],[61,86],[4,44],[-26,73],[29,36],[-24,99],[-38,-7],[16,69],[-47,82],[-4,48],[9,25],[23,-21],[19,36],[14,-20],[15,47],[17,-4],[7,66],[23,38]],[[5790,5189],[-81,-149],[-103,-258],[-178,-325]],[[5428,4457],[-559,-490]],[[4869,3967],[-42,-32],[-92,-1],[-99,73],[-111,-56],[-115,-140],[-291,202]],[[4119,4013],[-25,18],[-396,-34]],[[2950,3968],[0,698]],[[3698,3997],[17,-48]],[[3715,3949],[-737,-11],[-28,30]],[[9252,4880],[-192,-198],[-91,-200],[-314,-187]],[[8655,4295],[-26,131],[-124,381],[59,63],[-9,30],[71,69],[-187,402],[-24,86],[-52,41]],[[9511,5416],[-8,-69],[39,3],[-60,-79],[-58,-135],[-60,-68],[-80,-41],[-39,-89],[7,-58]],[[6158,3605],[26,74],[47,57],[79,202],[-26,217],[36,139],[52,113],[1,157],[-26,11]],[[6347,4575],[-42,95],[-50,203],[37,199],[-1,205],[-11,77],[-28,50],[-26,173]],[[6501,5693],[-14,-153],[13,-123],[-48,-263],[-32,-78],[12,-104],[-36,-161],[180,87],[51,-10],[30,-40],[29,12],[48,-63],[62,-20],[-7,-155],[37,-58],[30,-4]],[[7098,4150],[-526,-445],[-1,-21]],[[6571,3684],[-29,23],[-133,-80],[-25,20],[-19,-73],[-48,-19],[-24,29],[-82,-95],[-44,2],[-19,30]],[[6148,3521],[10,84]],[[646,3749],[-18,715]],[[628,4464],[-10,576],[104,254]],[[1422,5711],[-3,-2009]],[[1419,3702],[-773,47]],[[1833,3175],[-48,48],[-13,-45],[-18,-1],[-99,127],[-18,76],[12,85],[-34,5],[-3,104],[-45,-5],[-18,94],[-32,11],[-20,69],[-25,29],[-53,-70]],[[2240,4694],[-1,-509],[-406,-1010]],[[6347,4575],[-139,-18],[-53,27],[-94,-61],[-31,14],[-33,-74],[-58,66],[-505,-243]],[[5434,4286],[-6,171]],[[8171,4003],[-258,364],[-140,315]],[[8655,4295],[-232,-103]],[[8423,4192],[-135,-52],[-117,-137]],[[628,4464],[-618,-11]],[[10,4453],[-1,170],[-4,911]],[[8892,3211],[-111,175],[24,138],[-71,202],[-88,-74],[-3,63],[-46,90],[-41,187],[-40,-57],[-79,74],[-14,183]],[[9252,4880],[95,-234],[11,-73],[29,-49],[3,-65],[-77,-64],[18,-70],[-19,-117],[-51,-74],[-69,8],[-40,-105],[10,-95],[-30,-148],[36,-64],[-42,-75],[19,-65],[-5,-76]],[[9140,3514],[-248,-303]],[[6840,3286],[-257,342],[-12,56]],[[8171,4003],[-221,-225]],[[7950,3778],[-179,-173],[-35,-218],[-79,24],[-26,-62],[-99,-40],[-68,-93],[-211,-84],[-46,12],[-191,-96]],[[7016,3048],[-176,238]],[[2650,2650],[-36,81],[-57,23],[-17,-105],[-27,-51],[-43,3],[-60,-55],[-16,26],[5,89],[-33,-33],[-25,69],[-74,-3],[-63,89],[-41,-62],[-21,83],[-31,5],[-15,69],[-37,9],[-12,32],[-55,-18],[-29,-55],[-42,31],[-12,41],[-31,13],[-11,65],[-29,1],[-14,97],[9,81]],[[2950,3968],[-68,-409],[-232,-909]],[[6158,3605],[-35,59],[-79,-47],[-58,144],[-96,12],[-25,59],[-80,-57],[-250,67]],[[5535,3842],[-100,31],[-1,413]],[[276,2982],[-273,-2]],[[3,2980],[4,622],[3,851]],[[646,3749],[-8,-222],[-362,-545]],[[4753,2587],[-12,-27],[-98,-16],[-67,21],[-16,91],[-38,21],[-19,108],[65,155],[76,122],[-39,202],[6,47],[109,246],[146,219],[0,18],[-21,-16],[-14,50],[19,11],[-10,42],[44,36],[-15,50]],[[5535,3842],[-354,-335],[34,-88],[-211,-261],[-13,-27],[-1,-100],[-237,-444]],[[8571,2845],[-621,933]],[[8892,3211],[-133,-195],[-123,-266]],[[8636,2750],[-65,95]],[[3874,2253],[-50,-175],[-233,223],[-21,-68],[-9,-162],[-96,156],[-44,15],[-152,142]],[[3269,2384],[25,112],[77,66],[-5,163],[16,84],[-14,11],[31,120],[17,189],[55,109],[43,26],[14,96],[42,110],[-5,120],[13,42],[45,16],[92,301]],[[4119,4013],[-16,-64],[-69,-53],[-33,-84],[-25,-2],[-23,-114],[88,-136],[-27,-105],[13,-57],[-28,-113],[13,-63],[31,-39],[50,136],[-22,-273],[45,18],[-8,-133],[-130,-427],[-104,-251]],[[4753,2587],[84,-441]],[[4837,2146],[-160,-397],[-113,-400]],[[4564,1349],[-96,153],[-281,118],[-83,120]],[[4104,1740],[-174,240],[-56,273]],[[2513,2218],[104,285],[33,147]],[[3269,2384],[-28,-63],[1,-102],[-18,-23],[0,-77],[-19,-32],[-5,-66]],[[3200,2021],[-294,8],[-51,36],[-48,-19],[-12,99],[-45,79],[-237,-6]],[[6158,3605],[-213,-139],[-201,-59],[-10,-92],[-187,-161],[-126,-155],[-262,-258],[-35,-51],[-4,-95],[-151,-174],[-75,-171]],[[4894,2250],[-57,-104]],[[8291,2105],[-12,-47],[-317,-405]],[[7962,1653],[-457,697]],[[7505,2350],[-95,177],[-38,-3],[-356,524]],[[8571,2845],[-280,-740]],[[1101,1614],[-28,109],[62,-3],[10,22],[17,88],[-26,59]],[[1136,1889],[123,93],[-23,66],[20,168],[27,28],[-50,32],[39,82],[26,253],[49,58],[46,103],[10,406],[-61,90],[-57,3],[-5,103],[10,52],[98,92],[24,70],[7,114]],[[2513,2218],[-128,-413],[-35,-57],[-44,-183],[-25,-52],[-45,16],[-63,-78],[-64,-205]],[[2109,1246],[-74,8],[-28,115],[-84,123],[-32,12],[-55,114],[-37,21],[-61,-2],[-13,-61],[-33,11],[-103,-173],[-25,44],[-25,-40],[-51,3],[-16,103],[-26,-15],[-13,31],[-49,-4],[-10,37],[-46,38],[-44,-18],[-48,26],[-135,-5]],[[1136,1889],[-85,-5],[-106,91],[12,59],[73,41],[5,27],[-447,305],[-312,575]],[[6778,1865],[-57,-1],[-21,-42],[-28,-2],[-28,-77],[-25,12],[-21,-51],[-37,2],[-18,-44],[-42,-13]],[[6501,1649],[-30,151],[-156,198]],[[6315,1998],[-67,79],[-37,82],[-19,97],[11,115]],[[6203,2371],[-44,145],[-136,44],[-32,66],[63,95],[36,125],[55,74],[-8,101],[-47,117],[-20,176],[78,207]],[[6840,3286],[-240,-334],[178,-1087]],[[4996,1899],[1,79],[-59,-6],[14,80],[-51,66],[19,57],[-26,75]],[[6203,2371],[-94,-20],[-67,-53],[-81,11],[-378,-88],[-63,-39],[-26,4],[-11,51],[-19,11],[-115,-131],[-13,5],[5,23],[83,155],[2,39],[-21,7],[-112,-126],[-171,-255],[-49,-25],[-50,-90],[-27,49]],[[9447,1630],[-811,1120]],[[9140,3514],[12,-122],[-7,-51],[26,-55],[100,32],[76,-76],[28,-96],[-11,-254],[22,-142],[62,-74],[35,29],[48,-16],[39,-232],[30,-46],[20,-77],[69,-57],[65,-201],[178,-277],[23,-112],[-35,-98],[-142,-32],[-74,-149],[-145,-79],[-46,-94]],[[9513,1235],[-13,42],[41,144],[2,115],[-96,94]],[[7505,2350],[-283,-244],[-219,-78],[-225,-163]],[[896,1026],[-63,8],[-21,75],[-31,1],[-14,35],[-61,-92],[-61,13],[-28,61],[-46,-15],[-64,32],[-54,-20],[-69,62],[-19,-34],[-71,-13],[-14,-56],[-52,-12],[-54,-61],[-73,8],[-34,-101],[-65,21]],[[2,938],[0,253],[-2,548],[4,944],[-1,297]],[[1101,1614],[-4,-33],[69,-96],[-17,-74],[-65,31],[-15,-35],[7,-47],[32,-33],[-6,-55],[16,-62],[-60,-27],[-54,-122],[-93,76],[-15,-111]],[[8847,1363],[-9,38],[-59,-37],[-28,122],[-43,-34],[-40,80],[5,56],[-64,6],[-5,129],[-21,-48],[-20,-1],[1,71],[-32,62],[-5,64],[-19,42],[-36,-17],[-1,52],[-24,60],[-29,-23],[-12,51],[-30,1],[-35,74],[-50,-6]],[[9447,1630],[-73,-118],[-95,-227],[-102,136],[-23,-37],[-58,78],[-73,-152],[90,-146],[-119,-129]],[[8994,1035],[-56,136],[-24,-26],[-67,218]],[[3675,17],[-743,-2]],[[2932,15],[106,387],[-13,919],[26,77],[22,-35],[127,658]],[[4104,1740],[-62,-198],[-54,-82],[-6,-56],[38,-83],[-42,-66],[-11,-123],[-148,-675],[-65,-191],[-26,-141],[-53,-108]],[[5259,944],[-2,93],[-29,9],[-62,137],[-69,268],[-20,153],[-74,57],[-30,68],[-8,97],[31,73]],[[6315,1998],[-23,-42],[-72,6],[-28,-45],[14,-73],[-26,-6],[20,-34],[-4,-50],[-93,4],[-14,-60],[-44,18],[-38,-19],[-200,-314]],[[5807,1383],[-81,-150],[-360,-131],[-107,-158]],[[7529,11],[-161,-1]],[[7368,10],[-72,254],[-74,78],[-61,133],[-46,131],[-15,155],[-121,99],[-17,41],[-67,277],[-49,131],[-67,-12],[-151,95],[-101,174],[-26,83]],[[7962,1653],[-91,-122],[-12,-288],[-80,-297],[5,-105],[-29,-47],[21,-193],[-33,-31],[-5,-50],[-24,-3],[5,-51],[-24,-53],[-6,-75],[-53,-164],[-21,-5],[-9,-69],[-31,15],[8,-73],[-11,-10],[-25,43],[-24,-37],[6,-27]],[[5255,3],[-20,-2],[-1064,23]],[[4171,24],[72,136],[113,357],[102,551],[106,281]],[[5259,944],[-27,-92],[23,-849]],[[1938,0],[-19,70],[24,117],[-5,59],[59,44],[12,67],[-25,48],[-32,14],[4,60],[-53,57],[43,244],[163,466]],[[2932,15],[-193,-3],[-801,-12]],[[8847,1363],[-98,-96],[24,-60],[-78,-104],[23,-56],[-126,-157],[-24,-100],[-39,-3],[-40,-119],[-57,-64],[17,-86],[34,-44]],[[8483,474],[-104,-7],[-87,-70],[-87,-179],[-51,-197],[-28,-3],[-597,-7]],[[6057,6],[4,411],[47,156],[-41,98],[33,144],[-12,68],[-59,171],[-19,127],[-69,25],[-56,118],[-78,59]],[[7368,10],[-578,-6],[-379,4],[-354,-2]],[[4171,24],[-410,-5],[-86,-2]],[[1043,9],[13,83],[-49,54],[-5,66],[6,59],[42,23],[-24,97],[10,100],[-19,39],[24,129],[-21,34],[-2,95],[-59,111],[-74,7],[-9,28],[20,92]],[[1938,0],[-144,4],[-488,6],[-263,-1]],[[9060,514],[-3,65],[-29,79],[34,196],[-16,83],[-52,98]],[[9513,1235],[-107,-104],[-39,-87],[-28,-38],[-45,4],[-50,-81],[-12,-84],[19,-148],[-12,-60],[-73,-17],[-106,-106]],[[6057,6],[-385,-1],[-417,-2]],[[9060,514],[-11,-19],[-158,12],[-128,-194],[-85,108],[-195,53]],[[1043,9],[-877,-7],[-163,5],[-1,931]],[[6,8364],[3,534],[1300,1101],[3,-1037],[256,-10]],[[1568,8952],[-13,-583]],[[1555,8369],[-1549,-5]],[[6256,7379],[-81,1581]],[[6175,8960],[625,2],[719,-9]],[[7519,8953],[43,-1364]],[[5011,7162],[-11,1783]],[[5000,8945],[1106,17],[69,-2]],[[1554,7483],[1,886]],[[1568,8952],[949,2],[242,-5]],[[2759,8949],[2,-603],[-20,-4],[3,-42],[-44,4],[-11,-817]],[[7519,8953],[69,-5],[1073,-12]],[[2759,8949],[1053,-1],[173,-5]],[[3985,8943],[-10,-1482]],[[3985,8943],[788,-4],[227,6]],[[10,6946],[-6,23],[2,1395]]],"transform":{"scale":[0.0005826565431154575,0.00025482683140848507],"translate":[-80.52604521320274,39.71931358240144]}}