[{"lineItemId":"1","lineItemDate":"1/28/16","firmName":"Lanter, Davis,Shotenstein Williams","description":"Fact Investigation/Development","code":"L110","rate":"300","hours":"2.0","detailedDescription":"Description Text","anomalyDescription":"Anomaly Description Text","matterId":"2016-12345","invoiceId":"234234-123"},
{"lineItemId":"2","lineItemDate":"3/28/16","firmName":"Bob Associates","description":"Fact Investigation/Development","code":"L110","rate":"300","hours":"2.0","detailedDescription":"Description Text2","anomalyDescription":"Anomaly Description Text 2","matterId":"2016-34435","invoiceId":"223423-123"},
{"lineItemId":"3","lineItemDate":"1/22/16","firmName":"Lanter and Williams","description":"Fact Investigation/Development","code":"L110","rate":"300","hours":"2.0","detailedDescription":"Description Text3","anomalyDescription":"Anomaly Description Text 3","matterId":"2016-12342","invoiceId":"463656-123"},
{"lineItemId":"4","lineItemDate":"5/28/16","firmName":"Davis,Shotenstein Williams","description":"Fact Investigation/Development","code":"L110","rate":"300","hours":"2.0","detailedDescription":"Description Text4","anomalyDescription":"Anomaly Description Text 4","matterId":"2016-65345","invoiceId":"346435-123"}
,{"total":"4"}]
