[{"anomalyId":"1","timekeeperName":"James Anderson","description":"Template Billing","invoiceCount":"7","lineItemCount":"70"},
{"anomalyId":"2","timekeeperName":"James Anderson","description":"Motion billed over 6 hours","invoiceCount":"1","lineItemCount":"3"},
{"anomalyId":"3","timekeeperName":"Sam Dennison","description":"Billed Over 8 hours in one day","invoiceCount":"3","lineItemCount":"5"},
{"anomalyId":"4","timekeeperName":"Craig Stanislawski","description":"1/2 Billing","invoiceCount":"1","lineItemCount":"4"},{"total":"5"}]
