[
{"anomalyName":".1/.2 Billing","count":"63"},
{"anomalyName":"Sequential// Billing","count":"24"},
{"anomalyName":"Task Billing","count":"23"},
{"anomalyName":"Disallowed Task","count":"10"},
{"anomalyName":"Travel Time","count":"8"},
{"anomalyName":"Duplicate Line Items","count":"6"},
{"anomalyName":"Draft DTPA > .5 hours","count":"4"},
{"anomalyName":"Block Billing","count":"3"},
{"anomalyName":"Insufficient Description","count":"2"},
{"anomalyName":"Budgeting > .2 hours","count":"1"},
{"total": "10"}
]
