[
{"timekeeperName":"James Anderson","hours":"1343","spentAmount":"$234,342"},
{"timekeeperName":"Lisa Bowers Jones","hours":"895","spentAmount":"$123,546"},
{"timekeeperName":"Sam Dennison","hours":"657","spentAmount":"$87,675"},
{"timekeeperName":"Craig Stanislawski","hours":"546","spentAmount":"$76,435"},
{"timekeeperName":"Craig Brecthel","hours":"502","spentAmount":"$70,436"},
{"timekeeperName":"Manuel Varga","hours":"432","spentAmount":"$55,789"},
{"timekeeperName":"RJ Voitel","hours":"135","spentAmount":"$23,678"}
]
