{"type":"Topology","objects":{"South_Carolina.geo":{"type":"GeometryCollection","geometries":[{"type":"Polygon","properties":{"name":"Greenville","fips":"45045"},"id":"Greenville","arcs":[[0,1,2,3,4]]},{"type":"Polygon","properties":{"name":"Spartanburg","fips":"45083"},"id":"Spartanburg","arcs":[[-5,5,6,7,8]]},{"type":"Polygon","properties":{"name":"Cherokee","fips":"45021"},"id":"Cherokee","arcs":[[9,-7,10,11]]},{"type":"Polygon","properties":{"name":"York","fips":"45091"},"id":"York","arcs":[[12,13,-12,14,15]]},{"type":"Polygon","properties":{"name":"Pickens","fips":"45077"},"id":"Pickens","arcs":[[16,17,-3,18]]},{"type":"Polygon","properties":{"name":"Lancaster","fips":"45057"},"id":"Lancaster","arcs":[[19,-16,20,21,22,23]]},{"type":"Polygon","properties":{"name":"Oconee","fips":"45073"},"id":"Oconee","arcs":[[-17,24,25]]},{"type":"Polygon","properties":{"name":"Union","fips":"45087"},"id":"Union","arcs":[[26,-8,-10,-14,27,28,29]]},{"type":"Polygon","properties":{"name":"Chester","fips":"45023"},"id":"Chester","arcs":[[30,-28,-13,-20]]},{"type":"Polygon","properties":{"name":"Anderson","fips":"45007"},"id":"Anderson","arcs":[[-25,-19,-2,31,32]]},{"type":"Polygon","properties":{"name":"Chesterfield","fips":"45025"},"id":"Chesterfield","arcs":[[33,34,-22,35,36]]},{"type":"Polygon","properties":{"name":"Marlboro","fips":"45069"},"id":"Marlboro","arcs":[[37,-37,38,39,40]]},{"type":"Polygon","properties":{"name":"Laurens","fips":"45059"},"id":"Laurens","arcs":[[41,-1,-9,-27,42,43]]},{"type":"Polygon","properties":{"name":"Dillon","fips":"45033"},"id":"Dillon","arcs":[[44,45,-40,46,47]]},{"type":"Polygon","properties":{"name":"Kershaw","fips":"45055"},"id":"Kershaw","arcs":[[48,49,50,51,-23,-35]]},{"type":"Polygon","properties":{"name":"Fairfield","fips":"45039"},"id":"Fairfield","arcs":[[52,53,-29,-31,-24,-52]]},{"type":"Polygon","properties":{"name":"Darlington","fips":"45031"},"id":"Darlington","arcs":[[54,-34,-38,55]]},{"type":"Polygon","properties":{"name":"Newberry","fips":"45071"},"id":"Newberry","arcs":[[56,-43,-30,-54,57,58,59]]},{"type":"Polygon","properties":{"name":"Abbeville","fips":"45001"},"id":"Abbeville","arcs":[[60,-32,-42,61,62]]},{"type":"Polygon","properties":{"name":"Greenwood","fips":"45047"},"id":"Greenwood","arcs":[[63,64,-62,-44,-57,65]]},{"type":"Polygon","properties":{"name":"Lee","fips":"45061"},"id":"Lee","arcs":[[66,67,-49,-55]]},{"type":"Polygon","properties":{"name":"Florence","fips":"45041"},"id":"Florence","arcs":[[68,69,-67,-56,-41,-46,70,71]]},{"type":"Polygon","properties":{"name":"Horry","fips":"45051"},"id":"Horry","arcs":[[72,-48,73,74]]},{"type":"Polygon","properties":{"name":"Marion","fips":"45067"},"id":"Marion","arcs":[[75,76,-71,-45,-73]]},{"type":"Polygon","properties":{"name":"Richland","fips":"45079"},"id":"Richland","arcs":[[77,-58,-53,-51,78,79]]},{"type":"Polygon","properties":{"name":"Lexington","fips":"45063"},"id":"Lexington","arcs":[[80,81,82,-59,-78,83]]},{"type":"Polygon","properties":{"name":"Saluda","fips":"45081"},"id":"Saluda","arcs":[[84,-66,-60,-83,85]]},{"type":"Polygon","properties":{"name":"Sumter","fips":"45085"},"id":"Sumter","arcs":[[-79,-50,-68,-70,86,87]]},{"type":"Polygon","properties":{"name":"McCormick","fips":"45065"},"id":"McCormick","arcs":[[-63,-65,88,89]]},{"type":"Polygon","properties":{"name":"Edgefield","fips":"45037"},"id":"Edgefield","arcs":[[-89,-64,-85,90,91]]},{"type":"Polygon","properties":{"name":"Clarendon","fips":"45027"},"id":"Clarendon","arcs":[[92,93,94,-87,-69,95]]},{"type":"Polygon","properties":{"name":"Williamsburg","fips":"45089"},"id":"Williamsburg","arcs":[[96,-96,-72,-77,97]]},{"type":"Polygon","properties":{"name":"Calhoun","fips":"45017"},"id":"Calhoun","arcs":[[98,-84,-80,-88,-95]]},{"type":"Polygon","properties":{"name":"Aiken","fips":"45003"},"id":"Aiken","arcs":[[-91,-86,-82,99,100,101]]},{"type":"Polygon","properties":{"name":"Georgetown","fips":"45043"},"id":"Georgetown","arcs":[[102,-98,-76,-75,103,104]]},{"type":"Polygon","properties":{"name":"Orangeburg","fips":"45075"},"id":"Orangeburg","arcs":[[105,106,107,-100,-81,-99,-94,108]]},{"type":"Polygon","properties":{"name":"Berkeley","fips":"45015"},"id":"Berkeley","arcs":[[109,110,111,-109,-93,-97,-103,112]]},{"type":"Polygon","properties":{"name":"Barnwell","fips":"45011"},"id":"Barnwell","arcs":[[113,114,-101,-108,115]]},{"type":"Polygon","properties":{"name":"Bamberg","fips":"45009"},"id":"Bamberg","arcs":[[116,-116,-107,117]]},{"type":"Polygon","properties":{"name":"Dorchester","fips":"45035"},"id":"Dorchester","arcs":[[118,-106,-112,119]]},{"type":"Polygon","properties":{"name":"Colleton","fips":"45029"},"id":"Colleton","arcs":[[120,121,122,-118,-119,123]]},{"type":"Polygon","properties":{"name":"Allendale","fips":"45005"},"id":"Allendale","arcs":[[124,-114,-117,125]]},{"type":"Polygon","properties":{"name":"Hampton","fips":"45049"},"id":"Hampton","arcs":[[-126,-123,126,127,128]]},{"type":"MultiPolygon","properties":{"name":"Charleston","fips":"45019"},"id":"Charleston","arcs":[[[-113,-105,129]],[[-124,-120,-111,130]]]},{"type":"Polygon","properties":{"name":"Jasper","fips":"45053"},"id":"Jasper","arcs":[[131,-128,132,133,134]]},{"type":"MultiPolygon","properties":{"name":"Beaufort","fips":"45013"},"id":"Beaufort","arcs":[[[-133,-127,-122,135]],[[-135,136]],[[137]]]}]}},"arcs":[[[2534,8637],[-28,-168],[-32,-43],[-120,-432],[3,-133],[-186,-177]],[[2171,7684],[-143,173],[-56,26],[-18,41],[-87,303],[-2,252],[18,120],[-72,154]],[[1811,8753],[-22,238],[-88,265],[-1,91],[-91,7],[-16,20],[-10,96],[50,70],[-248,-23],[-111,-46],[-58,65],[-2,72]],[[1214,9608],[155,18],[20,21],[4,76],[66,-7],[177,96],[95,16],[122,60],[60,-12],[101,123],[39,-81],[23,0],[20,31],[63,-27],[89,35],[143,-6]],[[2391,9951],[-26,-1091],[169,-223]],[[2391,9951],[500,-16],[211,-16]],[[3102,9919],[133,-376],[-8,-81],[57,-35],[86,-324],[41,-2],[5,-45],[33,-11]],[[3449,9045],[-142,-237],[-91,-491],[-70,-258]],[[3146,8059],[-32,-53],[-86,46],[-93,156],[-167,109],[-74,99],[-31,103],[-73,32],[-34,80],[-22,6]],[[3967,8821],[-69,80],[-185,44],[-101,-12],[-43,67],[-120,45]],[[3102,9919],[221,-2],[845,-62]],[[4168,9855],[-80,-119],[-24,-243],[-121,-13],[-40,-76],[26,-155],[-20,-77],[35,-53],[7,-69],[-20,-56],[36,-173]],[[5145,8760],[-1238,-16]],[[3907,8744],[60,77]],[[4168,9855],[82,2],[573,-38],[1,-63],[43,-84],[-78,-124],[54,-94],[235,204],[69,-132]],[[5147,9526],[-26,-130],[28,-147],[44,-58],[8,-96],[-23,-90],[12,-171],[-45,-74]],[[1034,8066],[-7,39],[38,107],[-3,143],[-25,112],[-70,38],[5,89],[25,69],[-34,53],[-26,202],[4,259],[-20,27],[2,39],[-35,3],[-12,36],[10,40],[35,18],[0,63],[50,109]],[[971,9512],[243,96]],[[1811,8753],[-606,-452],[-171,-235]],[[5186,7866],[-30,352],[48,191],[-19,85],[1,143],[-41,123]],[[5147,9526],[115,-184],[114,-195],[-30,-397],[500,-2]],[[5846,8748],[20,-81],[80,-89],[45,-152],[98,-138],[23,-91],[40,-35],[4,-66]],[[6156,8096],[-281,-173],[46,-163],[-257,-77],[-96,104],[-91,-102],[7,214],[-285,-299]],[[5199,7600],[-50,81],[41,71],[-4,114]],[[1034,8066],[-235,-334],[-26,-63]],[[773,7669],[-55,-18],[-98,61],[-51,92],[-61,51],[-61,105],[-45,28],[-13,70],[-151,46],[-129,158],[-86,47],[-23,102],[1,56],[56,80],[2,111],[41,58],[69,31],[5,77],[36,1],[0,33],[31,39],[-15,50],[21,-13],[28,49],[33,-16],[45,84],[50,22],[7,47],[37,-6],[25,33],[26,-15],[-30,58],[13,21],[12,-20],[31,94],[-12,52],[208,76],[251,99]],[[3590,7824],[-78,74],[-99,2],[-43,41],[-121,31],[-103,87]],[[3907,8744],[2,-31],[43,-21],[17,-34],[14,-88],[-70,-84],[-4,-33],[67,-28],[4,-159],[54,-96],[-12,-179],[23,-42]],[[4045,7949],[-7,-240]],[[4038,7709],[-99,-16],[-138,-122],[-23,8],[-3,77],[-98,98],[-21,49],[-66,21]],[[5186,7866],[-1141,83]],[[2171,7684],[-897,-878]],[[1274,6806],[-32,88],[-13,152],[-39,30],[-54,158],[-58,99],[-16,132],[-51,143],[-77,65],[-161,-4]],[[7372,7836],[-40,-19],[-78,-96],[-47,-15],[-36,26],[-40,-14],[-85,30],[-60,-42],[-42,3],[-514,-373]],[[6430,7336],[-5,49],[-30,28],[4,43],[-62,107],[-5,177],[-82,139],[-32,157],[-62,60]],[[5846,8748],[495,-2],[849,-22]],[[7190,8724],[-17,-24],[-5,-81],[75,-106],[36,-157],[90,-105],[76,-45],[20,-63],[1,-58],[-35,4],[-22,-39],[-37,-214]],[[7730,7125],[-60,153],[16,122],[-33,43],[-45,-24],[-3,59],[-41,16],[-25,64],[7,88],[41,13],[17,48],[-10,24],[-41,11],[-12,39],[-21,6],[-56,-104],[-72,59],[-20,94]],[[7190,8724],[491,-8],[38,-15],[444,-530],[18,-48]],[[8181,8123],[-396,-1035]],[[7785,7088],[-55,37]],[[2327,7447],[-75,89],[-81,148]],[[3590,7824],[-115,-242],[-67,-28],[-20,-96],[-83,-159],[-219,-198],[-124,-316]],[[2962,6785],[-307,303],[-161,94],[-77,162],[-90,103]],[[8845,6965],[-82,78],[-18,-1],[-70,-95],[-80,17],[-90,61],[-44,-24],[-123,78],[-192,17],[-80,-95],[-94,-50],[11,-66],[-22,-19]],[[7961,6866],[-68,187],[-41,29],[-48,-17],[-19,23]],[[8181,8123],[781,-1001]],[[8962,7122],[-117,-157]],[[6430,7336],[-113,-84],[15,-43],[-75,9],[-9,-63],[17,-48],[-89,-13],[-72,-66],[22,-147],[-45,-70],[-19,-110],[-31,-28]],[[6031,6673],[-71,-38],[-139,-159],[-82,23],[-8,-38]],[[5731,6461],[-97,-50],[-61,-2],[-58,-45],[-224,296],[-82,59],[85,259]],[[5294,6978],[123,370],[-72,118],[-75,2],[-71,132]],[[5294,6978],[-495,-99],[-69,-53],[-165,15],[10,-78],[-34,-51],[-261,194]],[[4280,6906],[-145,336],[-72,292],[11,106],[-36,69]],[[6876,6431],[-101,106],[-67,126],[70,87],[15,55],[-148,421],[-2,72],[-20,9],[-31,-93],[-65,-61],[-42,98],[-69,72],[14,13]],[[7730,7125],[-70,-65],[-81,9],[-38,-133],[-77,30],[-46,-13],[-542,-522]],[[3117,6565],[-67,57],[-88,163]],[[4280,6906],[-66,-130]],[[4214,6776],[-36,-47],[-78,-27],[-78,-160],[85,-128],[12,-68],[-62,39],[-42,-2],[-57,47],[-15,-51]],[[3943,6379],[-146,27],[-15,33],[-142,99],[-47,65],[-117,87],[-81,33],[-93,-39],[-101,25],[-77,-9],[-25,-45],[18,-90]],[[1581,6194],[-14,68],[-120,234],[-158,196],[-15,114]],[[2327,7447],[-194,-207],[88,-226],[86,-143],[27,-175],[-42,-188],[-140,-165]],[[2152,6343],[-93,-22],[-162,9],[-74,63],[-110,-44],[-132,-155]],[[2816,6021],[-82,-36]],[[2734,5985],[12,107],[-68,-22],[-53,27],[-94,2],[-47,-43],[-56,8],[-88,145],[-130,-158],[-58,292]],[[3117,6565],[-111,-172],[-190,-372]],[[6876,6431],[164,-131]],[[7040,6300],[-55,-109],[-104,-26],[-233,-174],[-13,172],[-120,-41],[-50,158],[-59,3],[-4,72],[-40,56],[-135,3],[-23,23],[-20,-22],[-149,96],[-4,162]],[[7275,5767],[-132,32],[-66,184]],[[7077,5983],[161,124],[-198,193]],[[7961,6866],[-26,-165],[68,-149],[37,-9],[0,-92],[-31,-8],[-7,-45],[36,-90],[14,-200],[52,-67],[-6,-59],[29,-55],[104,-96],[44,-14],[4,-45],[74,-126],[60,-21],[50,-51],[-18,-65]],[[8445,5509],[-105,88],[-21,-9],[-26,-69],[-59,-4],[-36,-50],[-68,2],[-53,-28],[-277,90],[-17,28],[-60,20],[-30,-33],[-93,-1],[-28,67],[-131,23],[-78,141],[-88,-7]],[[8716,5240],[-115,250],[-39,336],[-51,5],[-30,37],[-9,66],[-51,96],[-3,57],[10,47],[31,20],[15,87],[53,17],[97,129],[28,180],[30,-1],[25,124],[26,48],[27,-10],[74,158],[11,79]],[[8962,7122],[878,-1134],[159,-212],[-90,-52],[76,-39],[-563,-437],[-306,-457]],[[9116,4791],[-208,5],[8,94],[-49,8],[-14,38],[-15,77],[21,33],[-49,51],[-67,131],[-19,25],[-8,-13]],[[8716,5240],[-14,-41],[-63,-21],[-94,53],[0,41],[-37,15],[-9,104],[-47,66]],[[8452,5457],[-7,52]],[[4900,5765],[10,43],[-22,65],[13,26],[-73,224],[-21,38],[-98,73],[-43,153],[-185,75],[-131,2],[-82,138],[27,49],[3,55],[-84,70]],[[5731,6461],[-35,-64],[61,-85],[-3,-92],[-91,-94],[23,-58],[46,-32],[-12,-66],[12,-42],[-22,-49],[27,-76],[-16,-37],[3,-117],[54,-149],[-9,-149],[-43,-36]],[[5726,5315],[-67,105],[-63,-37],[-51,15],[-61,-20],[7,44],[-20,12],[-17,-31],[-48,14],[-6,-27],[-20,26],[-83,23],[-3,42],[-164,49],[-14,59],[-55,0],[-88,56],[-39,98],[-34,22]],[[4861,5211],[-72,-14],[-176,-92],[-48,-29],[-28,-49]],[[4537,5027],[-50,64],[-195,98],[-94,84],[-132,22],[-71,160],[-118,77],[-138,222]],[[3739,5754],[204,625]],[[4900,5765],[-43,-50],[-7,-184],[-35,-127],[7,-55],[41,-13],[5,58],[23,-3],[18,58],[17,3],[82,-15],[91,-59],[-63,-71],[-60,-11],[-115,-85]],[[3550,5548],[-419,190],[-26,39],[-50,288],[-70,10],[-169,-54]],[[3739,5754],[-189,-206]],[[7077,5983],[-590,-443],[-55,-81],[-237,-43],[8,-168],[-88,-8],[-5,38],[26,2],[-1,40],[-49,-1],[-23,-72],[-44,2],[-50,-169],[-65,-57]],[[5904,5023],[-58,109],[-46,19],[-55,90],[-19,74]],[[2734,5985],[-213,-66],[13,-80],[-28,-33],[23,-98],[69,-111],[-44,-47],[-14,-78],[-25,-12],[-41,-81],[-5,-126],[23,-75],[42,-29],[4,-42],[37,-52],[43,-22],[14,-43],[-45,-129]],[[2587,4861],[-48,-3],[-59,68],[-52,28],[-46,181],[-44,30],[-65,227],[-83,67],[-11,68],[-85,100],[-30,2],[-52,58],[-71,19],[-67,58],[-128,168],[-124,90],[7,30],[-48,142]],[[3550,5548],[-762,-865]],[[2788,4683],[-38,28],[-57,83],[-106,67]],[[6816,4570],[-38,-2],[-57,-46],[17,-63],[-10,-37],[-73,-16],[-62,21],[-28,-35]],[[6565,4392],[-128,9],[-84,-36],[-109,26],[-113,134],[10,35],[-57,23],[-97,141]],[[5987,4724],[-40,69],[21,69],[-41,54],[-33,90],[10,17]],[[7275,5767],[-78,-188],[-73,-49],[-75,-113],[32,-144],[-45,-70],[4,-35],[-224,-598]],[[7697,3934],[-138,64],[-91,168],[-122,88],[-52,69],[-6,55],[-108,77],[-83,113],[-48,16],[-21,-23],[-14,22],[-17,-15],[-90,44],[-91,-42]],[[8452,5457],[-53,-56],[-115,-196],[-87,-334],[29,-44],[-61,-69],[-75,-150],[-126,-93],[-48,-77],[-49,-136],[-89,-164],[-78,-100],[-3,-104]],[[5987,4724],[-11,-72],[-81,70],[-58,8],[-62,-25],[25,-46],[-77,-158],[30,-45],[-51,-11],[-22,39],[-25,-22],[-76,91],[-19,78],[-207,250],[-165,47],[-58,-31],[-46,7],[-2,103],[-64,-43],[-157,247]],[[4537,5027],[-389,-499]],[[4148,4528],[-383,-468],[-431,-471]],[[3334,3589],[-21,59],[-21,11],[-46,-30],[-19,59],[-90,54],[36,55],[-7,40],[28,-12],[-71,88],[43,36],[-54,23],[-23,-28],[-35,91],[-39,-10],[1,55],[-53,3],[-17,85],[40,-2],[-30,101],[56,23],[-29,66],[22,48],[-41,63],[-93,63],[-33,94],[-50,59]],[[8174,3650],[-4,39],[-53,34],[-9,29],[-84,-10],[-32,40],[-41,8],[-27,56],[-227,88]],[[9116,4791],[-252,-452],[-61,-362],[-17,81],[-236,-145],[145,-361],[-58,-134],[-250,43]],[[8387,3461],[-97,76],[-63,102],[-53,11]],[[6279,3797],[-158,26],[-89,71],[-53,135],[-626,-501]],[[5353,3528],[-89,103],[-23,87],[-174,188],[-141,118],[-101,49],[-60,74],[-133,84],[-103,103],[-47,11]],[[4482,4345],[-116,68],[-46,50],[-172,65]],[[6565,4392],[3,-156],[-14,-44],[-19,3],[-41,-301],[-104,-82],[-85,53],[-20,-17],[-6,-51]],[[7441,2744],[-224,-225],[-49,175],[-67,-31]],[[7101,2663],[-82,-28],[-70,157],[-5,155],[-71,26],[-71,-42],[-101,110]],[[6701,3041],[-346,439],[44,38],[-17,94],[-63,52],[-11,100],[-29,33]],[[8174,3650],[-64,-56],[-71,-133],[-101,4],[-135,-87],[-273,-475],[-21,-108],[-68,-51]],[[4530,3352],[-202,-50],[-160,2],[-356,162],[-166,-219]],[[3646,3247],[-196,112],[-75,69],[-49,80],[8,81]],[[4482,4345],[-1,-678],[-18,-164],[67,-151]],[[4779,3050],[-249,302]],[[5353,3528],[-187,-154],[4,-124],[-31,-96],[-16,0],[-68,123],[-276,-227]],[[6197,2508],[-3,58],[24,53],[-27,47],[-25,200],[19,132],[29,66],[-7,50],[-97,9],[-51,43],[-84,-18],[-68,25],[-20,-19],[-151,9],[-98,116],[-50,106],[-60,77],[-91,52],[-84,14]],[[6701,3041],[-43,-80],[196,-246],[-21,-94],[-74,20],[-113,-82],[-12,-53],[88,-129],[-333,108],[-192,23]],[[6203,1870],[-53,44],[34,-523],[-169,17],[-146,151]],[[5869,1559],[-18,-11],[-33,34],[-4,50],[-46,18],[-39,-15],[-62,66],[-15,68],[-23,15],[13,33],[-27,29],[-1,55],[-221,47],[-105,73]],[[5288,2021],[-179,447],[-130,168],[-104,245],[-48,59],[-15,68],[-33,42]],[[6197,2508],[-5,-90],[-57,-100],[-40,-161],[30,-90],[29,-17],[5,-112],[44,-68]],[[4072,2145],[-32,25],[14,23],[-29,93],[19,75],[-19,34],[13,36],[-18,32],[-48,9],[-7,86],[-51,15],[38,68],[-25,0],[-70,158],[1,26],[25,14],[11,143],[-34,26],[-44,99],[-37,-1],[-26,55],[-75,32],[-32,54]],[[4779,3050],[-338,-259],[-6,-122],[-78,-59],[32,-188],[-129,-133],[-30,-63],[-158,-81]],[[5288,2021],[-82,-143]],[[5206,1878],[-75,-110],[-107,61],[30,120],[-145,225],[-558,-624]],[[4351,1550],[-51,39],[-87,13],[-23,39],[-32,-5],[1,20],[-39,24],[-57,95],[26,80],[-16,115],[-28,47],[27,128]],[[8387,3461],[107,-51],[20,-109],[-257,-290],[-360,7],[-73,-111],[62,-178],[-40,-83],[-305,-334],[-325,-11],[225,443]],[[7101,2663],[30,-298],[118,-245],[-10,-180],[-210,-228],[-449,-141],[-167,-183],[-119,25],[-91,457]],[[5151,0],[-444,119],[-30,38],[9,233],[-69,108],[-1,106],[50,60],[-16,178],[-21,51],[-33,-31],[-45,105],[2,48],[-46,106],[10,141],[-86,179],[-66,42],[-14,67]],[[5206,1878],[73,-176],[2,-275]],[[5281,1427],[-76,52],[95,-420]],[[5300,1059],[-32,-59],[-31,-5],[-35,-80],[-102,-30],[-38,-181],[-132,25],[-8,-21],[26,-39],[-37,-154],[28,-106],[67,-25],[8,-42],[29,-20],[-14,-80],[-21,-3],[13,-49],[96,5],[-24,-62],[52,-35],[-25,-65],[1,-20],[30,-13]],[[5869,1559],[24,-153],[-226,29],[6,-65],[330,-215],[91,-183],[-37,-174],[-347,-146],[-109,41],[-134,237],[-120,360],[30,101],[-96,36]],[[5300,1059],[86,-486],[-235,-573]],[[5413,607],[102,43],[110,-166],[-320,-368],[108,491]]],"transform":{"scale":[0.0004771708825584934,0.00031404968178980175],"translate":[-83.35068517388163,32.06817379146895]}}