{"type":"Topology","objects":{"California.geo":{"type":"GeometryCollection","geometries":[{"type":"Polygon","properties":{"name":"Siskiyou","fips":"06093"},"id":"Siskiyou","arcs":[[0,1,2,3,4,5]]},{"type":"Polygon","properties":{"name":"Del Norte","fips":"06015"},"id":"Del Norte","arcs":[[6,7,-4]]},{"type":"Polygon","properties":{"name":"Modoc","fips":"06049"},"id":"Modoc","arcs":[[8,-6,9,10]]},{"type":"Polygon","properties":{"name":"Humboldt","fips":"06023"},"id":"Humboldt","arcs":[[11,12,-7,-3,13]]},{"type":"Polygon","properties":{"name":"Trinity","fips":"06105"},"id":"Trinity","arcs":[[14,-14,-2,15,16]]},{"type":"Polygon","properties":{"name":"Shasta","fips":"06089"},"id":"Shasta","arcs":[[17,18,-16,-1,-9,19]]},{"type":"Polygon","properties":{"name":"Lassen","fips":"06035"},"id":"Lassen","arcs":[[20,-20,-11,21,22]]},{"type":"Polygon","properties":{"name":"Tehama","fips":"06103"},"id":"Tehama","arcs":[[23,-17,-19,24,25,26]]},{"type":"Polygon","properties":{"name":"Plumas","fips":"06063"},"id":"Plumas","arcs":[[27,28,-25,-18,-21,29]]},{"type":"Polygon","properties":{"name":"Butte","fips":"06007"},"id":"Butte","arcs":[[30,31,32,-26,-29,33]]},{"type":"Polygon","properties":{"name":"Mendocino","fips":"06045"},"id":"Mendocino","arcs":[[34,35,-12,-15,-24,36,37]]},{"type":"Polygon","properties":{"name":"Glenn","fips":"06021"},"id":"Glenn","arcs":[[38,39,-37,-27,-33]]},{"type":"Polygon","properties":{"name":"Sierra","fips":"06091"},"id":"Sierra","arcs":[[40,-30,-23,41,42]]},{"type":"Polygon","properties":{"name":"Yuba","fips":"06115"},"id":"Yuba","arcs":[[43,44,-34,-28,-41,45]]},{"type":"Polygon","properties":{"name":"Lake","fips":"06033"},"id":"Lake","arcs":[[-38,-40,46,47,48,49]]},{"type":"Polygon","properties":{"name":"Nevada","fips":"06057"},"id":"Nevada","arcs":[[-46,-43,50,51]]},{"type":"Polygon","properties":{"name":"Colusa","fips":"06011"},"id":"Colusa","arcs":[[-47,-39,-32,52,53]]},{"type":"Polygon","properties":{"name":"Placer","fips":"06061"},"id":"Placer","arcs":[[54,-44,-52,55,56,57]]},{"type":"Polygon","properties":{"name":"Sutter","fips":"06101"},"id":"Sutter","arcs":[[58,-53,-31,-45,-55,59]]},{"type":"Polygon","properties":{"name":"El Dorado","fips":"06017"},"id":"El Dorado","arcs":[[60,-57,61,62,63]]},{"type":"Polygon","properties":{"name":"Yolo","fips":"06113"},"id":"Yolo","arcs":[[64,-48,-54,-59,65,66]]},{"type":"Polygon","properties":{"name":"Alpine","fips":"06003"},"id":"Alpine","arcs":[[67,68,-63,69,70,71]]},{"type":"Polygon","properties":{"name":"Napa","fips":"06055"},"id":"Napa","arcs":[[72,73,74,-49,-65,75]]},{"type":"Polygon","properties":{"name":"Sonoma","fips":"06097"},"id":"Sonoma","arcs":[[76,77,-35,-50,-75,78]]},{"type":"Polygon","properties":{"name":"Sacramento","fips":"06067"},"id":"Sacramento","arcs":[[79,-66,-60,-58,-61,80,81,82]]},{"type":"Polygon","properties":{"name":"Mono","fips":"06051"},"id":"Mono","arcs":[[83,84,85,86,-71,87]]},{"type":"Polygon","properties":{"name":"Amador","fips":"06005"},"id":"Amador","arcs":[[88,-81,-64,-69,89]]},{"type":"Polygon","properties":{"name":"Calaveras","fips":"06009"},"id":"Calaveras","arcs":[[90,91,-90,-68,92]]},{"type":"Polygon","properties":{"name":"Tuolumne","fips":"06109"},"id":"Tuolumne","arcs":[[93,94,95,-93,-72,-87]]},{"type":"Polygon","properties":{"name":"Marin","fips":"06041"},"id":"Marin","arcs":[[96,-77]]},{"type":"Polygon","properties":{"name":"San Joaquin","fips":"06077"},"id":"San Joaquin","arcs":[[97,98,99,-82,-89,-92,100]]},{"type":"MultiPolygon","properties":{"name":"Solano","fips":"06095"},"id":"Solano","arcs":[[[-76,-67,-80,101]],[[102,-74]]]},{"type":"Polygon","properties":{"name":"Contra Costa","fips":"06013"},"id":"Contra Costa","arcs":[[103,-99,104]]},{"type":"Polygon","properties":{"name":"Stanislaus","fips":"06099"},"id":"Stanislaus","arcs":[[-101,-91,-96,105,106,107]]},{"type":"Polygon","properties":{"name":"Alameda","fips":"06001"},"id":"Alameda","arcs":[[108,109,-105,-98]]},{"type":"Polygon","properties":{"name":"Mariposa","fips":"06043"},"id":"Mariposa","arcs":[[110,-106,-95,111]]},{"type":"Polygon","properties":{"name":"San Francisco","fips":"06075"},"id":"San Francisco","arcs":[[112,113]]},{"type":"Polygon","properties":{"name":"Madera","fips":"06039"},"id":"Madera","arcs":[[114,-112,-94,-86,115]]},{"type":"Polygon","properties":{"name":"San Mateo","fips":"06081"},"id":"San Mateo","arcs":[[116,117,118,119,-114]]},{"type":"Polygon","properties":{"name":"Merced","fips":"06047"},"id":"Merced","arcs":[[120,-107,-111,-115,121,122]]},{"type":"Polygon","properties":{"name":"Fresno","fips":"06019"},"id":"Fresno","arcs":[[123,-122,-116,-85,124,125,126,127]]},{"type":"Polygon","properties":{"name":"Santa Clara","fips":"06085"},"id":"Santa Clara","arcs":[[128,129,-118,130,-109,-108,-121]]},{"type":"Polygon","properties":{"name":"Inyo","fips":"06027"},"id":"Inyo","arcs":[[131,-125,-84,132,133,134]]},{"type":"Polygon","properties":{"name":"Santa Cruz","fips":"06087"},"id":"Santa Cruz","arcs":[[135,-119,-130,136,137]]},{"type":"Polygon","properties":{"name":"San Benito","fips":"06069"},"id":"San Benito","arcs":[[138,-137,-129,-123,-124]]},{"type":"Polygon","properties":{"name":"Monterey","fips":"06053"},"id":"Monterey","arcs":[[139,140,-138,-139,-128,141]]},{"type":"Polygon","properties":{"name":"Tulare","fips":"06107"},"id":"Tulare","arcs":[[142,-126,-132,143]]},{"type":"Polygon","properties":{"name":"Kings","fips":"06031"},"id":"Kings","arcs":[[144,145,-142,-127,-143]]},{"type":"Polygon","properties":{"name":"Kern","fips":"06029"},"id":"Kern","arcs":[[146,147,148,149,-145,-144,-135,150]]},{"type":"Polygon","properties":{"name":"San Bernardino","fips":"06071"},"id":"San Bernardino","arcs":[[151,-151,-134,152,153,154]]},{"type":"Polygon","properties":{"name":"San Luis Obispo","fips":"06079"},"id":"San Luis Obispo","arcs":[[155,-140,-146,-150,156]]},{"type":"Polygon","properties":{"name":"Ventura","fips":"06111"},"id":"Ventura","arcs":[[157,158,159,-148]]},{"type":"Polygon","properties":{"name":"Riverside","fips":"06065"},"id":"Riverside","arcs":[[160,161,-154,162,163]]},{"type":"MultiPolygon","properties":{"name":"Santa Barbara","fips":"06083"},"id":"Santa Barbara","arcs":[[[-160,164,-157,-149]],[[165]],[[166]]]},{"type":"Polygon","properties":{"name":"Orange","fips":"06059"},"id":"Orange","arcs":[[167,168,169,-155,-162]]},{"type":"Polygon","properties":{"name":"San Diego","fips":"06073"},"id":"San Diego","arcs":[[-168,-161,170,171]]},{"type":"MultiPolygon","properties":{"name":"Los Angeles","fips":"06037"},"id":"Los Angeles","arcs":[[[172,-158,-147,-152,-170]],[[173]],[[174]]]},{"type":"Polygon","properties":{"name":"Imperial","fips":"06025"},"id":"Imperial","arcs":[[-171,-164,175]]}]}},"arcs":[[[2871,9131],[-1017,-1]],[[1854,9130],[-26,23],[-1,11],[17,89],[21,20],[-29,23],[-22,3],[-14,25],[-27,2],[-13,-42],[-51,-6],[-11,-33],[-58,-17],[-17,-28],[-39,-19],[-23,-28],[-29,0],[-21,-8],[-34,3],[-43,-23],[-34,-1],[3,-45],[-10,-48],[45,-27],[20,-43],[-8,-29],[-15,-5],[-48,23],[-51,-10],[-39,52],[-55,24],[-59,-5],[-43,6],[-70,70],[-29,3],[-22,16],[-24,-6],[-32,24]],[[963,9124],[-35,46],[4,53],[-15,13],[6,20],[-23,25],[-1,31],[-19,22],[-155,2]],[[725,9336],[14,24],[-1,24],[26,37],[-2,20],[-25,29],[-10,31],[-31,21],[-3,36],[-28,1],[8,32],[28,25],[-2,26],[12,22],[-1,38],[-16,39],[8,29],[-21,37],[35,21],[18,45],[39,-2],[11,16],[21,-1],[15,10],[24,52],[-1,31],[13,15]],[[856,9994],[284,5],[913,-2],[821,-6]],[[2874,9991],[-1,-53],[-8,-1],[-3,-187],[10,0],[-1,-619]],[[725,9336],[-114,1],[0,92],[-285,-5]],[[326,9424],[-84,285],[-96,52],[34,75],[1,158],[378,-5],[297,5]],[[2986,9129],[-115,2]],[[2874,9991],[555,-7],[855,1],[-3,-857]],[[4281,9128],[-1295,1]],[[834,7882],[-459,1]],[[375,7883],[-85,107],[-244,161],[9,79],[-55,114],[276,573],[-39,160],[76,195],[13,152]],[[963,9124],[-11,-25],[-5,-53],[-29,-23],[33,-35],[15,-36],[-36,-54],[-1,-19],[-43,-31],[-62,25],[-52,-8],[-3,-8],[15,-50],[38,-50],[5,-27],[-8,-19],[19,-60],[-4,-769]],[[1421,7862],[-584,-1],[-3,21]],[[1854,9130],[46,-35],[-11,-57],[-68,-22],[-6,-69],[-71,-63],[-6,-60],[-41,-70],[-7,-54],[-43,-22],[-12,-17],[8,-23],[-8,-18],[-27,-11],[16,-55],[37,-49],[-4,-23],[-37,-3],[-20,-20],[-30,-8],[-9,-24],[-44,-13],[-11,-24],[-25,-13],[-21,-32],[-18,5],[-36,-29],[-42,-12],[-10,-28],[-46,-42],[-4,-63],[29,-18]],[[1333,8158],[31,-9],[20,-16],[7,-49],[-11,-50],[8,-10],[6,-69],[13,-23],[-2,-19],[16,-51]],[[2990,8357],[-172,-1]],[[2818,8356],[-53,0],[-13,-13],[-78,0],[-41,18],[-58,-22],[-88,2],[-85,-19],[-158,-17],[-105,-32],[-28,6],[-105,-15],[-57,1],[-59,7],[-52,19],[-124,-60],[-37,0],[-66,33],[-108,-19],[-56,-45],[-74,4],[-39,-19],[-1,-27]],[[2986,9129],[2,-294],[12,0],[-10,-478]],[[4142,7578],[1,26],[11,1],[12,28],[12,0],[-6,123],[11,1],[-2,30],[-10,1],[0,29],[-24,10],[-1,10],[-20,6],[2,9],[-9,-1],[0,14],[-8,1],[1,17],[-13,0],[-1,13],[-12,-2],[-12,50],[-18,1],[0,21],[-16,-1],[-1,26],[-18,-1],[-1,7],[-72,2],[-1,5],[-32,5],[0,19],[-15,1],[-13,14],[-13,2],[0,11],[-26,8],[-1,18],[-13,-1],[-1,15],[-19,1],[-2,17],[-14,0],[-10,25],[-46,9],[0,9],[-23,0],[-2,20],[-43,1],[1,9],[-23,0],[0,13],[-11,-1],[-1,8],[-72,-2],[1,10],[-35,0],[-7,-17],[-20,1],[-3,-21],[-34,-6],[0,-18],[-19,0],[0,-17],[-18,1],[2,-42],[-21,0],[0,-8],[-36,0],[0,17],[-23,-1],[-1,13],[-45,0],[2,15],[-44,-1],[0,28],[-14,-1],[-4,198],[-259,1]],[[4281,9128],[1,-1539]],[[4282,7589],[-18,0],[1,-11],[-123,0]],[[1426,7669],[-21,53],[9,54],[21,18],[9,23],[-23,45]],[[2818,8356],[26,-35],[7,-46],[21,-26],[62,-14],[36,-25],[0,-17],[-18,1],[-5,-7],[16,-11],[-5,-68],[-30,-10],[-10,-12],[-24,-4],[-10,-12],[6,-23]],[[2890,8047],[-16,-1],[2,-25],[-8,-1],[0,-10],[-15,0],[0,-8],[-20,1],[0,-9],[-100,-9],[4,-39],[-13,-5],[-5,-18],[-17,-2],[1,-17],[-7,-1],[-1,-22],[-11,-1],[-2,-18],[-63,-2],[-33,-50],[-15,-41],[-13,-11],[-290,4],[-2,-17],[25,6],[7,-4],[-16,-14],[-5,-21],[2,-34],[12,-11]],[[2291,7667],[-865,2]],[[3303,7493],[-69,-38]],[[3234,7455],[-8,-2],[-3,22],[-27,-3],[0,11],[-18,0],[-3,33],[-15,0],[-9,15],[-10,-1],[-1,16],[-16,-1],[-1,14],[-17,0],[-2,29],[-21,0],[0,15],[-15,-2],[-3,15],[-16,0],[-2,16],[-16,0],[-13,26],[-20,6],[1,11],[-17,1],[0,14],[-17,0],[-11,40],[-43,6],[-2,36],[-13,1],[1,14],[15,1],[-9,44],[9,2],[1,26],[-9,1],[1,22],[-9,-1],[2,21],[11,1],[8,24],[18,1],[1,23],[11,-1],[-2,17],[-20,8],[1,12],[-16,-2],[1,60],[-21,1]],[[4142,7578],[-309,-1],[-1,-9],[-174,0],[-33,-24],[-40,28],[-33,8],[-43,-3],[-56,62],[-17,3],[-19,-17],[-35,-10],[-19,-76],[-60,-46]],[[2705,7150],[-274,-2]],[[2431,7148],[14,88]],[[2445,7236],[12,42],[1,75],[34,40],[-105,-3],[-26,-8],[-20,11],[-5,18],[21,55],[-7,28],[16,20],[-16,16],[35,15],[12,26],[-20,35],[-30,6],[-22,20],[1,29],[-35,6]],[[3234,7455],[1,-16],[-19,-1],[1,-21],[-39,-1],[1,-8],[-10,0],[-2,-28],[-11,0],[-2,-10],[-27,-1],[1,9],[-49,-1],[-1,-15],[-45,0],[2,8],[-25,1],[-11,-41],[-26,-28],[4,-28],[-25,-55],[-29,-35],[-77,-10],[-1,-12],[-22,-14],[-57,0],[-47,9],[-14,-7]],[[1540,6664],[-259,6],[-1,-14],[-49,0],[-3,-30],[-225,-2],[-1,-33],[-118,2],[-38,-21]],[[846,6572],[-193,176],[38,124],[-127,323],[57,216],[-28,143],[-53,147],[-165,182]],[[1426,7669],[2,-54],[24,0],[1,-35],[16,-3],[4,-137]],[[1473,7440],[1,-53],[-46,0],[-1,-16],[-85,3],[-2,-10],[-19,0],[0,-8],[-15,-1],[-1,-52],[-11,-1],[-2,-42],[19,-2],[2,-32],[10,0],[9,-52],[15,-12],[3,-43],[10,-2],[11,-41],[-18,-1],[1,-13],[-11,-1],[2,-6],[-18,-1],[-7,-38],[-28,-2],[-20,-110],[37,-22],[6,-37],[22,-6],[1,-10],[38,-1],[-1,-15],[11,-2],[1,-36],[8,-2],[1,-15],[20,-8],[1,-24],[28,1],[0,-7],[17,-1],[2,-17],[21,1],[2,-14],[10,1],[1,-7],[43,-8],[-1,-11]],[[2445,7236],[-118,-2],[-1,35],[-119,-2],[0,-31],[-586,-3]],[[1621,7233],[-3,207],[-145,0]],[[3290,7240],[-7,130],[-15,5],[2,17],[36,23],[-3,78]],[[4282,7589],[0,-293]],[[4282,7296],[-483,-1],[-22,12],[-36,55],[-28,12],[-55,-2],[-48,-18],[-18,-26],[-46,-28],[-210,-38],[-32,-22],[-14,0]],[[3031,6864],[-30,15],[-49,-37],[-47,-16]],[[2905,6826],[-48,-5],[-77,-25],[-24,-39],[-11,-3],[-24,146],[9,41],[-31,134],[6,75]],[[3290,7240],[-69,-2],[-41,-26],[-22,-33],[-23,3],[-7,-6],[-16,-47],[-58,-22],[-3,-24],[-16,-20],[-4,-199]],[[1621,7233],[-36,0],[2,-12],[17,-5],[3,-17],[-18,-18],[-8,-29],[28,-32],[79,-61],[89,-15],[45,1],[53,-36],[-1,-26],[-24,-17],[9,-82],[42,-31],[30,-1],[1,-52],[60,-52]],[[1992,6748],[-55,-6],[-6,-18],[20,-33],[1,-20]],[[1952,6671],[17,-41],[-6,-11],[-16,-4],[-10,-32],[-55,-63],[-156,-38]],[[1726,6482],[-18,26],[-45,19],[-64,99],[-59,31],[0,7]],[[4282,7296],[0,-139]],[[4282,7157],[-658,0],[-157,-110],[-22,-27],[-37,-10],[-61,-52],[-22,-25],[3,-24],[-55,-67],[-54,-4],[-37,23],[-46,-15],[-44,-2],[-61,20]],[[2431,7148],[-35,-58],[10,-52],[-8,-24],[14,-31],[-16,-20],[33,-17],[25,-49],[35,-5],[18,-56],[19,-14],[-14,-9],[-3,-14],[-14,-6],[-2,-41]],[[2493,6752],[-501,-4]],[[2834,6547],[1,25],[18,1],[0,177],[51,1],[1,75]],[[4282,7157],[0,-161],[1,-56],[0,-45]],[[4283,6895],[-138,1],[-9,-26],[-18,1],[-14,-14],[-48,0],[-19,-9],[-169,8],[-40,-65],[-50,-34],[-49,-18],[-96,45],[-19,24],[-23,3],[-23,17],[-71,-3],[-35,-28],[-9,-20],[-79,1],[-5,-16],[-46,-21],[-56,-7],[-13,-33],[-3,-41],[-36,-35],[-20,-63],[-28,-40]],[[3167,6522],[-333,25]],[[2726,6551],[6,28],[-19,18],[-47,-22],[-25,6],[-1,27],[-36,11],[-6,47],[-15,20],[-11,3],[-18,-9],[-24,3],[-13,10],[-2,16],[25,19],[-15,0],[0,10],[-21,3],[-11,11]],[[2834,6547],[-108,4]],[[3288,6305],[-93,224],[-13,-9],[-15,2]],[[4283,6895],[-1,-73],[104,-76]],[[4386,6746],[-3,-17],[18,-12],[0,-36],[-24,-14],[-8,-24],[-41,-46],[-114,-89]],[[4214,6508],[-41,-6],[-27,-50],[-71,-37],[-24,-32],[-20,-6],[-27,-24],[-40,-12],[-41,3],[-60,-19],[-28,2],[-50,-19],[-76,-5],[-62,9],[-74,35],[-64,7],[-12,8],[-65,-29],[-7,-12],[-20,0],[-23,-11],[-18,8],[-76,-13]],[[2233,6306],[-28,93],[-14,19],[-19,5],[5,29],[-27,15],[-28,46],[-35,88],[-30,48],[-13,10],[-65,2],[-27,10]],[[2726,6551],[-28,-59],[29,-34],[30,-8],[14,-43],[30,1],[14,-13],[-9,-56],[-13,-11],[4,-12],[-23,-12],[3,-21],[34,-20],[3,-9],[-4,-18],[-17,-10],[13,-29],[-10,-43],[-14,-17],[-25,-9],[-7,-19],[-15,0]],[[2735,6109],[-100,2],[-2,213],[-21,16],[-74,-14],[-71,11],[-60,-7],[-20,-4],[-39,-30],[-34,-9],[-50,22],[-31,-3]],[[4263,6228],[-34,17],[-21,-7],[3,70]],[[4211,6308],[3,200]],[[4386,6746],[305,-232]],[[4691,6514],[-31,-43],[-8,-50],[60,-109],[7,-30],[-9,-23],[1,-48],[-7,-13],[-49,-10],[3,-34],[-18,-25]],[[4640,6129],[-26,5],[-27,23],[-7,37],[-19,18],[-30,1],[-48,-17],[-49,-37],[-28,-9],[-143,78]],[[2064,5940],[-41,49],[-23,-13],[52,-36]],[[2052,5940],[-110,2]],[[1942,5942],[-7,25],[29,12],[34,1],[-15,49],[-18,14],[-19,62],[-53,45],[-1,21],[-12,12],[-4,19],[-16,4],[-4,42],[-39,22],[-18,52],[-82,59],[-7,25],[22,65],[-6,11]],[[2233,6306],[-24,-87],[50,-60],[16,-36],[-10,-15],[-127,-1],[-5,-22],[14,-16],[-20,-11],[17,-10],[-9,-11],[14,-21],[-19,-48],[17,-16],[0,-11],[-83,-1]],[[1815,5931],[-35,36],[-68,-6],[-74,27],[-19,-2],[-161,117],[-39,-6],[-29,5],[-29,-16]],[[1361,6086],[-52,-4],[-71,148],[-172,120],[-220,222]],[[1942,5942],[-30,-50],[-58,-1],[-39,40]],[[2656,5950],[20,19],[45,14],[12,38],[-9,41],[11,47]],[[3288,6305],[0,-217]],[[3288,6088],[-74,-11],[-64,-37],[-38,-10],[-68,5],[-51,-21],[-79,3],[-21,24],[-42,0],[-49,-66],[-11,-40],[-27,-18]],[[2764,5917],[-102,-43],[-6,76]],[[6383,5198],[-908,-4]],[[5475,5194],[-30,25],[-41,-4],[-15,9],[-6,21],[-21,5],[-20,23],[-107,49]],[[5235,5322],[-34,76],[-3,27],[-53,57],[-74,7],[-33,-20],[-40,16]],[[4998,5485],[28,39],[37,27],[-11,33],[16,14],[-25,20],[8,30],[-19,18],[-63,32],[-19,22],[-7,38],[9,34],[-10,37],[-18,21],[-79,36],[-18,-18],[-8,2],[-36,39],[-9,24],[-8,1],[-11,-20],[-45,16],[-15,37],[-44,3],[-3,27],[11,18],[-5,26],[-21,16],[-7,16],[14,56]],[[4691,6514],[250,-186],[162,-121],[716,-555],[564,-454]],[[3320,6007],[-32,81]],[[4211,6308],[-72,-17],[-64,2],[-116,-30],[-97,0],[-60,-24],[-25,-22],[-81,-30],[-3,-32],[-29,-32],[-119,-46],[-42,-4],[-45,-30],[-36,-39],[-27,6],[-75,-3]],[[3652,5587],[-269,268]],[[3383,5855],[-63,152]],[[4263,6228],[-21,-16],[-20,-1],[-19,-14],[-33,-6],[-38,-18],[-167,-190],[-12,-26],[-65,-83],[-9,-24],[-40,-43],[-7,-25],[-59,-20],[-6,-17],[19,-24],[-18,-10],[-11,-25],[-32,-32],[-27,-9],[-28,-28],[-18,-30]],[[4998,5485],[-30,12],[-10,29]],[[4958,5526],[-59,70],[-26,1],[-31,25],[-57,7],[-55,30],[-21,3],[-28,-31],[-48,-26],[-13,-38],[-71,-23],[-31,-22],[-40,-11],[-65,12],[-29,-6],[-30,5],[-135,57],[-12,-2],[-42,-36],[-65,-1],[-9,-20],[-39,-8],[-11,-14],[-38,-2],[-7,-9],[-42,-8],[-7,-8],[27,-32],[5,-29],[-15,-5],[-24,22],[-30,4],[-9,-9],[13,-18],[-15,-18]],[[3899,5386],[-247,201]],[[1815,5931],[53,-69],[-31,-71],[63,-37],[-47,-54],[31,-103],[-56,-13],[-147,89],[-25,-13],[-127,120],[-96,24],[-34,-42],[-53,4],[69,168],[-54,152]],[[2844,5220],[0,18],[-18,10],[-6,16],[-35,7],[-16,13],[2,287]],[[2771,5571],[16,27],[-38,36],[17,76],[-20,42],[4,25],[13,11],[-5,19],[-10,-2],[1,34]],[[2749,5839],[22,0],[-25,53],[18,25]],[[3383,5855],[-1,-358],[-28,-3],[-36,20],[-38,-19],[-29,9],[-10,-9],[-31,-1],[-15,-12],[-38,-10],[-20,-20],[-1,-11],[-28,4],[-9,-6],[-5,-18],[-20,-5],[-230,-196]],[[2656,5950],[-114,-108],[-117,7],[-80,70],[-241,-72],[-40,93]],[[2052,5940],[12,-65],[-122,67]],[[2031,5657],[-63,19],[-8,68],[82,43],[287,45],[294,-36],[40,67],[79,8],[7,-32]],[[2771,5571],[-6,4],[-16,-10],[-388,-95],[-8,17],[-23,16],[4,24],[-40,26],[-67,3],[-42,19],[-17,-1],[-21,36],[-59,50],[-13,6],[-44,-9]],[[3899,5386],[3,-13]],[[3902,5373],[-572,-242],[-5,-9],[10,-13],[8,-41],[-246,-212]],[[3097,4856],[-55,43],[-40,-11],[-41,15],[-18,-9],[1,-19],[-24,6],[-10,42],[-11,18],[-30,20],[-3,15],[5,45],[20,7],[16,18],[-14,40],[10,26],[-9,11],[-34,13],[-11,16],[8,35],[-15,18],[2,15]],[[2844,5220],[-376,-1],[-55,-19],[-59,2]],[[2354,5202],[-114,39],[-104,251],[-110,46],[5,119]],[[4246,4908],[-34,34],[-75,13],[-18,14],[-17,55],[-69,89],[-18,51],[6,20],[-43,56],[-76,133]],[[4958,5526],[-263,-225],[-2,-70],[-37,-3],[0,-29],[-26,-2],[-7,-48],[-101,0],[-276,-241]],[[1845,5455],[0,87],[95,28],[53,-89],[-20,-24]],[[1973,5457],[-128,-2]],[[3765,4758],[65,58],[11,-6],[118,27],[81,35],[94,11],[35,-4],[58,11],[19,18]],[[5235,5322],[-256,-226],[-27,-15],[-20,-46],[16,-108],[-7,-14],[-27,-19],[1,-11],[-26,-16],[-15,1],[-7,11],[-18,-2],[-4,-16],[-21,-3],[-16,-29],[-9,2],[-19,33],[-15,-3],[0,-14],[-10,-3],[-25,16],[-6,-3],[-3,-29],[24,-6],[1,-7],[-22,-14],[1,-11],[-19,-12],[-18,7],[-25,-42],[-6,-2],[-9,15],[-18,-13],[-8,-19],[-68,-30],[-17,-61],[-20,-13],[-17,-35],[-29,-27],[-23,5],[-27,-4],[-12,6],[-54,-25],[-51,1],[-43,-21],[-52,7],[-57,-24],[-26,-3],[-12,-21],[-12,2],[-7,13],[-24,-8],[-2,-11],[-20,3],[-35,-17],[-55,37],[-3,-13],[-20,5],[2,11],[-13,16],[-67,44],[-13,35],[7,18],[-5,26],[-40,60],[-15,9],[-27,49]],[[1973,5457],[7,-98],[263,-166]],[[2243,5193],[-15,-5],[-44,8],[-35,-32],[9,-117],[18,-10],[14,-25]],[[2190,5012],[-6,-75],[-74,0],[-1,-25],[-72,-3],[6,-38],[20,-43]],[[2063,4828],[-137,140],[25,120],[-51,134],[-62,46],[7,187]],[[3104,4668],[-24,34],[9,10],[-4,35],[17,15],[9,24],[-25,23],[12,16],[6,25],[-7,6]],[[3765,4758],[-369,-319]],[[3396,4439],[-21,18],[-195,88],[-3,19],[-37,51],[-44,16],[-5,14],[13,23]],[[3632,3954],[-3,22],[11,14],[71,24],[1,156],[-316,269]],[[5475,5194],[10,-22],[-24,-50],[17,-29],[-7,-26],[30,-17],[40,-8],[40,-61],[-2,-12],[-16,-12],[11,-22],[0,-25],[14,-16],[0,-33],[48,-8],[166,-81],[26,-80],[43,-90],[8,-52],[-30,-13],[22,-82],[16,-15]],[[5887,4440],[-186,0],[-2,-6],[-424,4],[-5,-90],[-311,1],[0,-88],[-144,1],[-106,-86]],[[4709,4176],[-85,-69],[-17,12],[-10,-9],[-59,-14],[-12,-10],[-193,1],[-5,-229],[-338,-291]],[[3990,3567],[-15,8],[-32,44],[-36,15],[-37,0],[-72,58],[-22,-3],[-54,46],[-9,30],[-34,4],[-22,22],[-14,40],[13,7],[22,41],[-41,33],[-5,42]],[[3104,4668],[-191,4],[-31,25],[-35,-3],[-19,-10],[-9,-33],[-35,-23],[-15,-29],[-19,-1]],[[2750,4598],[-4,19],[-45,15],[-30,38],[-23,10],[-18,38],[-49,45],[-93,54],[-153,65],[-52,60],[-32,1],[-16,32],[-45,37]],[[2243,5193],[111,9]],[[6218,3445],[7,64],[23,14],[-1,44],[-18,40],[-16,13],[7,29],[-32,37],[-21,66],[-5,51],[8,18],[-2,21],[-40,30],[-10,60],[-14,23],[20,69],[-47,50],[16,10],[-3,20],[-12,8],[-45,1],[-13,26],[-22,14],[2,48],[-52,57],[14,28],[-40,37],[-16,38],[-21,16],[28,33],[-26,30]],[[6383,5198],[660,-525],[1241,-1013],[253,-217]],[[8537,3443],[-955,1],[-1008,10]],[[6574,3454],[-281,-1],[1,-7],[-76,-1]],[[2533,4557],[-89,118],[-174,-15],[-109,56],[-98,112]],[[2750,4598],[-10,9],[-35,8],[-12,-10]],[[2693,4605],[-14,16],[-72,1],[-18,-6],[-19,-23],[-22,-6],[-15,-30]],[[3632,3954],[-57,35],[-19,3],[31,-42],[23,-57],[-4,-16],[-43,-3],[-45,28],[-45,57],[-57,21],[-26,-5],[-14,-18],[-35,8],[0,-10],[-29,-14],[-11,11],[-15,1],[-17,59],[-148,127],[-37,50],[-69,5],[1,27],[-24,42],[5,43],[-21,33],[-16,12],[-30,1],[-26,18],[-23,0],[-27,20],[-8,22],[22,3],[3,6],[-13,43],[-40,3],[-63,53],[-60,59],[-2,26]],[[4084,3441],[-1101,8]],[[2983,3449],[-113,83],[-238,318],[-187,133],[-71,292],[42,61],[43,-35],[58,43],[45,180],[-29,33]],[[3990,3567],[35,-9],[23,-20],[-2,-49],[33,-19],[5,-29]],[[4736,3441],[10,505],[59,1],[-3,135],[-51,2],[-3,90],[-39,2]],[[6218,3445],[-1482,-4]],[[4736,3441],[-642,1]],[[4094,3442],[-10,-1]],[[6551,2417],[-1193,-10]],[[5358,2407],[-49,1],[0,-7],[-293,6],[-1,44],[-30,1],[-2,12],[-98,2],[-3,29],[-59,0]],[[4823,2495],[-30,1]],[[4793,2496],[-5,189],[-12,1],[-3,15],[-69,1],[2,89],[-104,-1],[1,89],[-138,0],[-3,92],[-60,1],[-9,90],[-103,3],[-3,24],[-14,2],[-1,14],[-15,2],[-2,15],[-13,0],[-3,27],[-16,1],[-2,14],[-14,1],[-5,91],[-100,2],[-8,184]],[[6574,3454],[2,-104],[-28,-3],[2,-32],[43,0],[0,-19],[-15,-2],[8,-587],[-13,0],[5,-290],[-27,0]],[[6437,1495],[-11,36],[33,40],[34,-2],[36,103],[47,177],[-15,292],[-9,0],[-1,276]],[[8537,3443],[979,-841],[-11,-2],[11,-57],[-9,-25],[3,-47],[56,-46],[27,-76],[16,-11],[27,-5],[31,-37],[43,-104],[-12,-13],[24,-16],[32,-50],[-7,-62],[7,-19],[43,-5],[29,-20],[19,-25],[25,-7],[74,-43],[28,-30],[18,-23],[9,-44],[-24,-6],[-84,-86],[-48,-16],[-36,-31],[-85,-41],[-14,-26]],[[9708,1629],[-865,0],[0,-39],[-644,-8],[-926,1],[0,-30],[-291,1],[0,12],[-145,2],[-1,15],[-177,-1],[0,-44],[-49,-20],[-3,-47],[-44,-2],[-2,-22],[-25,-2],[4,-24]],[[6540,1421],[-103,74]],[[3650,2574],[27,108],[-21,69],[-217,73],[-22,53],[33,111],[-25,67],[-113,30],[-151,183],[-120,36],[-58,145]],[[4793,2496],[-13,1],[-2,-12],[-33,0],[-95,57],[-46,19],[-123,29],[-76,54],[-32,-3],[-26,21],[-59,8],[-66,27],[-25,26],[-60,-29],[-24,-20],[-9,-29],[-25,-14],[-32,-6],[-21,5],[-23,-13],[-43,-2],[2,-19],[13,-7],[23,-40],[1,-41],[-11,-11],[-67,62],[-76,35],[-31,-2],[-85,-25],[-42,-1],[-23,-13],[-14,21]],[[5358,2407],[199,-430],[52,-124],[4,-47],[-39,1],[-1,-76],[-119,-1],[-141,-95],[-2,-46]],[[5311,1589],[-270,112],[-49,97],[-211,145]],[[4781,1943],[33,22],[-3,29],[16,21],[-4,480]],[[8093,940],[-923,2],[-1,7],[-200,0],[-1,12],[-125,48],[3,20],[-142,-2]],[[6704,1027],[-2,30],[97,130],[-65,50],[-52,4],[-1,48],[-35,9],[-106,123]],[[9708,1629],[-5,-51],[-87,-68],[-7,-14],[27,-29],[-22,-65],[9,-22],[-10,-17],[17,-58],[-6,-30],[14,-36],[-39,-28],[10,-18],[-1,-46],[-13,-43],[10,-22],[-56,-54],[-10,-24],[-23,-19],[-9,-31]],[[9507,954],[-425,-10],[-989,-4]],[[4781,1943],[-120,43],[-256,-12],[-138,60],[-126,11],[-307,-31],[-52,83],[-129,54],[39,139],[-29,59],[23,101],[-57,51],[21,73]],[[4407,1626],[194,-57],[93,37],[48,-23],[-16,-30],[-168,-43],[-131,3],[-41,39],[15,28],[-53,29],[59,17]],[[4115,1466],[-70,92],[187,32],[81,-99],[-142,-56],[-56,31]],[[6704,1027],[-1,-21],[-17,-23],[-51,-6],[-17,-70]],[[6618,907],[-496,373]],[[6122,1280],[18,16],[-4,33],[26,17],[22,56],[29,19],[20,2],[2,16],[18,17],[1,32],[183,7]],[[8093,940],[1,-371],[-22,-1],[-3,-480]],[[8069,88],[-994,-88],[-70,193],[77,-122],[-4,80],[-72,64],[-48,-63],[-36,181],[29,39],[-71,236],[-80,130],[-182,169]],[[6122,1280],[-137,28],[-39,-74],[-115,36],[-23,39],[40,39],[-24,75],[-126,163],[-240,-20],[-147,23]],[[5646,998],[227,-74],[66,-80],[-10,-29],[-147,18],[-25,100],[-73,16],[-38,49]],[[5884,299],[-68,-13],[-89,90],[-85,137],[27,15],[29,-51],[186,-178]],[[9507,954],[-14,-21],[-78,-8],[21,-62],[-31,-50],[56,-40],[-10,-30],[8,-15],[2,-61],[-31,-47],[-2,-29],[46,-60],[19,6],[11,-11],[23,-7],[49,10],[38,-9],[51,-53],[-8,-44],[15,-96],[-64,-37],[-8,-24],[5,-17],[-13,0],[0,-11],[-18,0],[1,-13],[-11,0],[0,-12],[-31,-2],[0,-10],[-88,16],[-18,-7],[-9,-15],[-1349,-107]]],"transform":{"scale":[0.0010268434222940569,0.000946735715647546],"translate":[-124.39263786584661,32.53578134749692]}}