{"type":"Topology","objects":{"Georgia.geo":{"type":"GeometryCollection","geometries":[{"type":"Polygon","properties":{"name":"Rabun","fips":"13241"},"id":"Rabun","arcs":[[0,1,2]]},{"type":"Polygon","properties":{"name":"Whitfield","fips":"13313"},"id":"Whitfield","arcs":[[3,4,5,6,7]]},{"type":"Polygon","properties":{"name":"Murray","fips":"13213"},"id":"Murray","arcs":[[-7,8,9,10,11]]},{"type":"Polygon","properties":{"name":"Catoosa","fips":"13047"},"id":"Catoosa","arcs":[[-5,12,13]]},{"type":"Polygon","properties":{"name":"Dade","fips":"13083"},"id":"Dade","arcs":[[14,15]]},{"type":"Polygon","properties":{"name":"Walker","fips":"13295"},"id":"Walker","arcs":[[16,17,18,-15,19,-13,-4,20]]},{"type":"Polygon","properties":{"name":"Towns","fips":"13281"},"id":"Towns","arcs":[[21,22,-2,23,24]]},{"type":"Polygon","properties":{"name":"Union","fips":"13291"},"id":"Union","arcs":[[25,26,27,-22,28]]},{"type":"Polygon","properties":{"name":"Fannin","fips":"13111"},"id":"Fannin","arcs":[[-10,29,-27,30,31,32]]},{"type":"Polygon","properties":{"name":"Gilmer","fips":"13123"},"id":"Gilmer","arcs":[[-11,-33,33,34,35]]},{"type":"Polygon","properties":{"name":"Habersham","fips":"13137"},"id":"Habersham","arcs":[[36,37,38,-24,-1,39,40]]},{"type":"Polygon","properties":{"name":"White","fips":"13311"},"id":"White","arcs":[[41,-29,-25,-39,42]]},{"type":"Polygon","properties":{"name":"Lumpkin","fips":"13187"},"id":"Lumpkin","arcs":[[43,44,-31,-26,-42]]},{"type":"Polygon","properties":{"name":"Stephens","fips":"13257"},"id":"Stephens","arcs":[[45,46,-41,47]]},{"type":"Polygon","properties":{"name":"Gordon","fips":"13129"},"id":"Gordon","arcs":[[48,49,50,-21,-8,-12,-36]]},{"type":"Polygon","properties":{"name":"Dawson","fips":"13085"},"id":"Dawson","arcs":[[51,52,53,-34,-32,-45,54]]},{"type":"Polygon","properties":{"name":"Floyd","fips":"13115"},"id":"Floyd","arcs":[[55,56,57,-17,-51,58]]},{"type":"Polygon","properties":{"name":"Chattooga","fips":"13055"},"id":"Chattooga","arcs":[[-58,59,-18]]},{"type":"Polygon","properties":{"name":"Pickens","fips":"13227"},"id":"Pickens","arcs":[[60,-49,-35,-54]]},{"type":"Polygon","properties":{"name":"Franklin","fips":"13119"},"id":"Franklin","arcs":[[61,-46,62,63,64]]},{"type":"Polygon","properties":{"name":"Hall","fips":"13139"},"id":"Hall","arcs":[[65,66,67,-55,-44,-43,-38,68,69]]},{"type":"Polygon","properties":{"name":"Hart","fips":"13147"},"id":"Hart","arcs":[[70,-64,71,72]]},{"type":"Polygon","properties":{"name":"Banks","fips":"13011"},"id":"Banks","arcs":[[73,74,-69,-37,-47,-62]]},{"type":"Polygon","properties":{"name":"Bartow","fips":"13015"},"id":"Bartow","arcs":[[75,76,-59,-50,77,78]]},{"type":"Polygon","properties":{"name":"Cherokee","fips":"13057"},"id":"Cherokee","arcs":[[-61,-53,79,80,81,-78]]},{"type":"Polygon","properties":{"name":"Forsyth","fips":"13117"},"id":"Forsyth","arcs":[[82,-80,-52,-68,83]]},{"type":"Polygon","properties":{"name":"Jackson","fips":"13157"},"id":"Jackson","arcs":[[84,-70,-75,85,86]]},{"type":"Polygon","properties":{"name":"Elbert","fips":"13105"},"id":"Elbert","arcs":[[87,88,-73,89,90,91]]},{"type":"Polygon","properties":{"name":"Madison","fips":"13195"},"id":"Madison","arcs":[[92,93,-86,-74,-65,-71,-89]]},{"type":"Polygon","properties":{"name":"Fulton","fips":"13121"},"id":"Fulton","arcs":[[94,95,96,97,98,-81,-83,99,100,101]]},{"type":"Polygon","properties":{"name":"Gwinnett","fips":"13135"},"id":"Gwinnett","arcs":[[102,103,-100,-84,-67,104,105]]},{"type":"Polygon","properties":{"name":"Barrow","fips":"13013"},"id":"Barrow","arcs":[[106,107,-105,-66,-85]]},{"type":"Polygon","properties":{"name":"Cobb","fips":"13067"},"id":"Cobb","arcs":[[108,109,-79,-82,-99]]},{"type":"Polygon","properties":{"name":"Polk","fips":"13233"},"id":"Polk","arcs":[[-56,-77,110,111,112]]},{"type":"Polygon","properties":{"name":"Paulding","fips":"13223"},"id":"Paulding","arcs":[[-110,113,114,115,-111,-76]]},{"type":"Polygon","properties":{"name":"Clarke","fips":"13059"},"id":"Clarke","arcs":[[116,-87,-94,117]]},{"type":"Polygon","properties":{"name":"Oglethorpe","fips":"13221"},"id":"Oglethorpe","arcs":[[118,119,120,-118,-93,-88,121]]},{"type":"Polygon","properties":{"name":"Wilkes","fips":"13317"},"id":"Wilkes","arcs":[[122,123,-122,-92,124,125]]},{"type":"Polygon","properties":{"name":"Lincoln","fips":"13181"},"id":"Lincoln","arcs":[[-125,-91,126,127,128]]},{"type":"Polygon","properties":{"name":"Oconee","fips":"13219"},"id":"Oconee","arcs":[[129,130,131,-107,-117,-121]]},{"type":"Polygon","properties":{"name":"DeKalb","fips":"13089"},"id":"DeKalb","arcs":[[132,-101,-104,133,134]]},{"type":"Polygon","properties":{"name":"Walton","fips":"13297"},"id":"Walton","arcs":[[135,-106,-108,-132,136,137]]},{"type":"Polygon","properties":{"name":"Haralson","fips":"13143"},"id":"Haralson","arcs":[[-112,-116,138,139]]},{"type":"Polygon","properties":{"name":"Carroll","fips":"13045"},"id":"Carroll","arcs":[[-139,-115,140,-97,141,142,143]]},{"type":"Polygon","properties":{"name":"Morgan","fips":"13211"},"id":"Morgan","arcs":[[144,145,146,-137,-131,147]]},{"type":"Polygon","properties":{"name":"Douglas","fips":"13097"},"id":"Douglas","arcs":[[-98,-141,-114,-109]]},{"type":"Polygon","properties":{"name":"Rockdale","fips":"13247"},"id":"Rockdale","arcs":[[148,-134,-103,-136,149]]},{"type":"Polygon","properties":{"name":"Greene","fips":"13133"},"id":"Greene","arcs":[[150,151,-148,-130,-120,152]]},{"type":"Polygon","properties":{"name":"Newton","fips":"13217"},"id":"Newton","arcs":[[153,-150,-138,-147,154,155]]},{"type":"Polygon","properties":{"name":"Taliaferro","fips":"13265"},"id":"Taliaferro","arcs":[[156,-153,-119,-124,157]]},{"type":"Polygon","properties":{"name":"Columbia","fips":"13073"},"id":"Columbia","arcs":[[158,-128,159,160]]},{"type":"Polygon","properties":{"name":"McDuffie","fips":"13189"},"id":"McDuffie","arcs":[[161,162,-126,-129,-159,163]]},{"type":"Polygon","properties":{"name":"Clayton","fips":"13063"},"id":"Clayton","arcs":[[164,-102,-133,165,166]]},{"type":"Polygon","properties":{"name":"Henry","fips":"13151"},"id":"Henry","arcs":[[-166,-135,-149,-154,167,168]]},{"type":"Polygon","properties":{"name":"Warren","fips":"13301"},"id":"Warren","arcs":[[169,170,-158,-123,-163,171]]},{"type":"Polygon","properties":{"name":"Fayette","fips":"13113"},"id":"Fayette","arcs":[[172,-95,-165,173]]},{"type":"Polygon","properties":{"name":"Richmond","fips":"13245"},"id":"Richmond","arcs":[[-164,-161,174,175,176]]},{"type":"Polygon","properties":{"name":"Jasper","fips":"13159"},"id":"Jasper","arcs":[[177,178,179,-155,-146,180]]},{"type":"Polygon","properties":{"name":"Coweta","fips":"13077"},"id":"Coweta","arcs":[[181,-142,-96,-173,182,183,184]]},{"type":"Polygon","properties":{"name":"Putnam","fips":"13237"},"id":"Putnam","arcs":[[-181,-145,-152,185,186,187]]},{"type":"Polygon","properties":{"name":"Hancock","fips":"13141"},"id":"Hancock","arcs":[[-186,-151,-157,-171,188,189,190]]},{"type":"Polygon","properties":{"name":"Butts","fips":"13035"},"id":"Butts","arcs":[[191,-168,-156,-180,192,193]]},{"type":"Polygon","properties":{"name":"Heard","fips":"13149"},"id":"Heard","arcs":[[194,195,-143,-182]]},{"type":"Polygon","properties":{"name":"Spalding","fips":"13255"},"id":"Spalding","arcs":[[196,-183,-174,-167,-169,-192,197,198]]},{"type":"Polygon","properties":{"name":"Glascock","fips":"13125"},"id":"Glascock","arcs":[[199,200,-189,-170]]},{"type":"Polygon","properties":{"name":"Jefferson","fips":"13163"},"id":"Jefferson","arcs":[[201,-200,-172,-162,-177,202,203,204]]},{"type":"Polygon","properties":{"name":"Burke","fips":"13033"},"id":"Burke","arcs":[[-203,-176,205,206,207,208]]},{"type":"Polygon","properties":{"name":"Washington","fips":"13303"},"id":"Washington","arcs":[[209,210,211,-190,-201,-202]]},{"type":"Polygon","properties":{"name":"Meriwether","fips":"13199"},"id":"Meriwether","arcs":[[212,-184,-197,213,214,215,216]]},{"type":"Polygon","properties":{"name":"Troup","fips":"13285"},"id":"Troup","arcs":[[-195,-185,-213,217,218]]},{"type":"Polygon","properties":{"name":"Lamar","fips":"13171"},"id":"Lamar","arcs":[[219,-198,-194,220,221]]},{"type":"Polygon","properties":{"name":"Monroe","fips":"13207"},"id":"Monroe","arcs":[[222,-221,-193,-179,223,224,225]]},{"type":"Polygon","properties":{"name":"Pike","fips":"13231"},"id":"Pike","arcs":[[-214,-199,-220,226]]},{"type":"Polygon","properties":{"name":"Baldwin","fips":"13009"},"id":"Baldwin","arcs":[[227,228,-187,-191,-212]]},{"type":"Polygon","properties":{"name":"Jones","fips":"13169"},"id":"Jones","arcs":[[229,230,-224,-178,-188,-229,231]]},{"type":"Polygon","properties":{"name":"Screven","fips":"13251"},"id":"Screven","arcs":[[232,233,234,-207,235]]},{"type":"Polygon","properties":{"name":"Wilkinson","fips":"13319"},"id":"Wilkinson","arcs":[[236,237,-232,-228,-211,238]]},{"type":"Polygon","properties":{"name":"Upson","fips":"13293"},"id":"Upson","arcs":[[239,-215,-227,-222,-223,240,241]]},{"type":"Polygon","properties":{"name":"Bibb","fips":"13021"},"id":"Bibb","arcs":[[242,243,-225,-231,244,245]]},{"type":"Polygon","properties":{"name":"Jenkins","fips":"13165"},"id":"Jenkins","arcs":[[246,-208,-235,247]]},{"type":"Polygon","properties":{"name":"Twiggs","fips":"13289"},"id":"Twiggs","arcs":[[248,-245,-230,-238,249]]},{"type":"Polygon","properties":{"name":"Talbot","fips":"13263"},"id":"Talbot","arcs":[[250,251,252,253,-216,-240,254]]},{"type":"Polygon","properties":{"name":"Harris","fips":"13145"},"id":"Harris","arcs":[[-218,-217,-254,255,256]]},{"type":"Polygon","properties":{"name":"Crawford","fips":"13079"},"id":"Crawford","arcs":[[257,-241,-226,-244,258]]},{"type":"Polygon","properties":{"name":"Emanuel","fips":"13107"},"id":"Emanuel","arcs":[[259,260,-204,-209,-247,261,262,263]]},{"type":"Polygon","properties":{"name":"Johnson","fips":"13167"},"id":"Johnson","arcs":[[264,-239,-210,-205,-261,265]]},{"type":"Polygon","properties":{"name":"Taylor","fips":"13269"},"id":"Taylor","arcs":[[266,-255,-242,-258,267,268,269]]},{"type":"Polygon","properties":{"name":"Laurens","fips":"13175"},"id":"Laurens","arcs":[[270,271,272,-237,-265,273]]},{"type":"Polygon","properties":{"name":"Peach","fips":"13225"},"id":"Peach","arcs":[[-268,-259,-243,274,275]]},{"type":"Polygon","properties":{"name":"Houston","fips":"13153"},"id":"Houston","arcs":[[276,277,-275,-246,-249,278,279]]},{"type":"Polygon","properties":{"name":"Bulloch","fips":"13031"},"id":"Bulloch","arcs":[[280,281,282,-262,-248,-234,283]]},{"type":"Polygon","properties":{"name":"Muscogee","fips":"13215"},"id":"Muscogee","arcs":[[-256,-253,284,285]]},{"type":"Polygon","properties":{"name":"Effingham","fips":"13103"},"id":"Effingham","arcs":[[286,287,-284,-233,288]]},{"type":"Polygon","properties":{"name":"Bleckley","fips":"13023"},"id":"Bleckley","arcs":[[289,-279,-250,-273,290]]},{"type":"Polygon","properties":{"name":"Marion","fips":"13197"},"id":"Marion","arcs":[[291,292,293,294,-251,-267,295]]},{"type":"Polygon","properties":{"name":"Candler","fips":"13043"},"id":"Candler","arcs":[[296,297,-263,-283]]},{"type":"Polygon","properties":{"name":"Chattahoochee","fips":"13053"},"id":"Chattahoochee","arcs":[[298,299,-285,-252,-295]]},{"type":"Polygon","properties":{"name":"Macon","fips":"13193"},"id":"Macon","arcs":[[300,-269,-276,-278,301,302]]},{"type":"Polygon","properties":{"name":"Treutlen","fips":"13283"},"id":"Treutlen","arcs":[[303,-274,-266,-260,304]]},{"type":"Polygon","properties":{"name":"Dodge","fips":"13091"},"id":"Dodge","arcs":[[305,-291,-272,306,307,308]]},{"type":"Polygon","properties":{"name":"Schley","fips":"13249"},"id":"Schley","arcs":[[-296,-270,-301,309]]},{"type":"Polygon","properties":{"name":"Pulaski","fips":"13235"},"id":"Pulaski","arcs":[[310,311,-280,-290,-306]]},{"type":"Polygon","properties":{"name":"Montgomery","fips":"13209"},"id":"Montgomery","arcs":[[312,-305,313,314]]},{"type":"Polygon","properties":{"name":"Toombs","fips":"13279"},"id":"Toombs","arcs":[[315,316,-314,-264,317]]},{"type":"Polygon","properties":{"name":"Tattnall","fips":"13267"},"id":"Tattnall","arcs":[[-318,-298,318,319,320,321,322]]},{"type":"Polygon","properties":{"name":"Wheeler","fips":"13309"},"id":"Wheeler","arcs":[[323,324,-307,-271,-304,-313]]},{"type":"Polygon","properties":{"name":"Dooly","fips":"13093"},"id":"Dooly","arcs":[[325,-302,-277,-312,326,327]]},{"type":"Polygon","properties":{"name":"Evans","fips":"13109"},"id":"Evans","arcs":[[-319,-297,-282,328,329]]},{"type":"Polygon","properties":{"name":"Bryan","fips":"13029"},"id":"Bryan","arcs":[[330,-329,-281,-288,331,332,333,334]]},{"type":"Polygon","properties":{"name":"Stewart","fips":"13259"},"id":"Stewart","arcs":[[335,-299,-294,336,337,338]]},{"type":"Polygon","properties":{"name":"Webster","fips":"13307"},"id":"Webster","arcs":[[-337,-293,339,340,341]]},{"type":"Polygon","properties":{"name":"Sumter","fips":"13261"},"id":"Sumter","arcs":[[342,343,-340,-292,-310,-303,-326,344]]},{"type":"Polygon","properties":{"name":"Telfair","fips":"13271"},"id":"Telfair","arcs":[[345,346,347,-308,-325,348]]},{"type":"Polygon","properties":{"name":"Wilcox","fips":"13315"},"id":"Wilcox","arcs":[[349,350,351,-327,-311,-309,-348]]},{"type":"Polygon","properties":{"name":"Liberty","fips":"13179"},"id":"Liberty","arcs":[[352,-320,-330,-331,353,354]]},{"type":"Polygon","properties":{"name":"Crisp","fips":"13081"},"id":"Crisp","arcs":[[355,356,357,-345,-328,-352]]},{"type":"Polygon","properties":{"name":"Long","fips":"13183"},"id":"Long","arcs":[[358,-321,-353,359]]},{"type":"Polygon","properties":{"name":"Quitman","fips":"13239"},"id":"Quitman","arcs":[[360,361,-339,362]]},{"type":"Polygon","properties":{"name":"Jeff Davis","fips":"13161"},"id":"Jeff Davis","arcs":[[363,364,-349,-324,-315,-317,365]]},{"type":"Polygon","properties":{"name":"Appling","fips":"13001"},"id":"Appling","arcs":[[366,-366,-316,-323,367,368]]},{"type":"Polygon","properties":{"name":"Terrell","fips":"13273"},"id":"Terrell","arcs":[[369,370,-341,-344,371,372]]},{"type":"Polygon","properties":{"name":"Randolph","fips":"13243"},"id":"Randolph","arcs":[[373,-363,-338,-342,-371,374]]},{"type":"Polygon","properties":{"name":"Lee","fips":"13177"},"id":"Lee","arcs":[[-372,-343,-358,375,376]]},{"type":"MultiPolygon","properties":{"name":"Chatham","fips":"13051"},"id":"Chatham","arcs":[[[-332,-287,377]],[[-334,378]]]},{"type":"Polygon","properties":{"name":"Worth","fips":"13321"},"id":"Worth","arcs":[[379,380,-376,-357,381,382,383]]},{"type":"Polygon","properties":{"name":"Turner","fips":"13287"},"id":"Turner","arcs":[[384,-382,-356,-351,385,386]]},{"type":"Polygon","properties":{"name":"Ben Hill","fips":"13017"},"id":"Ben Hill","arcs":[[387,-386,-350,-347,388]]},{"type":"Polygon","properties":{"name":"Wayne","fips":"13305"},"id":"Wayne","arcs":[[389,-368,-322,-359,390,391,392]]},{"type":"Polygon","properties":{"name":"Coffee","fips":"13069"},"id":"Coffee","arcs":[[393,394,-389,-346,-365,395,396,397]]},{"type":"Polygon","properties":{"name":"Clay","fips":"13061"},"id":"Clay","arcs":[[398,399,-361,-374,400]]},{"type":"Polygon","properties":{"name":"Irwin","fips":"13155"},"id":"Irwin","arcs":[[401,402,-387,-388,-395]]},{"type":"Polygon","properties":{"name":"Bacon","fips":"13005"},"id":"Bacon","arcs":[[403,-396,-364,-367,404]]},{"type":"Polygon","properties":{"name":"McIntosh","fips":"13191"},"id":"McIntosh","arcs":[[-391,-360,-355,405,406]]},{"type":"Polygon","properties":{"name":"Dougherty","fips":"13095"},"id":"Dougherty","arcs":[[407,408,409,-373,-377,-381]]},{"type":"Polygon","properties":{"name":"Calhoun","fips":"13037"},"id":"Calhoun","arcs":[[410,411,-401,-375,-370,-410]]},{"type":"Polygon","properties":{"name":"Tift","fips":"13277"},"id":"Tift","arcs":[[-383,-385,-403,412,413,414]]},{"type":"Polygon","properties":{"name":"Pierce","fips":"13229"},"id":"Pierce","arcs":[[415,-405,-369,-390,416]]},{"type":"Polygon","properties":{"name":"Early","fips":"13099"},"id":"Early","arcs":[[-399,-412,417,418,419,420]]},{"type":"Polygon","properties":{"name":"Berrien","fips":"13019"},"id":"Berrien","arcs":[[421,-413,-402,-394,422,423,424]]},{"type":"Polygon","properties":{"name":"Ware","fips":"13299"},"id":"Ware","arcs":[[425,426,-397,-404,-416,427,428,429]]},{"type":"Polygon","properties":{"name":"Glynn","fips":"13127"},"id":"Glynn","arcs":[[430,431,-392,-407,432]]},{"type":"Polygon","properties":{"name":"Baker","fips":"13007"},"id":"Baker","arcs":[[433,434,435,-418,-411,-409]]},{"type":"Polygon","properties":{"name":"Mitchell","fips":"13205"},"id":"Mitchell","arcs":[[436,437,-434,-408,-380,438,439]]},{"type":"Polygon","properties":{"name":"Atkinson","fips":"13003"},"id":"Atkinson","arcs":[[440,441,-423,-398,-427]]},{"type":"Polygon","properties":{"name":"Brantley","fips":"13025"},"id":"Brantley","arcs":[[442,-428,-417,-393,-432,443]]},{"type":"Polygon","properties":{"name":"Cook","fips":"13075"},"id":"Cook","arcs":[[444,445,-414,-422,446]]},{"type":"Polygon","properties":{"name":"Colquitt","fips":"13071"},"id":"Colquitt","arcs":[[447,448,-439,-384,-415,-446]]},{"type":"Polygon","properties":{"name":"Miller","fips":"13201"},"id":"Miller","arcs":[[449,-419,-436,450]]},{"type":"Polygon","properties":{"name":"Lanier","fips":"13173"},"id":"Lanier","arcs":[[451,-424,-442,452,453]]},{"type":"Polygon","properties":{"name":"Clinch","fips":"13065"},"id":"Clinch","arcs":[[454,-453,-441,-426,455]]},{"type":"MultiPolygon","properties":{"name":"Camden","fips":"13039"},"id":"Camden","arcs":[[[456,-444,-431,457]],[[458]]]},{"type":"Polygon","properties":{"name":"Decatur","fips":"13087"},"id":"Decatur","arcs":[[459,-451,-435,-438,460,461]]},{"type":"Polygon","properties":{"name":"Seminole","fips":"13253"},"id":"Seminole","arcs":[[462,-420,-450,-460]]},{"type":"Polygon","properties":{"name":"Grady","fips":"13131"},"id":"Grady","arcs":[[463,-461,-437,464]]},{"type":"Polygon","properties":{"name":"Thomas","fips":"13275"},"id":"Thomas","arcs":[[-465,-440,-449,465,466]]},{"type":"Polygon","properties":{"name":"Brooks","fips":"13027"},"id":"Brooks","arcs":[[-466,-448,-445,467,468]]},{"type":"Polygon","properties":{"name":"Charlton","fips":"13049"},"id":"Charlton","arcs":[[469,-429,-443,-457]]},{"type":"Polygon","properties":{"name":"Lowndes","fips":"13185"},"id":"Lowndes","arcs":[[-468,-447,-425,-452,470,471]]},{"type":"Polygon","properties":{"name":"Echols","fips":"13101"},"id":"Echols","arcs":[[472,-471,-454,-455]]}]}},"arcs":[[[4790,9372],[-86,42],[-45,-2],[-45,18],[-45,-24],[-128,-12],[-65,55],[-34,73],[-84,85],[-61,-15],[-51,8]],[[4146,9600],[-19,119],[126,74],[28,68],[83,18],[5,97]],[[4369,9976],[77,5],[863,18],[12,-35],[-32,-63],[-13,13],[-12,-14],[30,-39],[-27,10],[-25,-23],[-37,4],[-7,-31],[-51,-15],[-45,-57],[-34,10],[-28,-33],[-22,9],[16,-33],[-31,-27],[0,-22],[-37,-1],[-5,-52],[-69,-21],[-43,-39],[-1,-76],[-57,-53],[-1,-39]],[[1192,9185],[-2,198],[-246,14],[31,81]],[[975,9478],[44,117],[23,1],[1,-14],[122,10],[5,81],[82,2],[20,112],[48,69],[2,65],[34,11],[4,50]],[[1360,9982],[355,1]],[[1715,9983],[-80,-155],[30,-55],[6,-83],[-53,-23],[-30,-58],[-1,-28],[45,-49],[-79,-13],[-7,-28],[27,-47],[26,14],[3,-49],[-32,-2],[18,-49],[-42,10],[-117,-16],[95,-69],[-10,-14],[-91,13],[55,-86]],[[1478,9196],[-28,-36],[-254,1],[-4,24]],[[1715,9983],[62,-5],[323,-4]],[[2100,9974],[6,-290]],[[2106,9684],[5,-31],[48,-35],[6,-27],[-42,-59],[-51,-11],[-3,-57],[-37,-47],[1,-324]],[[2033,9093],[-79,2],[-41,11],[-1,17],[-41,-1],[0,28],[43,1],[-61,33],[-81,-42],[-171,4],[2,15],[-90,-2],[-35,37]],[[975,9478],[-32,24],[-76,1],[-11,162],[-122,3],[-10,307]],[[724,9975],[625,7],[11,0]],[[528,9977],[-17,-48],[-98,-107],[1,-25],[-31,-33],[-48,-185],[6,-167],[-73,-59],[-23,-95],[-87,-73]],[[158,9185],[-103,516],[-55,276],[300,0],[228,0]],[[1132,9107],[-52,-1]],[[1080,9106],[-904,-3]],[[176,9103],[-18,82]],[[528,9977],[196,-2]],[[1192,9185],[-22,-3],[-12,-70],[-26,-5]],[[3887,9542],[-79,223],[-77,-7],[-31,27],[-92,30],[-28,62],[-40,39],[4,60]],[[3544,9976],[825,0]],[[4146,9600],[-53,-45]],[[4093,9555],[-64,-29],[-51,22],[-91,-6]],[[3736,9383],[-150,26],[-75,-7],[-83,-94],[-60,-33],[-35,-60],[-56,23],[-119,17],[-39,-28],[-33,9]],[[3086,9236],[123,157],[0,162],[-71,-14],[-30,31],[-10,41],[88,117],[-45,52],[-109,77],[8,27],[122,87]],[[3162,9973],[275,2],[107,1]],[[3887,9542],[-50,-6],[-45,-30],[-4,-74],[-52,-49]],[[2100,9974],[626,1],[436,-2]],[[3086,9236],[-83,-103]],[[3003,9133],[-10,41]],[[2993,9174],[-9,58],[-54,18],[-15,34],[-33,-1],[-2,87],[-123,192],[-30,7],[-21,29],[-35,-1],[-34,42],[-58,4],[-53,31],[-420,10]],[[2993,9174],[-56,-48],[-58,-2],[2,-64],[-127,1],[-30,6],[-17,24],[-18,-17],[16,-19],[-16,-20]],[[2689,9035],[-56,-2],[3,-13],[-207,0],[-4,26],[-20,1],[-1,-26],[-39,0],[1,29],[-56,1],[-2,-25],[-270,-1]],[[2038,9025],[-5,68]],[[4554,8875],[-183,19],[-58,-28],[-41,-55],[-54,-28]],[[4218,8783],[-105,148]],[[4113,8931],[87,75],[-29,159],[-32,46],[-6,49],[21,4],[59,143],[-20,37],[12,33],[-61,39],[-41,-1],[-10,40]],[[4790,9372],[23,-68]],[[4813,9304],[-58,-42],[-201,-387]],[[3747,8924],[3,41],[31,-4],[0,19],[-48,16],[0,23],[-24,-4],[-4,137],[-24,34],[6,76],[34,52],[15,69]],[[4113,8931],[-227,-5],[2,12],[-41,1],[2,-16],[-102,1]],[[3747,8924],[2,-19],[-83,-34],[-188,-137]],[[3478,8734],[-298,110],[16,15],[-16,18],[-21,-1],[-148,132],[-8,125]],[[5304,8996],[-144,-127],[-423,-14],[-41,-31]],[[4696,8824],[-11,18],[-131,33]],[[4813,9304],[87,-32],[131,-107],[153,-31],[13,-48],[45,-19],[62,-71]],[[2038,9025],[-10,-162],[23,-2],[3,-31],[-26,0],[1,-101]],[[2029,8729],[-177,0],[3,-28],[-423,5],[-31,-30],[-48,23],[2,-25],[-31,-2],[0,28],[-44,-1]],[[1280,8699],[-159,9],[-55,29],[27,40],[-21,62],[21,20],[7,135],[50,15],[3,53],[-24,11],[3,34]],[[3489,8563],[-625,-2]],[[2864,8561],[-6,105]],[[2858,8666],[2,186],[-132,1],[-39,182]],[[3478,8734],[-22,-107],[33,-64]],[[1200,8070],[-160,5],[3,-31],[-79,-4],[-3,33],[-216,-1],[-2,-43],[-335,1]],[[408,8030],[-93,438]],[[315,8468],[172,1],[8,61],[67,99],[177,65],[39,34],[134,60],[168,318]],[[1280,8699],[0,-114],[-32,-3],[-5,-263],[-39,-4],[-4,-245]],[[315,8468],[-109,502],[-30,133]],[[2858,8666],[-274,4],[0,-16],[-33,1],[-33,26],[-61,0],[-1,-13],[-257,-4],[-2,64],[-168,1]],[[4834,8367],[-30,42],[6,25],[-108,111],[21,207],[-27,72]],[[5304,8996],[62,-35],[51,-62]],[[5417,8899],[-74,-155],[-42,-169],[43,38],[-33,-168],[-25,-19]],[[5286,8426],[-111,-67],[-175,13],[-84,40],[-82,-45]],[[3803,8123],[-31,-30]],[[3772,8093],[-42,-33],[-448,163]],[[3282,8223],[37,33],[118,22],[55,52],[16,79],[65,54],[-84,100]],[[4218,8783],[-70,-65],[-33,-89],[37,-33],[16,-58],[50,-48]],[[4218,8490],[-415,-367]],[[5363,8335],[-77,91]],[[5417,8899],[100,-41],[55,12],[163,3],[79,-44],[50,-97],[17,-89],[59,-68],[54,-106]],[[5994,8469],[-246,-69],[-119,-80],[-23,15],[-37,-23],[-46,48],[-160,-25]],[[4834,8367],[-61,-35],[-6,-22],[-81,-24]],[[4686,8286],[-194,126],[-51,-22],[-51,17],[-52,-14],[-120,97]],[[1851,8030],[-343,14],[1,-17],[-52,-8]],[[1457,8019],[-42,-5],[-4,28],[-207,-8],[-4,36]],[[2029,8729],[1,-120],[21,4],[0,-34],[-24,1],[18,-274],[-32,-4],[9,-274]],[[2022,8028],[-171,2]],[[2864,8561],[-1,-307]],[[2863,8254],[-144,-6],[-62,-23],[-34,-98],[-103,-33],[2,-71]],[[2522,8023],[-377,11],[-1,19],[24,2],[-4,20],[-80,8],[2,-31],[28,-3],[-2,-14],[-90,-7]],[[3167,7952],[-115,48],[-33,36],[-144,48],[-12,170]],[[3282,8223],[-52,-49],[-71,-127],[8,-95]],[[4411,7774],[-61,151],[-156,36],[-120,13],[-40,-10],[-57,34],[-61,6],[-29,13],[-16,43],[-68,63]],[[4686,8286],[37,-55],[30,-10],[30,-75],[-6,-51],[-47,-70],[1,-65]],[[4731,7960],[-34,-14],[-5,-31],[-167,-70],[-42,10],[-30,-27],[19,-16],[-61,-38]],[[5993,7775],[-111,38],[-53,-6],[-108,53],[-55,1],[-29,66],[-74,28]],[[5563,7955],[-44,62],[-55,38],[4,36],[-84,91],[-69,30],[48,123]],[[5994,8469],[40,-21],[13,-102],[33,-60],[14,-77],[160,-133],[122,-159],[14,-45],[48,-96],[-6,-21]],[[6432,7755],[-96,49],[-41,-28]],[[6295,7776],[-43,40],[-51,-18],[-60,3],[-148,-26]],[[5563,7955],[-42,-46],[-68,0],[-42,-33],[-62,23],[-27,-6],[-62,42],[-188,-98],[-40,31],[-48,-42]],[[4984,7826],[-69,36],[-68,69],[-116,29]],[[2445,6882],[-252,-72],[-19,-19],[-34,-2],[-15,-24]],[[2125,6765],[-34,4],[4,20],[-461,6]],[[1634,6795],[38,18],[14,106]],[[1686,6919],[139,127],[27,-9],[58,48],[100,28],[33,55],[99,71],[49,62]],[[2191,7301],[251,176],[42,115],[2,65],[130,114],[-80,171],[-14,81]],[[3167,7952],[-21,-21],[-78,-21],[-56,-65],[-69,9],[-48,-19],[-33,-35],[-15,-62]],[[2847,7738],[-154,34],[1,-686]],[[2694,7086],[-246,-5],[-3,-199]],[[3458,7385],[-115,-86]],[[3343,7299],[-250,220],[-132,70],[-93,86],[-21,63]],[[3772,8093],[-72,-252],[111,-84],[-4,-25],[16,-1],[15,-41]],[[3838,7690],[-380,-305]],[[4411,7774],[-250,-128]],[[4161,7646],[-64,22],[-117,-49],[-55,-6],[-79,55],[-8,22]],[[2191,7301],[-84,127],[-199,2]],[[1908,7430],[3,34],[-20,-3],[0,270],[-32,0],[-8,299]],[[1457,8019],[-127,-278],[-135,-8],[5,-97]],[[1200,7636],[-342,4],[0,-17],[-381,16]],[[477,7639],[-25,117],[-44,274]],[[1908,7430],[-5,-36],[-353,-36],[-43,7]],[[1507,7365],[-52,26],[-232,51]],[[1223,7442],[2,193],[-25,1]],[[4944,7519],[-90,11],[-22,43],[-51,1],[-58,29],[-14,39],[-36,6],[-41,45],[-68,-11],[-113,9],[-40,83]],[[4984,7826],[-41,-108],[82,-93],[-81,-106]],[[5635,7264],[-99,-80]],[[5536,7184],[-54,-1],[-57,34],[-126,-26],[-365,137]],[[4934,7328],[-35,116],[45,75]],[[5993,7775],[-34,-44],[-105,-16],[-89,-54],[-54,-86],[-12,-51],[-58,-20],[-11,-60],[-53,-41],[-24,-52],[82,-87]],[[6280,7007],[-79,-30]],[[6201,6977],[-21,38],[-89,-1],[-174,72],[-73,-21],[-33,8],[-18,-40],[-158,231]],[[6295,7776],[83,-225],[45,25],[9,-26],[-33,-80],[42,-119],[182,-270]],[[6623,7081],[-76,13],[-57,-28],[-68,10],[-84,-40],[-5,-27],[-53,-2]],[[6432,7755],[125,-61],[129,-114],[68,-38],[72,-14],[53,-39],[31,-1],[85,-68],[12,-46],[83,-45],[67,-154]],[[7157,7175],[-107,-7],[-84,25],[-234,-88]],[[6732,7105],[-109,-24]],[[4934,7328],[-33,-73],[-222,-71]],[[4679,7184],[-96,54],[-63,176],[-76,27]],[[4444,7441],[-40,8],[-27,30],[-50,19],[-40,77],[-79,27],[-16,31],[-31,13]],[[2830,7088],[-136,-2]],[[3343,7299],[-50,-41],[-123,-228],[-66,44],[-60,0]],[[3044,7074],[-102,7],[-4,-20],[-40,4],[5,18],[-73,5]],[[3596,7293],[-138,92]],[[4444,7441],[-170,-249],[-12,3],[-168,-221]],[[4094,6974],[-65,33],[17,31],[-67,45],[-61,-4],[-322,214]],[[1223,7442],[-23,5],[-2,-219],[-168,-51],[-27,19],[-271,-98],[-152,1]],[[580,7099],[-103,540]],[[1507,7365],[4,-87],[-23,0],[3,-46],[15,0],[-1,-307],[137,-4],[5,17],[35,-4],[4,-15]],[[1634,6795],[-36,-45],[-69,-30],[-61,-80],[-22,-9],[-103,39],[-72,-67]],[[1271,6603],[-603,2]],[[668,6605],[-23,140],[-65,354]],[[4943,6723],[-522,-98]],[[4421,6625],[-327,200]],[[4094,6825],[10,87],[-28,32],[18,30]],[[4679,7184],[128,-208],[53,-53],[109,-55],[-37,-81],[11,-64]],[[3312,6822],[-4,39],[-61,19],[-35,32],[-51,-7],[-47,21],[-48,73],[-22,75]],[[3596,7293],[5,-69],[-21,-17],[13,-28],[-17,-62],[-166,-219],[-24,12],[-74,-88]],[[5507,6698],[-308,-248]],[[5199,6450],[-64,91],[-77,-25],[14,40],[-31,-1],[-15,48],[-45,49],[4,31],[-42,40]],[[5536,7184],[92,-67],[-41,-92],[-39,18],[3,-69],[-38,-21],[58,-176],[-14,-44],[-50,-35]],[[3565,6656],[-44,86],[-57,-3],[-72,22],[-39,-8],[-41,69]],[[4094,6825],[-6,-90],[-41,28],[-190,-114],[-77,-9],[-25,-107],[-45,-47]],[[3710,6486],[-145,170]],[[5841,6646],[-52,6],[-73,-14],[-88,23],[-52,-10],[-69,47]],[[6201,6977],[-48,-26],[-42,-99],[-41,-45],[-59,-17],[-65,20],[-27,-7],[-34,-59],[-64,-49],[20,-49]],[[7033,6474],[-62,49],[-7,33],[-28,22],[14,30],[-47,30],[3,18],[-59,29],[1,38],[-45,47],[18,66],[-89,42],[24,77],[-44,98],[20,52]],[[7157,7175],[43,-20],[47,-123],[53,-19],[60,-45],[48,1],[107,-45],[58,-56]],[[7573,6868],[-540,-394]],[[6912,6380],[-80,-12]],[[6832,6368],[-121,63],[-50,3],[-40,-19],[-58,31],[-81,7],[19,67],[-24,77],[-41,41],[-156,369]],[[7033,6474],[-121,-94]],[[2611,6452],[-17,38],[18,80],[-18,1],[-4,35],[-25,0],[-2,39],[26,-2],[-1,21],[23,-3],[-12,76],[-63,55],[-43,89],[-48,1]],[[2830,7088],[2,-28],[36,-27],[-3,-31],[45,-20],[0,-26],[-27,2],[1,-26],[-21,3],[-5,-63],[-33,-1],[-3,-245],[-144,-2],[-3,-171]],[[2675,6453],[-64,-1]],[[3565,6656],[-127,-111],[32,-1],[2,-15],[-59,-57],[-57,-11],[-10,-36],[-49,-16],[-5,-37],[-32,1],[-5,-28],[-49,-7]],[[3206,6338],[-47,1],[-25,25],[-40,7],[4,37],[-199,9],[2,24],[-226,12]],[[6744,6300],[-272,102],[-108,-30],[-305,-137]],[[6059,6235],[-53,45],[-1,70],[-42,75],[11,40],[-45,33],[-19,100],[-69,48]],[[6832,6368],[-88,-68]],[[2379,6257],[-60,135],[-137,96],[-61,84],[-19,149],[23,44]],[[2611,6452],[5,-69],[-33,-43],[-61,-28],[-11,-50],[-132,-5]],[[7573,6868],[39,-19],[50,-40],[33,-64],[95,-42],[42,-43],[-23,-33],[29,-44],[-57,-16],[31,-68],[-41,1],[18,-57],[54,-2],[-2,-38],[40,7],[35,-61],[24,19],[54,-16],[-44,-24],[73,-60],[-29,9],[7,-28],[-37,-37]],[[7964,6212],[-102,49],[-125,-69],[-148,5],[-58,22],[-41,-32],[-38,-1],[-118,137],[-45,18],[-217,-70]],[[7072,6271],[-160,109]],[[4387,6062],[-551,-97]],[[3836,5965],[-27,18],[-18,69],[9,34]],[[3800,6086],[6,16],[-36,64],[29,67],[-23,51],[1,54],[-20,50],[-40,37],[-7,61]],[[4421,6625],[-34,-563]],[[1451,6166],[-35,132],[-20,-4],[-125,309]],[[2379,6257],[-30,-32],[-2,-58]],[[2347,6167],[-301,-5],[-3,15],[-44,1],[1,-20],[-50,-1],[-1,20],[-47,-1],[2,-14],[-262,-1],[-3,-79],[-44,1]],[[1595,6083],[0,23],[-16,-1],[12,60],[-140,1]],[[5199,6450],[34,-43],[-2,-44],[-129,-56],[-42,-41],[-43,-8],[-28,-108],[-48,-60]],[[4941,6090],[-102,-43],[-176,38],[-37,-5]],[[4626,6080],[-239,-18]],[[6059,6235],[0,-35]],[[6059,6200],[-77,-4],[-73,-56],[-70,-25],[-119,-169],[-118,-28],[-68,-52],[-99,-5]],[[5435,5861],[-69,-9],[-64,20],[9,93],[24,21],[-16,34],[-378,70]],[[3151,6130],[4,99],[72,83],[-21,26]],[[3800,6086],[-100,45],[-377,1]],[[3323,6132],[-172,-2]],[[1451,6166],[-332,-107],[-9,22],[-26,-4],[6,22],[-33,2],[-14,-17],[7,-39],[-254,-79]],[[796,5966],[-128,639]],[[2376,6091],[-29,76]],[[3151,6130],[-3,-59],[-186,1],[-32,27],[-35,-5]],[[2895,6094],[-253,0],[-4,13],[-49,5],[-2,15],[-102,5],[-109,-41]],[[6744,6300],[-324,-239],[7,-104],[-162,-7]],[[6265,5950],[-65,58],[-37,0],[-12,32],[-43,22],[-10,69],[-39,69]],[[6546,5303],[-9,68],[33,137],[-54,56],[-24,165],[-31,-1],[-75,38],[-77,122],[-43,29],[-1,33]],[[7072,6271],[43,-27],[50,-66],[-126,-306],[27,-357],[-96,-181]],[[6970,5334],[-104,-49],[-89,-9],[-12,-25],[25,-58],[-66,-37]],[[6724,5156],[-178,147]],[[7964,6212],[92,-36],[20,-40],[46,20],[21,-8],[22,-39],[-8,-55],[48,-55],[77,-47],[198,-75],[32,-37],[76,-21],[26,-37]],[[8614,5782],[-460,-304]],[[8154,5478],[-41,37],[-158,60],[-181,-62],[-289,-10],[-93,-79],[-50,-133]],[[7342,5291],[-146,-38],[-226,81]],[[6546,5303],[-73,-4],[-88,-40],[-156,-40],[-35,26],[-39,-24],[-136,-21],[-8,42],[-50,34],[-332,-129]],[[5629,5147],[-19,15],[5,85],[-37,98],[-129,39],[-20,119],[-52,48]],[[5377,5551],[7,62],[46,26],[14,32],[-39,62],[36,79],[-6,49]],[[1604,5397],[-9,686]],[[2376,6091],[-32,-35],[-24,-74],[-9,-69],[33,-41],[-27,-12],[-28,-81],[6,-165]],[[2295,5614],[3,-99],[32,-32],[22,-61]],[[2352,5422],[-138,-89],[-260,-7]],[[1954,5326],[-139,58],[-173,1],[0,13],[-38,-1]],[[1604,5397],[-696,14]],[[908,5411],[-112,535],[0,20]],[[2844,5661],[7,93],[21,1],[0,26],[16,-4],[7,317]],[[3323,6132],[31,-26],[-27,-38],[-2,-507],[-36,0],[-1,-39],[-131,5]],[[3157,5527],[7,120],[-320,14]],[[3151,5350],[6,177]],[[3836,5965],[131,-144],[63,-242]],[[4030,5579],[-382,-233]],[[3648,5346],[-154,2],[2,26],[-31,-1],[-2,-29],[-312,6]],[[2844,5661],[-47,1],[0,30],[-49,2],[-1,-27],[-350,1],[-102,-54]],[[5377,5551],[-81,69],[-18,71],[-35,13],[-68,-99],[-66,36],[-334,-130]],[[4775,5511],[-149,569]],[[4673,5448],[-221,-100]],[[4452,5348],[-22,-6],[-86,74],[-33,-19],[-30,33],[-124,4],[-19,35],[-61,36],[-47,74]],[[4775,5511],[-102,-63]],[[8959,4816],[-322,-188],[-21,-45]],[[8616,4583],[-57,43],[-53,10],[-57,38],[-119,40],[-204,134],[-60,67],[-85,8]],[[7981,4923],[-45,59],[218,496]],[[8614,5782],[38,0],[45,-67],[34,-17],[-11,-97],[-26,-10],[0,-17],[70,-107],[25,0],[-38,-47],[52,-10],[7,-58],[49,-6],[18,-21],[-14,-25],[20,-23],[-20,-50],[30,-64],[-15,-15],[33,-17],[-27,-87],[28,-32],[16,-77],[-26,-55],[57,-64]],[[5614,5053],[-561,-273]],[[5053,4780],[-380,668]],[[5629,5147],[7,-50],[-22,-44]],[[2825,5118],[-30,42],[-86,8],[-19,33],[-25,-18],[-56,21],[-58,99],[-51,17],[-34,-18],[-66,67],[5,41],[-53,12]],[[3151,5350],[-18,-110],[-30,-2],[-109,-217]],[[2994,5021],[-77,78],[-34,-13],[-58,32]],[[4032,5002],[-58,11]],[[3974,5013],[-77,64],[-101,38],[-105,144],[-42,25],[-1,62]],[[4452,5348],[62,-64],[-238,-205],[-19,-98],[24,-30]],[[4281,4951],[-249,51]],[[7655,4845],[-191,123],[-122,323]],[[7981,4923],[-326,-78]],[[4488,4503],[-1,55],[-53,45],[-34,57],[-16,78],[19,67],[-17,66],[-40,64],[-65,16]],[[5053,4780],[-389,-183],[4,-18],[-180,-76]],[[2470,4728],[-100,8],[0,-20],[-33,3],[3,-21],[-49,2],[6,26],[-32,1],[7,-23],[-44,1],[-46,-33],[-117,8]],[[2065,4680],[-121,-16]],[[1944,4664],[60,79],[-55,3],[-1,40]],[[1948,4786],[13,222],[-20,0],[4,37],[12,-2],[-2,43],[29,-3],[2,46],[-17,0],[-15,197]],[[2825,5118],[-120,-49],[-6,-81],[-41,-1],[-36,-66],[19,-15],[-30,-43],[-53,-26],[-7,-106],[-81,-3]],[[1948,4786],[-446,8],[-1,33],[-388,5]],[[1113,4832],[-4,55],[-38,37],[29,65],[-37,30],[-13,96],[-23,21],[-18,26],[11,45],[-73,65],[-39,139]],[[3413,4652],[-24,53],[-54,22],[-48,59],[-6,58],[23,44],[-48,17],[-53,76],[-150,4],[-59,36]],[[3974,5013],[-54,5],[-371,-271],[-4,-38],[-29,21],[-103,-78]],[[6788,4289],[42,97],[9,84],[-235,119],[-101,23],[-170,2],[-51,20]],[[6282,4634],[99,10],[11,24],[25,-11],[23,14],[-50,90],[150,95],[51,53],[29,-22],[29,21],[-59,102],[108,73],[26,73]],[[7655,4845],[-58,-93],[-12,-64]],[[7585,4688],[-123,30],[-126,-68],[-72,-104],[-16,-111],[-123,-167],[41,-69]],[[7166,4199],[-107,-49],[-146,5],[-24,66],[-101,68]],[[6266,4639],[-33,14],[-7,198],[-254,106],[15,44],[-163,69],[-210,-17]],[[6282,4634],[-16,5]],[[2593,4406],[2,44],[-44,5],[-5,104],[-25,-1],[3,26],[-31,6],[5,53],[-27,7],[0,28],[-34,3],[0,19],[35,0],[-2,28]],[[3413,4652],[-18,-17],[5,-28]],[[3400,4607],[-7,-17],[-41,3],[-1,33],[-41,-2],[3,20],[-52,2],[3,-21],[-68,-2],[-193,-240],[-112,1],[-2,-59]],[[2889,4325],[-134,4],[0,41],[-44,2],[-2,-26],[-37,1],[-3,82],[-40,3],[-1,-26],[-35,0]],[[6125,4189],[-82,-63],[13,-15],[-30,-24],[-15,11],[-183,-153]],[[5828,3945],[-30,-6],[0,15],[-40,-13],[6,-14],[-201,-75],[-119,203],[33,27],[-68,52],[-171,300]],[[5238,4434],[-185,346]],[[6266,4639],[35,-65],[-39,-40],[-74,-24],[5,-32],[-54,-173],[-55,-56],[41,-60]],[[4032,5002],[0,-71],[-26,-2],[-4,-43],[19,0],[-6,-82],[14,-1],[-6,-154],[-63,23],[1,-71],[-59,-3],[5,22],[-31,1],[1,-42],[-22,2],[2,-92],[-28,2],[-3,-18],[-25,0],[5,33],[-61,7]],[[3745,4513],[-111,76],[-21,-29],[-28,-1],[25,66],[-46,-2],[-1,-19],[-109,22],[0,-19],[-54,0]],[[4215,4158],[-469,-1]],[[3746,4157],[11,117],[-27,4],[3,63],[34,0],[10,121],[-32,2],[0,49]],[[4488,4503],[24,-69],[-11,-41]],[[4501,4393],[-69,-10],[-217,-225]],[[8854,4034],[-723,-172]],[[8131,3862],[-46,93],[-1,48],[-34,29],[-61,16],[-28,37],[-73,36],[-161,-7]],[[7727,4114],[34,27],[86,268],[-107,103],[-27,77],[6,53],[-134,46]],[[8616,4583],[47,-85],[-32,-73],[7,-21],[119,-161],[36,-20],[61,-189]],[[1944,4664],[-54,-56],[-53,-119],[-62,-62],[-218,-21],[-157,-75],[-48,2]],[[1352,4333],[-27,33],[28,21],[12,71],[-52,54],[-12,139],[-159,134],[-29,47]],[[9463,4016],[-97,28],[-407,-296]],[[8959,3748],[-31,33],[-29,185],[-45,68]],[[8959,4816],[40,-16],[-1,-14],[32,4],[24,-26],[88,-9],[52,-27],[13,-45],[68,-29],[87,-121],[-10,-95],[46,-72],[-2,-33],[46,-71],[33,21],[21,-34],[17,-121],[-52,-40],[2,-72]],[[4811,4116],[-310,277]],[[5238,4434],[-61,48],[-281,-240],[30,-32],[-115,-94]],[[2514,3884],[-7,-62]],[[2507,3822],[-203,2],[0,35],[-45,17],[-1,29],[-40,3],[0,33],[-58,0],[-21,49],[-43,7],[-1,26],[-61,-4]],[[2034,4019],[-4,1]],[[2030,4020],[-9,564],[47,1],[-3,95]],[[2593,4406],[-3,-206],[-47,-2],[-4,-34],[23,-4],[-9,-131],[-36,-5],[-3,-84],[20,1],[-2,-34],[-24,2],[6,-25]],[[7727,4114],[-121,9]],[[7606,4123],[-440,76]],[[2030,4020],[-560,5]],[[1470,4025],[-16,40],[38,5],[24,21],[-1,20],[-56,53],[-179,78],[7,38],[65,53]],[[3042,4015],[-81,6],[12,147],[-92,7],[8,150]],[[3746,4157],[-116,2],[-18,-38],[-126,-66],[-118,-124],[-45,-15]],[[3323,3916],[-121,16],[-66,-8],[9,85],[-103,6]],[[6271,4169],[-28,11],[-11,-27],[-36,2],[-71,34]],[[6788,4289],[-495,-100],[-22,-20]],[[4835,3748],[54,43],[-41,52],[71,63],[-182,147],[74,63]],[[5828,3945],[-150,-127],[-13,26],[-26,-18]],[[5639,3826],[-16,-25],[32,-31],[-554,-447]],[[5101,3323],[-21,44],[-29,7],[-17,45],[-37,-10],[-39,26],[-58,190],[0,72],[-65,51]],[[3042,4015],[-3,-147],[-147,4],[-1,26],[-35,-2],[1,-29],[-28,-2],[3,11],[-318,8]],[[4835,3748],[-56,15],[-20,47],[-99,-1],[1,-22],[-60,-1],[0,-16],[-202,7],[1,15],[-25,0],[-2,-16],[-119,2]],[[4254,3778],[6,254],[-23,4],[3,36],[23,3],[5,79],[-53,4]],[[6501,3436],[2,41],[-81,59],[-32,47],[-21,175],[-38,38],[36,63],[-29,33],[-50,183],[12,43],[-29,51]],[[6788,4289],[-56,-166],[-98,-658]],[[6634,3465],[-37,-13],[34,-32],[-23,-12],[-107,28]],[[7180,3340],[-51,8],[-20,36],[-51,20],[-43,-4],[-31,15],[3,-39],[-115,29],[-22,30],[-17,-21],[-15,24],[-10,-24],[-60,31]],[[6748,3445],[-60,-2],[-54,22]],[[7166,4199],[71,-235],[33,-41],[-90,-583]],[[7606,4123],[96,-424],[174,-60],[273,-8]],[[8149,3631],[-116,-80]],[[8033,3551],[-49,-23],[-84,-80],[-4,-95],[-24,-49],[-38,-29],[-59,-96],[-70,-55],[-3,-55]],[[7702,3069],[-68,35],[-23,35],[-63,18]],[[7548,3157],[-120,84],[-12,64],[-37,-14],[-29,29],[-85,-7],[-85,27]],[[6501,3436],[-50,-10],[-158,-80],[-32,9]],[[6261,3355],[-75,70],[-79,111],[-90,39],[-74,64],[-165,68],[-62,84],[-77,35]],[[3504,3592],[-43,86],[7,43],[-116,126],[-29,69]],[[4254,3778],[-9,-192]],[[4245,3586],[-741,6]],[[8131,3862],[43,-95],[98,-37]],[[8272,3730],[-123,-99]],[[9161,3100],[-12,40],[-25,-9],[-39,19],[-17,39],[-92,17],[-65,194],[-122,26],[-17,41],[-97,-26],[-83,2],[-51,22],[-97,168],[-172,97]],[[8959,3748],[50,-115],[91,-56],[21,-67],[54,-35],[-2,-52]],[[9173,3423],[83,-118],[82,56],[-29,-59],[84,9],[83,-95]],[[9476,3216],[-63,-76],[-6,-39]],[[9407,3101],[-48,-33],[45,-105],[-243,137]],[[1143,3490],[28,80],[-11,70],[11,42],[23,46],[-15,77],[61,85],[35,28],[101,28],[-33,44],[101,12],[26,23]],[[2034,4019],[-1,-28],[19,1],[-1,-73],[14,0],[-33,-76],[34,0],[1,-227],[-26,-17],[3,-102],[-18,-2],[-1,-16],[24,-2],[-1,-23],[-16,-1],[-3,-90]],[[2029,3363],[-40,-2],[-1,17],[-47,5],[3,-22],[-223,-1],[7,16],[-43,2],[1,-13],[-202,2]],[[1484,3367],[-49,17],[-2,16],[-23,-2],[3,14],[-36,1],[2,34],[22,1],[-1,23],[-102,2],[0,15],[-28,4],[1,-16],[-128,14]],[[2507,3822],[0,-206],[-16,-2],[-6,-175]],[[2485,3439],[-11,-68],[-22,1],[0,-22],[-306,7]],[[2146,3357],[-117,6]],[[3561,3328],[-845,21],[-8,-86]],[[2708,3263],[-223,176]],[[3504,3592],[57,-186],[0,-78]],[[5889,3118],[-72,-62],[-221,23],[-57,-30]],[[5539,3049],[-147,29],[-52,43],[-70,-3],[-38,33],[-27,2],[-52,53]],[[5153,3206],[1,53],[-45,3],[-17,15],[9,46]],[[6261,3355],[-55,-11],[-23,-37],[-119,-60],[-9,-35],[-56,-1],[-27,-20],[2,-30],[-51,-39],[-34,-4]],[[5153,3206],[-133,-16],[-493,3]],[[4527,3193],[-281,19]],[[4246,3212],[-1,374]],[[8739,2889],[-331,156],[-21,58],[-186,118],[-50,85],[46,97],[-5,57],[-26,25],[-82,7],[-51,59]],[[9161,3100],[329,-331],[-111,-99],[-114,86]],[[9265,2756],[-50,30],[-98,21],[-57,-25],[-216,-8],[-62,53],[-17,50],[-26,12]],[[4246,3212],[-2,-98],[-400,-1],[-2,-25]],[[3842,3088],[-38,30],[-75,26],[-5,24],[-190,46]],[[3534,3214],[27,114]],[[8369,2537],[1,19],[-30,-3],[-35,25],[-20,66],[-84,31],[-19,27],[-36,1],[-2,28],[-66,55],[-29,-13],[-61,31],[-66,96],[-61,31],[-26,73],[-39,-5],[-53,69],[-41,1]],[[8739,2889],[-160,-262],[-210,-90]],[[1381,3054],[-117,4],[-3,-20],[-130,4],[2,22],[-117,-9]],[[1016,3055],[-3,11],[-9,153],[43,114],[96,157]],[[1484,3367],[4,-311],[-107,-2]],[[6568,2894],[-6,-72],[-228,-9]],[[6334,2813],[-451,9],[6,296]],[[6748,3445],[-2,-264],[-191,0],[0,-193],[-60,3],[-3,-37],[78,-2],[-2,-58]],[[7187,2520],[-44,59],[-52,12],[-14,32],[-47,15],[-132,94],[-143,44],[-90,55],[-58,63],[-39,0]],[[7548,3157],[-65,-14],[0,-43],[-44,-2],[2,-33],[41,2],[0,-30],[-99,-3],[1,-422],[-31,1],[0,-32],[29,-1],[0,-173]],[[7382,2407],[-80,10],[-115,103]],[[2471,2710],[-197,-3]],[[2274,2707],[9,112],[-61,211],[-70,5],[-6,322]],[[2708,3263],[113,-45],[52,-66],[4,-74],[-65,5],[-5,-92],[-20,2],[6,-128],[-45,1],[3,-32],[39,-3],[0,-107]],[[2790,2724],[-319,-14]],[[1692,2716],[-264,-9],[-10,69],[25,-1],[1,49],[-24,-1],[1,23],[-21,-1],[6,70],[-25,-1],[0,140]],[[2274,2707],[-15,0],[1,21],[-27,0],[5,-24],[-21,1],[-6,45],[-26,-1],[-2,-45],[-25,1],[-1,36],[-51,-15],[-28,43],[-27,0],[-4,-21],[-15,1],[-1,-38],[-339,5]],[[3534,3214],[-64,-48],[-24,-55],[-48,-22],[30,-33],[4,-36],[-52,-75],[-36,-22],[25,-39],[0,-78]],[[3369,2806],[-56,-80],[-523,-2]],[[9463,4016],[69,-73],[-9,-157],[30,-27],[446,-214],[-167,-125],[6,-124],[-359,-56],[-85,89],[-58,-12],[21,42],[-14,19],[-76,-54],[-94,99]],[[9476,3216],[217,-65],[-47,-98],[-160,-109],[-79,157]],[[3422,2106],[-3,220]],[[3419,2326],[5,50],[30,0],[1,33],[-31,3],[7,159],[31,0],[-1,34],[-29,0],[-5,117],[-35,-3],[-5,24],[40,11],[0,28],[-46,-1],[-12,25]],[[3842,3088],[-5,-76],[22,-2],[-5,-291],[186,2],[12,-34],[52,-19],[13,-63],[46,-6]],[[4163,2599],[2,-176],[-32,-14],[-5,-95],[35,1],[-13,-222]],[[4150,2093],[-117,2],[1,-30],[-93,2],[-1,24],[-518,15]],[[4474,2654],[-308,10],[-3,-65]],[[4527,3193],[3,-68],[41,-105]],[[4571,3020],[-18,-44],[22,-45],[-26,-51],[-49,0],[-10,-222],[-16,-4]],[[5531,2829],[-358,9],[-7,-48],[-194,9],[-1,43],[-112,2],[2,167],[-42,1],[2,21],[-66,1],[1,-20],[-185,6]],[[5539,3049],[-8,-220]],[[7577,2170],[-38,98],[-13,113],[-48,23],[-96,3]],[[8369,2537],[37,-89],[69,-46],[-12,-45]],[[8463,2357],[-89,-118],[-59,-1],[-27,-41],[28,-32],[-67,-85]],[[8249,2080],[-73,52],[-89,34],[-219,-32],[-291,36]],[[5240,2271],[-36,123]],[[5204,2394],[58,2],[40,27],[105,164],[7,101],[26,0],[2,38],[24,0],[-1,27],[28,-5],[10,49],[28,-2],[0,34]],[[6334,2813],[-6,-235],[64,4],[3,-201]],[[6395,2381],[-63,-5],[-7,-207]],[[6325,2169],[-388,0],[-65,74],[-250,-2],[-3,33],[-379,-3]],[[1665,2463],[-263,0],[-162,-28],[5,72],[-44,-10]],[[1201,2497],[0,75],[-35,144],[-110,135],[-16,53],[7,49],[-31,102]],[[1692,2716],[-1,-32],[-28,-1],[2,-27],[25,1],[-1,-62],[40,2],[-22,-42],[-21,1],[17,-59],[-21,-1],[-17,-33]],[[5204,2394],[-374,14]],[[4830,2408],[-98,30],[-81,136],[-110,8],[3,25],[-71,6],[1,41]],[[6770,2278],[-124,6],[3,50],[-30,4],[-4,50],[-220,-7]],[[7187,2520],[-25,3],[-4,-29],[-35,-1],[-29,-44],[-61,1],[-3,-59],[-26,-2],[-1,-27],[-28,-1],[1,-29],[-39,-1],[-3,-18],[-132,2],[2,-35],[-34,-2]],[[9265,2756],[4,-179],[94,-112],[-30,-82],[-221,-279],[-112,15],[-95,-71]],[[8905,2048],[-51,9],[-20,28],[-212,99],[-11,33],[-46,18],[-59,71],[-14,45],[-29,6]],[[3419,2326],[-308,-2]],[[3111,2324],[-599,-9],[0,14]],[[2512,2329],[26,28],[-75,244],[8,109]],[[2512,2329],[-36,5],[0,22],[-29,-2],[-1,-22],[-29,1],[0,-22],[-53,3],[1,-14],[-287,9]],[[2078,2309],[-325,5],[-45,77],[30,10],[-2,78],[-28,0],[1,-32],[-29,-12],[-15,28]],[[4830,2408],[-1,-36],[-62,1],[-13,-126],[-19,-1],[-3,-36],[-33,3],[0,-22],[-35,-1],[-42,-57]],[[4622,2133],[-33,-1],[0,-27],[-25,-2],[-4,-22],[-133,3]],[[4427,2084],[-277,9]],[[7064,1860],[-57,17],[-168,144],[-1,136],[-32,2],[2,38],[-39,3],[-1,22],[37,3],[2,31],[-36,1],[-1,21]],[[7577,2170],[13,-37],[75,-74],[48,-8],[-13,-40],[-42,-33],[-209,0],[-76,-34],[-33,-82],[-82,-43],[-52,26],[-142,15]],[[2078,2309],[-6,-373]],[[2072,1936],[-84,4],[-2,-18],[-23,0],[1,15],[-33,0],[2,-12],[-61,-6],[0,18],[-45,3],[0,-10],[-350,0],[-9,-390]],[[1468,1540],[-212,9]],[[1256,1549],[-45,101],[-65,77],[-52,21],[-21,53],[20,65],[-21,96],[47,68],[-2,63],[-12,75],[56,158],[-10,77],[50,94]],[[4903,1441],[32,73],[-74,78],[-5,40],[37,90],[-64,57],[-15,115],[-93,37],[-95,79],[-4,123]],[[5240,2271],[1,-32],[80,-110],[72,-33],[41,-102],[32,-27],[-33,-92],[3,-85]],[[5436,1790],[22,-100],[-276,-1],[-4,-178],[-52,-1],[-13,-72]],[[5113,1438],[-210,3]],[[6781,466],[-9,76],[-25,2],[-4,220],[31,-2],[1,30],[-29,4],[-6,193],[-117,1],[5,305],[-85,13],[-76,76],[-52,29],[-183,356]],[[6232,1769],[-53,108],[5,114],[85,6],[61,-22],[-5,194]],[[7064,1860],[-1,-78],[111,-49],[34,7],[4,-178],[164,-151]],[[7376,1411],[-595,-5],[-3,-476],[513,2],[65,-22],[-152,-469],[-18,3]],[[7186,444],[-405,22]],[[8640,1542],[-54,19],[-6,77],[-158,-20],[-87,24],[-191,95]],[[8144,1737],[49,218],[41,57],[15,68]],[[8905,2048],[33,-102],[13,71],[187,-46],[-20,-71],[-150,-202],[-313,-39],[7,-96],[106,-92],[-128,71]],[[3111,2324],[-70,-97],[-39,-1],[-7,-69],[-64,-36],[-156,-43],[-57,-49],[-49,-107],[-82,-43],[-22,-77],[-45,1],[-157,-140],[-13,-110]],[[2350,1553],[-69,-2]],[[2281,1551],[29,379],[-238,6]],[[3175,1548],[-542,-2]],[[2633,1546],[-283,7]],[[3422,2106],[-12,-558]],[[3410,1548],[-235,0]],[[6232,1769],[-625,10]],[[5607,1779],[-171,11]],[[7809,1485],[-272,42],[-56,-116],[-105,0]],[[8144,1737],[-16,-46],[-59,-14],[-70,-89],[-166,-16],[-24,-87]],[[4542,1431],[-76,49],[-81,2],[-61,51]],[[4324,1533],[-2,38],[38,45],[7,63],[30,26],[-3,44],[51,42],[18,45],[-36,248]],[[4903,1441],[-361,-10]],[[4324,1533],[-1,-81],[-349,2]],[[3974,1454],[-81,4],[2,-26],[-40,-2],[-1,27],[-445,8],[1,83]],[[1875,1526],[-407,14]],[[2281,1551],[-231,3],[2,-28],[-177,0]],[[5486,1058],[16,88],[-47,44],[-8,73],[-278,4],[8,172],[-64,-1]],[[5607,1779],[-16,-690]],[[5591,1089],[-105,-31]],[[6418,491],[14,133],[-29,112],[-205,65],[-158,-6],[-51,15],[-90,106],[-2,44],[-34,67],[-272,62]],[[6781,466],[-109,11],[-254,14]],[[7869,1007],[29,163],[-45,14],[30,81],[-28,56],[11,119],[-57,45]],[[8640,1542],[95,-196],[-80,-51],[92,-37],[-94,-173],[66,-231],[-64,-78],[-17,-32],[-137,40],[-8,-19],[-49,34],[-31,-6],[-158,35],[-42,40],[-44,12],[-41,-17],[-56,57],[-148,24],[-55,63]],[[8747,1169],[146,144],[28,-68],[-112,-480],[-50,45],[20,265],[-71,47],[39,47]],[[1579,761],[-4,73],[24,32],[50,31],[52,4],[75,106],[11,119],[25,3],[14,332],[24,2],[2,27],[22,0],[1,36]],[[2633,1546],[-15,-829]],[[2618,717],[-1036,40],[-3,4]],[[1579,761],[-50,64],[-58,22],[-24,47],[-12,57],[12,96],[-23,103],[-67,70],[-9,78],[-57,34],[-3,47],[-32,170]],[[3252,684],[-437,25],[-197,8]],[[3175,1548],[10,-258],[79,-131],[-17,-70],[5,-405]],[[3974,1454],[-5,-809]],[[3969,645],[-558,32],[-159,7]],[[4542,1431],[28,-80],[42,-37],[16,-54],[-19,-72],[13,-39],[57,-27],[74,-8],[33,-62],[-11,-29],[-44,-27],[-68,-2],[-63,-25],[-26,-87],[-48,-30],[-5,-31],[60,-98],[30,-20],[94,-36],[66,-44],[4,-27],[56,10],[44,-18]],[[4875,588],[-633,36],[-273,21]],[[7869,1007],[-18,-32],[-77,23],[-20,-8],[-18,-53],[-42,-38],[-72,28],[5,-58],[-40,-15],[-28,-230],[67,-112],[16,-60],[-35,-201],[-27,-75],[-23,-19],[16,-119],[-30,-33],[-237,-5],[-34,16],[-53,119],[13,142],[-43,28],[-40,62],[37,77]],[[5486,1058],[-136,-3],[-1,-40],[-21,0],[-3,-72],[-57,1],[-25,-83],[21,-110],[-11,-190]],[[5253,561],[-358,25],[-20,2]],[[6418,491],[-240,14],[-925,56]]],"transform":{"scale":[0.0004714678116573475,0.0004639538841626232],"translate":[-85.60896022270053,30.361291820877184]}}