{"type":"Topology","objects":{"Indiana.geo":{"type":"GeometryCollection","geometries":[{"type":"Polygon","properties":{"name":"Lake","fips":"18089"},"id":"Lake","arcs":[[0,1,2,3]]},{"type":"Polygon","properties":{"name":"Porter","fips":"18127"},"id":"Porter","arcs":[[4,5,6,-1]]},{"type":"Polygon","properties":{"name":"Noble","fips":"18113"},"id":"Noble","arcs":[[7,8,9,10,11,12]]},{"type":"Polygon","properties":{"name":"DeKalb","fips":"18033"},"id":"DeKalb","arcs":[[-11,13,14,15]]},{"type":"Polygon","properties":{"name":"Marshall","fips":"18099"},"id":"Marshall","arcs":[[16,17,18,19,20]]},{"type":"Polygon","properties":{"name":"Kosciusko","fips":"18085"},"id":"Kosciusko","arcs":[[21,-17,22,-8,23,24]]},{"type":"Polygon","properties":{"name":"Starke","fips":"18149"},"id":"Starke","arcs":[[-19,25,26,27,28]]},{"type":"Polygon","properties":{"name":"Whitley","fips":"18183"},"id":"Whitley","arcs":[[29,-24,-13,30,31]]},{"type":"Polygon","properties":{"name":"Jasper","fips":"18073"},"id":"Jasper","arcs":[[32,33,-2,-7,-27,34,35]]},{"type":"Polygon","properties":{"name":"Allen","fips":"18003"},"id":"Allen","arcs":[[36,37,-31,-12,-16,38,39]]},{"type":"Polygon","properties":{"name":"Newton","fips":"18111"},"id":"Newton","arcs":[[40,41,-3,-34]]},{"type":"Polygon","properties":{"name":"Fulton","fips":"18049"},"id":"Fulton","arcs":[[42,43,-18,-22,44,45]]},{"type":"Polygon","properties":{"name":"Pulaski","fips":"18131"},"id":"Pulaski","arcs":[[46,-35,-26,-44,47]]},{"type":"Polygon","properties":{"name":"Wabash","fips":"18169"},"id":"Wabash","arcs":[[48,49,-45,-25,-30,50]]},{"type":"Polygon","properties":{"name":"Huntington","fips":"18069"},"id":"Huntington","arcs":[[-51,-32,-38,51,52]]},{"type":"Polygon","properties":{"name":"Miami","fips":"18103"},"id":"Miami","arcs":[[53,54,-46,-50,55]]},{"type":"Polygon","properties":{"name":"Adams","fips":"18001"},"id":"Adams","arcs":[[56,-40,57,58]]},{"type":"Polygon","properties":{"name":"Wells","fips":"18179"},"id":"Wells","arcs":[[59,60,61,-52,-37,-57]]},{"type":"Polygon","properties":{"name":"Cass","fips":"18017"},"id":"Cass","arcs":[[62,63,64,-48,-43,-55]]},{"type":"Polygon","properties":{"name":"White","fips":"18181"},"id":"White","arcs":[[65,-36,-47,-65,66,67]]},{"type":"Polygon","properties":{"name":"Carroll","fips":"18015"},"id":"Carroll","arcs":[[68,69,-67,-64,70]]},{"type":"Polygon","properties":{"name":"Benton","fips":"18007"},"id":"Benton","arcs":[[-41,-33,-66,71,72,73]]},{"type":"Polygon","properties":{"name":"Grant","fips":"18053"},"id":"Grant","arcs":[[74,75,76,-56,-49,-53,-62,77,78]]},{"type":"Polygon","properties":{"name":"Blackford","fips":"18009"},"id":"Blackford","arcs":[[79,-78,-61,80]]},{"type":"Polygon","properties":{"name":"Jay","fips":"18075"},"id":"Jay","arcs":[[81,82,-81,-60,-59,83]]},{"type":"Polygon","properties":{"name":"Howard","fips":"18067"},"id":"Howard","arcs":[[84,85,-71,-63,-54,-77]]},{"type":"Polygon","properties":{"name":"Tippecanoe","fips":"18157"},"id":"Tippecanoe","arcs":[[86,87,-72,-68,-70,88,89]]},{"type":"Polygon","properties":{"name":"Warren","fips":"18171"},"id":"Warren","arcs":[[90,91,-73,-88,92]]},{"type":"Polygon","properties":{"name":"Clinton","fips":"18023"},"id":"Clinton","arcs":[[93,-89,-69,-86,94,95,96]]},{"type":"Polygon","properties":{"name":"Tipton","fips":"18159"},"id":"Tipton","arcs":[[97,-95,-85,-76,98]]},{"type":"Polygon","properties":{"name":"Madison","fips":"18095"},"id":"Madison","arcs":[[99,-99,-75,100,101,102]]},{"type":"Polygon","properties":{"name":"Delaware","fips":"18035"},"id":"Delaware","arcs":[[103,104,-101,-79,-80,-83]]},{"type":"Polygon","properties":{"name":"Fountain","fips":"18045"},"id":"Fountain","arcs":[[105,106,-93,-87,107]]},{"type":"Polygon","properties":{"name":"Randolph","fips":"18135"},"id":"Randolph","arcs":[[108,-104,-82,109,110]]},{"type":"Polygon","properties":{"name":"Hamilton","fips":"18057"},"id":"Hamilton","arcs":[[111,112,-96,-98,-100,113]]},{"type":"Polygon","properties":{"name":"Montgomery","fips":"18107"},"id":"Montgomery","arcs":[[114,115,-108,-90,-94,116,117]]},{"type":"Polygon","properties":{"name":"Boone","fips":"18011"},"id":"Boone","arcs":[[118,-117,-97,-113,119]]},{"type":"Polygon","properties":{"name":"Vermillion","fips":"18165"},"id":"Vermillion","arcs":[[-91,-107,120,121,122]]},{"type":"Polygon","properties":{"name":"Henry","fips":"18065"},"id":"Henry","arcs":[[123,124,125,126,-102,-105,-109]]},{"type":"Polygon","properties":{"name":"Wayne","fips":"18177"},"id":"Wayne","arcs":[[127,128,-124,-111,129]]},{"type":"Polygon","properties":{"name":"Parke","fips":"18121"},"id":"Parke","arcs":[[130,-121,-106,-116,131,132]]},{"type":"Polygon","properties":{"name":"Hancock","fips":"18059"},"id":"Hancock","arcs":[[133,134,-114,-103,-127,135]]},{"type":"Polygon","properties":{"name":"Marion","fips":"18097"},"id":"Marion","arcs":[[136,-120,-112,-135,137,138,139]]},{"type":"Polygon","properties":{"name":"Hendricks","fips":"18063"},"id":"Hendricks","arcs":[[140,-118,-119,-137,141]]},{"type":"Polygon","properties":{"name":"Putnam","fips":"18133"},"id":"Putnam","arcs":[[-132,-115,-141,142,143,144]]},{"type":"Polygon","properties":{"name":"Rush","fips":"18139"},"id":"Rush","arcs":[[145,146,-136,-126,147,148]]},{"type":"Polygon","properties":{"name":"Fayette","fips":"18041"},"id":"Fayette","arcs":[[-148,-125,-129,149,150]]},{"type":"Polygon","properties":{"name":"Union","fips":"18161"},"id":"Union","arcs":[[151,-150,-128,152]]},{"type":"Polygon","properties":{"name":"Shelby","fips":"18145"},"id":"Shelby","arcs":[[153,154,-138,-134,-147,155]]},{"type":"Polygon","properties":{"name":"Johnson","fips":"18081"},"id":"Johnson","arcs":[[156,-139,-155,157,158]]},{"type":"Polygon","properties":{"name":"Morgan","fips":"18109"},"id":"Morgan","arcs":[[159,160,-143,-142,-140,-157,161]]},{"type":"Polygon","properties":{"name":"Vigo","fips":"18167"},"id":"Vigo","arcs":[[-122,-131,162,163,164]]},{"type":"Polygon","properties":{"name":"Clay","fips":"18021"},"id":"Clay","arcs":[[165,-163,-133,-145,166,167]]},{"type":"Polygon","properties":{"name":"Franklin","fips":"18047"},"id":"Franklin","arcs":[[168,169,-149,-151,-152,170,171]]},{"type":"Polygon","properties":{"name":"Owen","fips":"18119"},"id":"Owen","arcs":[[-167,-144,-161,172,173]]},{"type":"Polygon","properties":{"name":"Decatur","fips":"18031"},"id":"Decatur","arcs":[[174,175,-156,-146,-170,176]]},{"type":"Polygon","properties":{"name":"Bartholomew","fips":"18005"},"id":"Bartholomew","arcs":[[177,178,-158,-154,-176,179]]},{"type":"Polygon","properties":{"name":"Brown","fips":"18013"},"id":"Brown","arcs":[[180,-162,-159,-179,181]]},{"type":"Polygon","properties":{"name":"Monroe","fips":"18105"},"id":"Monroe","arcs":[[182,183,-173,-160,-181,184]]},{"type":"Polygon","properties":{"name":"Dearborn","fips":"18029"},"id":"Dearborn","arcs":[[185,186,-172,187]]},{"type":"Polygon","properties":{"name":"Ripley","fips":"18137"},"id":"Ripley","arcs":[[188,189,-177,-169,-187,190,191]]},{"type":"Polygon","properties":{"name":"Sullivan","fips":"18153"},"id":"Sullivan","arcs":[[192,193,-164,-166,194]]},{"type":"Polygon","properties":{"name":"Jennings","fips":"18079"},"id":"Jennings","arcs":[[195,196,-180,-175,-190,197]]},{"type":"Polygon","properties":{"name":"Greene","fips":"18055"},"id":"Greene","arcs":[[-195,-168,-174,-184,198,199,200,201]]},{"type":"Polygon","properties":{"name":"Jackson","fips":"18071"},"id":"Jackson","arcs":[[202,-185,-182,-178,-197,203,204]]},{"type":"Polygon","properties":{"name":"Ohio","fips":"18115"},"id":"Ohio","arcs":[[205,-191,-186,206]]},{"type":"Polygon","properties":{"name":"Lawrence","fips":"18093"},"id":"Lawrence","arcs":[[207,208,209,-199,-183,-203]]},{"type":"Polygon","properties":{"name":"Switzerland","fips":"18155"},"id":"Switzerland","arcs":[[210,-192,-206,211]]},{"type":"Polygon","properties":{"name":"Jefferson","fips":"18077"},"id":"Jefferson","arcs":[[212,-198,-189,-211,213,214]]},{"type":"Polygon","properties":{"name":"Knox","fips":"18083"},"id":"Knox","arcs":[[215,216,217,-193,-202,218]]},{"type":"Polygon","properties":{"name":"Martin","fips":"18101"},"id":"Martin","arcs":[[219,-200,-210,220,221]]},{"type":"Polygon","properties":{"name":"Daviess","fips":"18027"},"id":"Daviess","arcs":[[222,223,-219,-201,-220]]},{"type":"Polygon","properties":{"name":"Scott","fips":"18143"},"id":"Scott","arcs":[[224,-204,-196,-213,225]]},{"type":"Polygon","properties":{"name":"Washington","fips":"18175"},"id":"Washington","arcs":[[226,227,-208,-205,-225,228,229,230]]},{"type":"Polygon","properties":{"name":"Orange","fips":"18117"},"id":"Orange","arcs":[[231,-221,-209,-228,232]]},{"type":"Polygon","properties":{"name":"Clark","fips":"18019"},"id":"Clark","arcs":[[233,-229,-226,-215,234]]},{"type":"Polygon","properties":{"name":"Pike","fips":"18125"},"id":"Pike","arcs":[[235,236,-216,-224,237]]},{"type":"Polygon","properties":{"name":"Gibson","fips":"18051"},"id":"Gibson","arcs":[[238,239,-217,-237,240,241]]},{"type":"Polygon","properties":{"name":"Dubois","fips":"18037"},"id":"Dubois","arcs":[[-238,-223,-222,-232,242,243,244,245]]},{"type":"Polygon","properties":{"name":"Crawford","fips":"18025"},"id":"Crawford","arcs":[[246,247,-243,-233,-227,248]]},{"type":"Polygon","properties":{"name":"Harrison","fips":"18061"},"id":"Harrison","arcs":[[-249,-231,249,250]]},{"type":"Polygon","properties":{"name":"Floyd","fips":"18043"},"id":"Floyd","arcs":[[-250,-230,-234,251]]},{"type":"Polygon","properties":{"name":"Perry","fips":"18123"},"id":"Perry","arcs":[[252,-244,-248,253]]},{"type":"Polygon","properties":{"name":"Warrick","fips":"18173"},"id":"Warrick","arcs":[[254,-241,-236,-246,255,256]]},{"type":"Polygon","properties":{"name":"Posey","fips":"18129"},"id":"Posey","arcs":[[-239,257,258]]},{"type":"Polygon","properties":{"name":"Spencer","fips":"18147"},"id":"Spencer","arcs":[[-256,-245,-253,259]]},{"type":"Polygon","properties":{"name":"Vanderburgh","fips":"18163"},"id":"Vanderburgh","arcs":[[-258,-242,-255,260]]},{"type":"Polygon","properties":{"name":"LaPorte","fips":"18091"},"id":"LaPorte","arcs":[[-6,261,262,-28]]},{"type":"Polygon","properties":{"name":"St. Joseph","fips":"18141"},"id":"St. Joseph","arcs":[[-29,-263,263,264,-20]]},{"type":"Polygon","properties":{"name":"Elkhart","fips":"18039"},"id":"Elkhart","arcs":[[-23,-21,-265,265,266,-9]]},{"type":"Polygon","properties":{"name":"LaGrange","fips":"18087"},"id":"LaGrange","arcs":[[-267,267,268,-10]]},{"type":"Polygon","properties":{"name":"Steuben","fips":"18151"},"id":"Steuben","arcs":[[-14,-269,269]]}]}},"arcs":[[[2618,9650],[8,-957]],[[2626,8693],[-151,-58]],[[2475,8635],[-185,-72],[-188,-47],[-257,12],[-126,-12]],[[1719,8516],[-2,320],[-1,422],[9,636],[199,-130],[134,11],[-68,-45],[142,-60],[486,-20]],[[2618,9650],[879,226]],[[3497,9876],[21,-1194]],[[3518,8682],[-71,-33],[-89,-7],[-258,121],[-182,32],[-182,-37],[-110,-65]],[[7371,8827],[-10,380]],[[7361,9207],[-5,216]],[[7356,9423],[1407,4]],[[8763,9427],[4,-648]],[[8767,8779],[-355,-6]],[[8412,8773],[-701,1],[-7,57],[-333,-4]],[[8763,9427],[1224,-17]],[[9987,9410],[-1,-257],[2,-361]],[[9988,8792],[-1221,-13]],[[6136,9195],[6,-676],[-57,1]],[[6085,8520],[-1172,-3]],[[4913,8517],[-8,672]],[[4905,9189],[6,111],[1223,3]],[[6134,9303],[2,-108]],[[6493,8198],[-230,3],[1,114],[-178,0],[-1,205]],[[6136,9195],[485,-12],[740,24]],[[7371,8827],[-11,-277],[-81,-1],[9,-351]],[[7288,8198],[-795,0]],[[4913,8517],[-1387,1]],[[3526,8518],[-8,164]],[[3518,8682],[156,65],[214,26],[132,65],[82,67],[112,172],[173,99],[357,7]],[[4744,9183],[161,6]],[[7419,8101],[-136,3],[5,94]],[[8412,8773],[-9,-205],[-81,-4],[-3,-458]],[[8319,8106],[-900,-5]],[[3016,7440],[-495,-2]],[[2521,7438],[-46,1197]],[[3526,8518],[5,-642]],[[3531,7876],[-167,-1],[1,-178],[-354,-6],[5,-251]],[[9122,7909],[-801,-11]],[[8321,7898],[-2,208]],[[9988,8792],[-1,-77],[3,-664],[-2,-127]],[[9988,7924],[-866,-15]],[[2521,7438],[-805,4]],[[1716,7442],[2,663],[1,411]],[[5825,7876],[-930,-3]],[[4895,7873],[18,644]],[[6493,8198],[3,-96]],[[6496,8102],[-669,-9],[-2,-217]],[[4564,7871],[-1033,5]],[[4895,7873],[-331,-2]],[[7417,7255],[-675,-20]],[[6742,7235],[-232,-10],[-14,877]],[[7419,8101],[-2,-846]],[[8321,7898],[7,-643],[-344,3]],[[7984,7258],[-567,-3]],[[6746,7029],[-893,-3]],[[5853,7026],[-28,850]],[[6742,7235],[4,-206]],[[9135,7049],[-13,860]],[[9988,7924],[-6,-523],[-1,-352]],[[9981,7049],[-846,0]],[[9135,7049],[-368,-4]],[[8767,7045],[-775,7]],[[7992,7052],[-8,206]],[[5853,7026],[-637,-5]],[[5216,7021],[-14,314],[-437,1],[-8,106],[-175,3]],[[4582,7445],[-18,426]],[[3021,7020],[-5,420]],[[4582,7445],[-500,3],[-55,-45],[-21,-60],[24,-73],[-30,-2],[-4,-249]],[[3996,7019],[-975,1]],[[5207,6666],[-980,18]],[[4227,6684],[1,330],[-232,5]],[[5216,7021],[-9,-355]],[[3021,7020],[-5,-241]],[[3016,6779],[-1309,6]],[[1707,6785],[-4,29],[13,628]],[[7631,6564],[-884,0]],[[6747,6564],[-1,40]],[[6746,6604],[0,425]],[[7992,7052],[25,-493]],[[8017,6559],[-386,5]],[[8710,6558],[-693,1]],[[8767,7045],[-10,-486],[-47,-1]],[[9975,6375],[-1265,-10]],[[8710,6365],[0,193]],[[9981,7049],[-3,-590],[-3,-84]],[[6746,6604],[-1125,-2],[-6,-72]],[[5615,6530],[-97,-4],[-3,35],[-97,3],[-5,100],[-206,2]],[[3024,6145],[-3,385]],[[3021,6530],[-5,249]],[[4227,6684],[-11,-544]],[[4216,6140],[-1192,5]],[[2060,5929],[-227,2],[2,52],[-127,7]],[[1708,5990],[-1,795]],[[3021,6530],[-116,-69],[-115,-4],[-190,-64],[-137,-119],[-192,-122],[-253,-72],[-30,-71],[72,-80]],[[4217,6052],[-1,88]],[[5615,6530],[-8,-383]],[[5607,6147],[-4,-108]],[[5603,6039],[-1386,13]],[[6745,6145],[-1138,2]],[[6747,6564],[-2,-419]],[[6742,5451],[3,694]],[[7631,6564],[-25,-785]],[[7606,5779],[-12,-330]],[[7594,5449],[-852,2]],[[8710,6365],[-4,-584]],[[8706,5781],[-1100,-2]],[[3011,5473],[-921,9],[-61,-23]],[[2029,5459],[-38,48],[27,46],[-25,65],[16,106],[38,41],[13,164]],[[3024,6145],[-13,-672]],[[8741,5601],[-24,6],[-11,174]],[[9975,6375],[-25,-766]],[[9950,5609],[-1209,-8]],[[6497,5405],[-914,-1]],[[5583,5404],[20,635]],[[6742,5451],[-4,-40],[-241,-6]],[[4193,5264],[-932,0]],[[3261,5264],[-242,-1],[-8,210]],[[4217,6052],[-18,-647]],[[4199,5405],[-6,-141]],[[5316,5402],[-1117,3]],[[5583,5404],[-267,-2]],[[2029,5459],[-3,-42],[47,-49],[93,-35],[35,-84],[-45,-97],[36,-102],[-36,-57],[-18,-203],[-37,-71],[33,-128]],[[2134,4591],[-427,4]],[[1707,4595],[0,696],[1,699]],[[8741,5601],[-1,-336],[-47,3],[-16,-223]],[[8677,5045],[-248,-3]],[[8429,5042],[-887,5]],[[7542,5047],[13,228],[49,5],[-10,169]],[[9935,4905],[-690,-1],[1,-41]],[[9246,4863],[-457,5],[-3,176],[-109,1]],[[9950,5609],[-7,-243],[-8,-461]],[[2675,4591],[-541,0]],[[3261,5264],[-22,-671]],[[3239,4593],[-564,-2]],[[7412,4825],[-962,-4]],[[6450,4821],[3,453],[49,4],[-5,127]],[[7542,5047],[-117,1],[-13,-223]],[[5329,4651],[-13,751]],[[6450,4821],[-4,-155]],[[6446,4666],[-886,-16]],[[5560,4650],[-231,1]],[[4389,4595],[18,52],[-165,8],[-7,611],[-42,-2]],[[5329,4651],[-418,-4],[2,-50],[-524,-2]],[[4389,4595],[-51,-197],[-83,-43],[2,-139]],[[4257,4216],[-789,8]],[[3468,4224],[-230,6],[1,363]],[[8434,4176],[-1017,-5]],[[7417,4171],[-5,654]],[[8429,5042],[5,-701]],[[8434,4341],[0,-165]],[[9246,4863],[-23,-499]],[[9223,4364],[-789,-23]],[[9928,4354],[-629,-3],[-76,13]],[[9935,4905],[-7,-424],[0,-127]],[[7243,3927],[-798,-12]],[[6445,3915],[1,751]],[[7417,4171],[6,-237],[-180,-7]],[[5557,3905],[3,745]],[[6445,3915],[-403,-7]],[[6042,3908],[-485,-3]],[[5160,3903],[-754,-4]],[[4406,3899],[1,314],[-150,3]],[[5557,3905],[-397,-2]],[[2675,4591],[-9,-241],[-112,-2],[0,-637]],[[2554,3711],[-1062,4]],[[1492,3715],[-27,58],[16,40],[-44,25],[83,77],[173,31],[5,318],[9,331]],[[2556,3485],[-2,226]],[[3468,4224],[-1,-298],[-336,-1],[-11,-441]],[[3120,3484],[-564,1]],[[9125,3836],[-446,-3],[-245,-92]],[[8434,3741],[0,435]],[[9928,4354],[-3,-504]],[[9925,3850],[-800,-14]],[[4406,3899],[-190,6],[13,-419]],[[4229,3486],[-1109,-2]],[[7989,3554],[-414,-160],[-333,-4]],[[7242,3390],[1,537]],[[8434,3741],[-445,-187]],[[6919,3244],[-157,-30],[-23,-44],[-680,-10],[-4,27]],[[6055,3187],[-13,721]],[[7242,3390],[-321,-4],[-2,-142]],[[5336,3182],[-150,1],[-26,720]],[[6055,3187],[-719,-5]],[[5345,3054],[-1117,-12]],[[4228,3042],[1,444]],[[5336,3182],[9,-128]],[[9731,3150],[-73,-40],[-143,-17],[-51,-43],[-117,-14],[-42,-30],[-101,-9],[-73,-70],[-31,8],[-128,-42],[-5,38],[-37,4]],[[8930,2935],[195,901]],[[9925,3850],[0,-23],[1,-503],[-49,3],[-177,-97],[-10,-36],[41,-44]],[[8714,2867],[-724,-10]],[[7990,2857],[-1,697]],[[8930,2935],[-8,-38]],[[8922,2897],[-204,-6],[-4,-24]],[[2560,2837],[0,-15],[-864,7]],[[1696,2829],[28,68],[-10,79],[-44,34],[-132,43],[30,4],[-11,167],[-80,55],[-57,11],[-3,38],[-92,24],[9,43],[-33,40],[78,55],[110,69],[41,5],[17,26],[13,101],[-68,24]],[[2556,3485],[4,-648]],[[7276,2596],[-98,40],[-51,0],[-189,-50]],[[6938,2586],[-19,658]],[[7990,2857],[-291,-7],[-1,-64],[-98,-3],[-6,-66],[-113,-6],[-2,-65],[-42,-3],[0,-26],[-159,-7],[-2,-14]],[[4228,3042],[3,-211]],[[4231,2831],[-657,-4]],[[3574,2827],[-575,1]],[[2999,2828],[-439,9]],[[5484,2493],[-31,562],[-108,-1]],[[6938,2586],[-42,-12],[-17,-46],[-66,-33],[-45,-97],[-50,-28],[-63,4]],[[6655,2374],[-39,17],[-29,52],[-56,-13],[-50,25],[-69,4],[-64,-18],[-26,32],[-123,-4],[-137,50],[-206,-19],[-133,36],[-143,-44],[-96,1]],[[9734,2840],[-820,-2],[8,59]],[[9731,3150],[97,-68],[29,-58],[-36,-70],[-89,-68],[2,-46]],[[5484,2493],[-39,-22],[-30,-62],[-36,-3],[3,-121]],[[5382,2285],[-1136,-15]],[[4246,2270],[-15,561]],[[8739,2305],[-25,562]],[[9734,2840],[47,-18],[170,-12],[44,-32],[4,-45],[-112,-81],[17,-102],[-473,-32],[-149,-41],[-131,-35],[-154,-91],[-125,-48],[-133,2]],[[7614,2072],[0,180],[-112,2],[-3,67],[-121,0],[-1,54],[-107,20],[6,201]],[[8739,2305],[-200,122],[-192,-19],[-251,4],[-86,-34],[-21,-76],[88,-275]],[[8077,2027],[-171,-7],[2,23],[-64,0],[-4,30],[-226,-1]],[[2559,1937],[-68,-60],[-81,-31],[-190,78],[-35,-12],[13,-38],[-22,-20],[-55,58],[-82,-15],[-22,20],[-52,-24],[-89,2]],[[1876,1895],[-74,-95],[-71,9],[-29,30],[-30,1],[-27,-64],[-88,23],[-43,-74],[-49,-34],[-54,-8],[-113,17],[-27,-20],[6,-31],[-155,-43],[-57,3]],[[1065,1609],[29,69],[-60,29],[8,22],[191,39],[39,56],[79,-9],[7,38],[-65,80],[61,66],[37,49],[62,15],[-26,59],[10,50],[111,74],[134,34],[108,127],[1,83],[-34,18],[34,47],[-129,156],[-25,30],[59,88]],[[2999,2828],[-8,-18],[-66,-9],[3,-50],[-36,-11],[11,-30],[-28,1],[-42,-38],[-77,8],[-35,-71],[-66,-20],[-86,8],[3,-72],[-52,-22],[55,-31],[0,-53],[-69,-31],[0,-54],[-48,-54],[18,-39],[100,-42],[8,-32],[-46,-20],[21,-211]],[[3522,1811],[-3,774],[62,3],[-7,239]],[[4246,2270],[3,-392]],[[4249,1878],[-460,2],[-154,-80],[-113,11]],[[3522,1811],[-86,-23],[-40,34],[-91,20],[-206,-6]],[[3099,1836],[-110,68],[-99,-9],[-55,-27],[-89,78],[-187,-9]],[[6784,1956],[-19,30],[-100,-1],[-10,389]],[[7614,2072],[-665,-13],[1,-32],[-89,-41],[3,-27],[-80,-3]],[[5543,1600],[-142,2]],[[5401,1602],[-19,683]],[[6784,1956],[0,-33],[-52,-5],[1,-69],[-57,-7],[0,-35],[-217,-6],[-7,-29],[-104,-10],[1,-173]],[[6349,1589],[-108,1]],[[6241,1590],[-698,10]],[[4256,1536],[-7,342]],[[5401,1602],[-5,-64],[-1140,-2]],[[6986,1269],[-32,41],[8,70],[82,55],[-149,118],[-477,6],[-3,15],[-67,0],[1,15]],[[8077,2027],[21,-59],[-45,-61],[-102,-47],[-124,-118],[-318,-62],[-93,-157],[-32,-116],[-82,-92],[-198,-77],[-118,31]],[[3082,1143],[-674,7],[-1,28],[-54,0]],[[2353,1178],[8,330],[-92,14],[-207,-10],[-5,138],[-120,5],[-3,75],[-49,1],[-9,164]],[[3099,1836],[-17,-693]],[[1219,997],[-3,71],[-334,10],[0,51],[-534,21]],[[348,1150],[18,15],[164,160],[37,-6],[-2,-54],[78,50],[15,37],[28,3],[33,-79],[39,2],[47,167],[153,64],[107,100]],[[2353,1178],[-7,-100],[-464,-2],[-1,-85]],[[1881,991],[-662,6]],[[4256,1536],[12,-319]],[[4268,1217],[6,-34],[-346,-8],[-1,-108]],[[3927,1067],[-677,2]],[[3250,1069],[-166,2],[-2,72]],[[5310,1005],[-69,40],[-72,4],[4,-67],[132,-31],[24,-29],[-26,-25],[-150,-27],[-41,-38],[-137,54],[-37,-1]],[[4938,885],[-17,190],[-335,-8],[-5,151],[-313,-1]],[[5543,1600],[-15,-17],[46,-64],[-35,-21],[42,-51],[-23,-22],[-36,25],[-19,-66],[-47,-18],[103,-96],[-66,-14],[18,-57],[115,-69],[-90,-32],[-46,12],[-48,-12],[-74,-63],[9,-24],[-67,-6]],[[6241,1590],[2,-213],[44,-3],[0,-62],[32,-2],[22,-69],[55,0],[3,-53],[56,-3],[-5,-174],[156,1]],[[6606,1012],[-8,-289],[-49,-77],[-83,-55],[-146,-26],[-75,-22],[-64,-65],[-157,111],[-259,16],[-185,58],[-77,44],[-42,51],[-19,180],[-132,67]],[[6986,1269],[-62,9],[-100,-25],[-38,-94],[-180,-147]],[[3847,540],[53,41],[81,-10],[22,18],[-16,229],[-77,27],[-27,55],[3,77],[49,32],[-8,58]],[[4938,885],[-29,-44],[96,-58],[1,-32],[-48,-42],[-135,-19],[-49,-11],[-26,-71],[-9,-79],[42,-113],[-18,-36],[-55,-16],[-123,11],[-50,-12],[-49,-158],[-93,-30],[-62,3],[-14,34],[31,105],[-25,26],[-62,-3],[-120,-43],[-75,9],[-148,202],[-71,32]],[[1959,402],[-20,258],[-54,12],[-4,319]],[[3250,1069],[-16,-190],[-153,-12],[-74,-141],[11,-33],[-76,-16],[-89,30],[-45,-103],[-46,-12],[-39,-46],[-107,-47],[-23,-39],[-75,-38],[-18,-185]],[[2500,237],[-114,57],[-232,104],[-195,4]],[[1219,997],[-5,-116],[-27,-2],[-4,-569]],[[1183,310],[-57,-13],[-77,9],[-211,-50],[-101,32],[-126,84],[-69,-12],[-38,-39],[-7,-73],[80,-92],[-30,-72],[-59,-26],[-57,-58],[-159,63],[-73,11],[-152,30],[-10,34],[142,-9],[24,40],[-125,61],[-78,69],[4,27],[167,-26],[55,25],[-12,29],[-161,16],[15,51],[43,-36],[69,12],[-2,54],[63,47],[-23,84],[23,63],[-60,12],[-5,17],[25,23],[180,48],[31,58],[-143,-11],[-19,28],[136,71],[69,13],[56,52],[-1,34],[-137,74],[-25,86]],[[3847,540],[-111,-12],[-111,-83],[-95,-39],[-174,-19],[-72,-15],[-71,-42],[-105,-253],[-106,-57],[-77,14],[-79,93],[-53,29],[-154,27],[-139,54]],[[1959,402],[-159,-53],[-300,140],[-69,-120],[98,-82],[3,-65],[-42,-53],[-133,-39],[-100,21],[16,152],[-90,7]],[[3497,9876],[325,123],[934,0]],[[4756,9999],[0,-262],[118,-3],[1,-198],[-39,-35],[-22,-102],[-74,-1],[4,-215]],[[4756,9999],[877,-2],[501,0]],[[6134,9997],[0,-694]],[[6134,9997],[812,-3],[422,-2]],[[7368,9992],[-12,-569]],[[7368,9992],[1093,2],[314,-2]],[[8775,9992],[-12,-565]],[[8775,9992],[1108,-2],[113,-2],[-6,-160],[-3,-418]]],"transform":{"scale":[0.00033143752448031174,0.0003989715063727411],"translate":[-88.10148992599065,37.77622425587603]}}