{"type":"Topology","objects":{"Mississippi.geo":{"type":"GeometryCollection","geometries":[{"type":"Polygon","properties":{"name":"Alcorn","fips":"28003"},"id":"Alcorn","arcs":[[0,1,2,3]]},{"type":"Polygon","properties":{"name":"Tishomingo","fips":"28141"},"id":"Tishomingo","arcs":[[4,-4,5,6]]},{"type":"Polygon","properties":{"name":"Tippah","fips":"28139"},"id":"Tippah","arcs":[[7,8,9,-2,10]]},{"type":"Polygon","properties":{"name":"Benton","fips":"28009"},"id":"Benton","arcs":[[11,12,-9,13]]},{"type":"Polygon","properties":{"name":"DeSoto","fips":"28033"},"id":"DeSoto","arcs":[[14,15,16,17]]},{"type":"Polygon","properties":{"name":"Marshall","fips":"28093"},"id":"Marshall","arcs":[[18,-17,19,-12,20,21]]},{"type":"Polygon","properties":{"name":"Tunica","fips":"28143"},"id":"Tunica","arcs":[[22,23,24,25,-15,26]]},{"type":"Polygon","properties":{"name":"Tate","fips":"28137"},"id":"Tate","arcs":[[27,-27,-18,-19,28]]},{"type":"Polygon","properties":{"name":"Prentiss","fips":"28117"},"id":"Prentiss","arcs":[[29,30,31,-11,-1,-5]]},{"type":"Polygon","properties":{"name":"Union","fips":"28145"},"id":"Union","arcs":[[-21,-14,-8,-32,32,33,34]]},{"type":"Polygon","properties":{"name":"Lafayette","fips":"28071"},"id":"Lafayette","arcs":[[35,36,37,38,-29,-22,-35]]},{"type":"Polygon","properties":{"name":"Panola","fips":"28107"},"id":"Panola","arcs":[[39,40,41,-23,-28,-39]]},{"type":"Polygon","properties":{"name":"Coahoma","fips":"28027"},"id":"Coahoma","arcs":[[42,43,-25,44,45,46]]},{"type":"Polygon","properties":{"name":"Lee","fips":"28081"},"id":"Lee","arcs":[[47,48,49,-33,-31,50]]},{"type":"Polygon","properties":{"name":"Quitman","fips":"28119"},"id":"Quitman","arcs":[[-45,-24,-42,51]]},{"type":"Polygon","properties":{"name":"Itawamba","fips":"28057"},"id":"Itawamba","arcs":[[-30,-7,52,53,-51]]},{"type":"Polygon","properties":{"name":"Pontotoc","fips":"28115"},"id":"Pontotoc","arcs":[[54,-36,-34,-50,55]]},{"type":"Polygon","properties":{"name":"Yalobusha","fips":"28161"},"id":"Yalobusha","arcs":[[56,57,-40,-38,58]]},{"type":"Polygon","properties":{"name":"Tallahatchie","fips":"28135"},"id":"Tallahatchie","arcs":[[-46,-52,-41,-58,59,60,61]]},{"type":"Polygon","properties":{"name":"Calhoun","fips":"28013"},"id":"Calhoun","arcs":[[62,63,-59,-37,-55,64]]},{"type":"Polygon","properties":{"name":"Bolivar","fips":"28011"},"id":"Bolivar","arcs":[[65,66,-43,67]]},{"type":"Polygon","properties":{"name":"Monroe","fips":"28095"},"id":"Monroe","arcs":[[68,69,70,-48,-54,71]]},{"type":"Polygon","properties":{"name":"Chickasaw","fips":"28017"},"id":"Chickasaw","arcs":[[-65,-56,-49,-71,72,73]]},{"type":"Polygon","properties":{"name":"Sunflower","fips":"28133"},"id":"Sunflower","arcs":[[74,75,-68,-47,-62,76]]},{"type":"Polygon","properties":{"name":"Grenada","fips":"28043"},"id":"Grenada","arcs":[[77,78,79,-60,-57,-64,80]]},{"type":"Polygon","properties":{"name":"Leflore","fips":"28083"},"id":"Leflore","arcs":[[-77,-61,-80,81,82,83]]},{"type":"Polygon","properties":{"name":"Clay","fips":"28025"},"id":"Clay","arcs":[[84,85,-73,-70,86]]},{"type":"Polygon","properties":{"name":"Lowndes","fips":"28087"},"id":"Lowndes","arcs":[[87,-87,-69,88,89]]},{"type":"Polygon","properties":{"name":"Webster","fips":"28155"},"id":"Webster","arcs":[[90,91,92,-81,-63,-74,-86]]},{"type":"Polygon","properties":{"name":"Carroll","fips":"28015"},"id":"Carroll","arcs":[[93,94,-82,-79,95]]},{"type":"Polygon","properties":{"name":"Montgomery","fips":"28097"},"id":"Montgomery","arcs":[[96,97,-96,-78,-93]]},{"type":"Polygon","properties":{"name":"Oktibbeha","fips":"28105"},"id":"Oktibbeha","arcs":[[98,99,100,-91,-85,-88]]},{"type":"Polygon","properties":{"name":"Washington","fips":"28151"},"id":"Washington","arcs":[[101,-66,-76,102,103,104]]},{"type":"Polygon","properties":{"name":"Choctaw","fips":"28019"},"id":"Choctaw","arcs":[[105,106,-97,-92,-101]]},{"type":"Polygon","properties":{"name":"Holmes","fips":"28051"},"id":"Holmes","arcs":[[107,108,109,-83,-95]]},{"type":"Polygon","properties":{"name":"Humphreys","fips":"28053"},"id":"Humphreys","arcs":[[110,111,-103,-75,-84,-110]]},{"type":"Polygon","properties":{"name":"Attala","fips":"28007"},"id":"Attala","arcs":[[112,113,-108,-94,-98,-107,114]]},{"type":"Polygon","properties":{"name":"Noxubee","fips":"28103"},"id":"Noxubee","arcs":[[-99,-90,115,116,117]]},{"type":"Polygon","properties":{"name":"Winston","fips":"28159"},"id":"Winston","arcs":[[-118,118,119,-115,-106,-100]]},{"type":"Polygon","properties":{"name":"Sharkey","fips":"28125"},"id":"Sharkey","arcs":[[120,-104,-112,121]]},{"type":"Polygon","properties":{"name":"Yazoo","fips":"28163"},"id":"Yazoo","arcs":[[122,123,124,-122,-111,-109,125]]},{"type":"Polygon","properties":{"name":"Issaquena","fips":"28055"},"id":"Issaquena","arcs":[[126,127,-105,-121,-125]]},{"type":"Polygon","properties":{"name":"Neshoba","fips":"28099"},"id":"Neshoba","arcs":[[128,129,130,-120]]},{"type":"Polygon","properties":{"name":"Leake","fips":"28079"},"id":"Leake","arcs":[[131,132,-113,-131]]},{"type":"Polygon","properties":{"name":"Kemper","fips":"28069"},"id":"Kemper","arcs":[[-129,-119,-117,133,134]]},{"type":"Polygon","properties":{"name":"Madison","fips":"28089"},"id":"Madison","arcs":[[-126,-114,-133,135,136,137]]},{"type":"Polygon","properties":{"name":"Scott","fips":"28123"},"id":"Scott","arcs":[[138,-136,-132,139,140]]},{"type":"Polygon","properties":{"name":"Warren","fips":"28149"},"id":"Warren","arcs":[[-127,-124,141,142,143]]},{"type":"Polygon","properties":{"name":"Rankin","fips":"28121"},"id":"Rankin","arcs":[[144,-137,-139,145,146]]},{"type":"Polygon","properties":{"name":"Lauderdale","fips":"28075"},"id":"Lauderdale","arcs":[[147,148,-135,149]]},{"type":"Polygon","properties":{"name":"Newton","fips":"28101"},"id":"Newton","arcs":[[-140,-130,-149,150]]},{"type":"Polygon","properties":{"name":"Hinds","fips":"28049"},"id":"Hinds","arcs":[[151,152,-142,-123,-138,-145]]},{"type":"Polygon","properties":{"name":"Jasper","fips":"28061"},"id":"Jasper","arcs":[[153,154,-151,155,156]]},{"type":"Polygon","properties":{"name":"Clarke","fips":"28023"},"id":"Clarke","arcs":[[157,-156,-148,158]]},{"type":"Polygon","properties":{"name":"Smith","fips":"28129"},"id":"Smith","arcs":[[159,160,161,-146,-141,-155]]},{"type":"Polygon","properties":{"name":"Claiborne","fips":"28021"},"id":"Claiborne","arcs":[[162,163,-143,-153,164]]},{"type":"Polygon","properties":{"name":"Simpson","fips":"28127"},"id":"Simpson","arcs":[[165,166,167,-147,-162,168]]},{"type":"Polygon","properties":{"name":"Copiah","fips":"28029"},"id":"Copiah","arcs":[[169,170,-165,-152,-168,171]]},{"type":"Polygon","properties":{"name":"Wayne","fips":"28153"},"id":"Wayne","arcs":[[172,-157,-158,173,174,175]]},{"type":"Polygon","properties":{"name":"Jefferson","fips":"28063"},"id":"Jefferson","arcs":[[176,177,178,-163,-171,179]]},{"type":"Polygon","properties":{"name":"Jones","fips":"28067"},"id":"Jones","arcs":[[180,181,-160,-154,-173,182]]},{"type":"Polygon","properties":{"name":"Covington","fips":"28031"},"id":"Covington","arcs":[[183,184,-169,-161,-182,185]]},{"type":"Polygon","properties":{"name":"Jefferson Davis","fips":"28065"},"id":"Jefferson Davis","arcs":[[-166,-185,186,187,188]]},{"type":"Polygon","properties":{"name":"Lawrence","fips":"28077"},"id":"Lawrence","arcs":[[-172,-167,-189,189,190,191]]},{"type":"Polygon","properties":{"name":"Adams","fips":"28001"},"id":"Adams","arcs":[[192,-178,193,194]]},{"type":"Polygon","properties":{"name":"Lincoln","fips":"28085"},"id":"Lincoln","arcs":[[195,196,-180,-170,-192,197,198]]},{"type":"Polygon","properties":{"name":"Franklin","fips":"28037"},"id":"Franklin","arcs":[[199,200,-194,-177,-197]]},{"type":"Polygon","properties":{"name":"Marion","fips":"28091"},"id":"Marion","arcs":[[201,202,203,-190,-188,204]]},{"type":"Polygon","properties":{"name":"Lamar","fips":"28073"},"id":"Lamar","arcs":[[-187,-184,205,206,-205]]},{"type":"Polygon","properties":{"name":"Forrest","fips":"28035"},"id":"Forrest","arcs":[[207,208,-206,-186,-181,209]]},{"type":"Polygon","properties":{"name":"Perry","fips":"28111"},"id":"Perry","arcs":[[-210,-183,-176,210,211,212]]},{"type":"Polygon","properties":{"name":"Greene","fips":"28041"},"id":"Greene","arcs":[[213,-211,-175,214]]},{"type":"Polygon","properties":{"name":"Wilkinson","fips":"28157"},"id":"Wilkinson","arcs":[[-195,-201,215,216]]},{"type":"Polygon","properties":{"name":"Amite","fips":"28005"},"id":"Amite","arcs":[[-216,-200,-196,217,218]]},{"type":"Polygon","properties":{"name":"Pike","fips":"28113"},"id":"Pike","arcs":[[-218,-199,219,220]]},{"type":"Polygon","properties":{"name":"Walthall","fips":"28147"},"id":"Walthall","arcs":[[221,-220,-198,-191,-204]]},{"type":"Polygon","properties":{"name":"Pearl River","fips":"28109"},"id":"Pearl River","arcs":[[222,223,-202,-207,-209,224]]},{"type":"Polygon","properties":{"name":"George","fips":"28039"},"id":"George","arcs":[[225,226,227,-212,-214]]},{"type":"Polygon","properties":{"name":"Stone","fips":"28131"},"id":"Stone","arcs":[[228,229,-225,-208,-213,-228]]},{"type":"Polygon","properties":{"name":"Jackson","fips":"28059"},"id":"Jackson","arcs":[[230,-229,-227,231]]},{"type":"Polygon","properties":{"name":"Harrison","fips":"28047"},"id":"Harrison","arcs":[[-230,-231,232,233]]},{"type":"Polygon","properties":{"name":"Hancock","fips":"28045"},"id":"Hancock","arcs":[[-223,-234,234]]}]}},"arcs":[[[9257,9495],[-1003,-6]],[[8254,9489],[-93,1],[9,205],[-197,6],[-6,293]],[[7967,9994],[77,1],[1131,4],[89,-3]],[[9264,9996],[-7,-501]],[[9348,8886],[12,572],[-50,5],[2,28],[-55,4]],[[9264,9996],[444,2],[143,-154],[96,-63],[52,-9],[-129,-656],[-42,-239]],[[9828,8877],[-480,9]],[[8210,9167],[-990,5]],[[7220,9172],[-3,441],[145,1],[7,90],[47,1],[6,284]],[[7422,9989],[545,5]],[[8254,9489],[5,-317],[-49,-5]],[[6767,9144],[-150,-2],[-5,536],[-137,0],[1,310]],[[6476,9988],[406,2],[540,-1]],[[7220,9172],[-451,-5],[-2,-23]],[[4057,9427],[6,285],[-280,-4]],[[3783,9708],[8,37],[84,29],[67,50],[2,38],[-17,22],[-145,60],[-16,46],[1655,-3]],[[5421,9987],[-12,-453]],[[5409,9534],[-507,1],[-57,-58],[-171,-65],[-122,-24],[-160,40],[-95,61],[-55,12],[-96,-8],[-17,-32],[-72,-34]],[[5571,9087],[-4,263],[-143,-3],[-15,187]],[[5421,9987],[199,3],[856,-2]],[[6767,9144],[-5,-191]],[[6762,8953],[-180,63],[-104,-7],[-52,16],[-28,-18],[-85,15],[-75,-13],[-53,16],[-76,56],[-538,6]],[[4063,9078],[6,-89]],[[4069,8989],[-286,-2],[-3,-187],[-101,-3],[-102,17],[-20,-19],[-46,1]],[[3511,8796],[-478,221]],[[3033,9017],[81,22],[18,26],[-132,102],[-29,48],[24,37],[51,114],[62,-30],[-24,-71],[24,-31],[85,2],[120,71],[-10,67],[-123,-5],[-56,24],[-40,160],[57,35],[32,-3],[42,-33],[7,-50],[-52,-36],[36,-39],[52,-6],[97,30],[7,40],[-50,81],[41,53],[-64,68],[12,48],[91,11],[29,-28],[-16,-78],[32,-6],[51,18],[176,41],[53,-22],[60,4],[6,27]],[[4057,9427],[-28,-2],[-59,-54],[27,-31],[-28,-39],[52,-20],[-77,-88],[14,-46],[52,-14],[4,-39],[49,-16]],[[5426,9086],[-1363,-8]],[[5571,9087],[-145,-1]],[[9348,8886],[-590,-5]],[[8758,8881],[-9,113],[-532,-9]],[[8217,8985],[-7,182]],[[8217,8985],[-5,-46],[-157,-1],[0,-205],[-105,-4],[1,-48]],[[7951,8681],[-286,1],[1,26],[-901,-1]],[[6765,8707],[-3,246]],[[6765,8707],[-6,-451]],[[6759,8256],[-742,-1]],[[6017,8255],[1,61],[-595,-3]],[[5423,8313],[3,773]],[[5423,8313],[3,-54],[-605,0]],[[4821,8259],[-104,4],[3,-17],[-477,-2]],[[4243,8244],[6,226],[-167,81],[-13,438]],[[2776,7888],[-1,278],[-801,6]],[[1974,8172],[-32,62],[69,62],[232,-79],[50,2],[60,36],[-44,51],[-277,30],[-34,62],[14,32],[183,-64],[91,21],[21,100],[49,45],[39,2],[96,-44],[30,80],[-40,96],[19,18],[191,11],[17,-30],[-23,-90],[28,-4],[61,25],[2,75],[150,80],[69,59],[14,44],[-44,88],[27,49],[41,26]],[[3511,8796],[-5,-330],[-144,-1],[-2,-390]],[[3360,8075],[2,-194]],[[3362,7881],[-586,7]],[[8747,8107],[-503,-1],[-2,-26]],[[8242,8080],[-296,-4]],[[7946,8076],[5,605]],[[8758,8881],[-7,-262],[-18,-1],[14,-511]],[[4243,8244],[12,-171],[-895,2]],[[9828,8877],[-46,-293],[-89,-486]],[[9693,8098],[-946,9]],[[7056,8074],[-295,2],[-2,180]],[[7946,8076],[-890,-2]],[[6018,7641],[-748,7],[7,46],[-458,2]],[[4819,7696],[2,563]],[[6017,8255],[1,-614]],[[4819,7696],[9,-151],[-147,-2],[-6,-30],[-422,4],[-1,-176]],[[4252,7341],[-241,-4],[-48,22],[-24,-8],[-27,-62],[-37,-14],[-65,9],[-38,41],[26,63],[48,16],[77,16],[126,-10],[107,38],[-52,78],[-28,-13],[-717,7]],[[3359,7520],[3,361]],[[6937,7375],[-1,-35],[-912,-3]],[[6024,7337],[-6,304]],[[7056,8074],[11,-545],[-128,-6],[-2,-148]],[[2480,6949],[-1243,2]],[[1237,6951],[-27,1],[-40,36],[3,71],[110,-33],[55,5],[49,81],[-10,43],[-144,69],[-27,43],[9,38],[137,19],[118,-84],[105,-31],[130,42],[-3,47],[-49,29],[-136,-24],[-69,9],[-25,23],[-14,101],[17,17],[88,-8],[110,21],[65,-35],[70,-12],[65,16],[32,29],[-18,28],[-108,37],[-73,56],[-19,49],[121,144],[-161,79],[-37,41],[54,25],[109,-43],[60,10],[26,-46],[38,-15],[62,13],[10,24],[-39,33],[5,34],[64,42],[181,20],[56,125],[-112,4],[-101,48]],[[2776,7888],[-6,-772],[-286,0],[-4,-167]],[[9555,7375],[-183,9],[-23,-46],[-144,-77],[-45,20],[-7,-27],[-31,-13],[-91,5],[-63,-26],[-92,-6],[-42,-26]],[[8834,7188],[-7,21],[57,25],[-1,14],[-636,3],[-1,269]],[[8246,7520],[-4,560]],[[9693,8098],[-10,-65],[-128,-658]],[[8246,7520],[-593,5],[-1,-124],[-289,-4],[6,-22]],[[7369,7375],[-432,0]],[[3356,6528],[-281,-1],[-4,-120],[-496,0]],[[2575,6407],[-102,6],[24,532],[-17,4]],[[3359,7520],[-3,-992]],[[6024,7240],[-802,7]],[[5222,7247],[-933,-8]],[[4289,7239],[-39,1],[2,101]],[[6024,7337],[0,-97]],[[4289,7239],[64,-36],[-25,-54],[12,-44],[26,-7],[-6,-299],[-107,-3],[-4,-87],[-95,0],[-11,-160]],[[4143,6549],[-411,79],[4,-22],[91,-39],[-13,-67],[-102,-12]],[[3712,6488],[-16,-16],[-42,7],[-29,-21],[8,-27],[-43,-9],[9,-76],[-132,-5],[-113,59],[2,128]],[[8387,6889],[0,114],[-82,7],[-15,-14],[-180,30],[-45,-12],[-654,-1]],[[7411,7013],[-1,162],[-49,-22],[8,222]],[[8834,7188],[36,-77],[57,-30],[-33,-37],[-9,-55],[52,-57],[-146,40],[-67,-46],[-185,-39],[-152,2]],[[8371,6436],[16,453]],[[9555,7375],[-74,-424],[-85,-519]],[[9396,6432],[-1025,4]],[[7411,7013],[-194,1],[-5,-71]],[[7212,6943],[-292,-7],[-211,-23],[-131,-33],[-69,-54],[-135,-30]],[[6374,6796],[-349,6],[-1,438]],[[5624,6441],[-154,2],[-15,-41],[-87,-55],[-33,-50]],[[5335,6297],[-1192,252]],[[5222,7247],[10,-533],[208,-3],[3,-32],[192,1],[-11,-239]],[[6374,6796],[-82,-33],[-23,-28],[-60,24],[-39,-23],[0,-300]],[[6170,6436],[-546,5]],[[8371,6436],[-397,-2]],[[7974,6434],[-771,-1]],[[7203,6433],[9,510]],[[1359,5876],[11,39],[92,15],[18,38],[-82,52],[-123,47],[-14,56],[50,21],[159,-40],[71,29],[27,34],[-16,133],[106,42],[39,75],[-37,25],[-64,-3],[-75,-90],[-55,40],[-54,112],[32,77],[66,71],[80,35],[48,45],[1,59],[-35,12],[-34,-7],[-38,-99],[-108,-54],[-133,6],[-54,46],[15,17],[192,43],[30,21],[2,35],[-27,48],[-102,39],[-26,-15],[7,-79],[-28,-40],[-144,-8],[16,33],[55,29],[76,81],[-6,23],[-60,32]],[[2575,6407],[-8,-68],[158,-79],[-38,-131],[32,-16],[-22,-17],[22,-24],[-13,-24]],[[2706,6048],[-456,-2],[-2,10],[-184,3],[-10,-189]],[[2054,5870],[-695,6]],[[7203,6433],[-66,0],[-3,-169],[-270,-1],[-15,-182],[-297,-1]],[[6552,6080],[4,352],[-386,4]],[[5335,6297],[4,-25],[-54,-23],[-20,-38],[-38,-19],[-10,-78],[-67,-26],[-22,-104],[-40,-17],[-1,-35],[-123,-110],[-50,-118],[-38,-42],[-150,-69]],[[4726,5593],[-898,230],[-176,63],[-65,-12]],[[3587,5874],[-7,64],[-137,27],[-20,73],[25,44],[22,-18],[43,2],[83,-29],[-33,36],[21,32],[45,-45],[40,-3],[-13,57],[62,15],[-6,359]],[[3587,5874],[-212,-3],[3,-196],[-580,-4]],[[2798,5671],[-13,377],[-79,0]],[[6551,5690],[-1165,-4],[1,-92]],[[5387,5594],[-661,-1]],[[6552,6080],[-1,-390]],[[9396,6432],[-98,-627],[-24,-130]],[[9274,5675],[-1293,13]],[[7981,5688],[-7,746]],[[7981,5688],[-285,-3]],[[7696,5685],[-46,2],[-2,-20],[-115,1],[-3,19],[-112,-2],[-1,12],[-866,-7]],[[2609,5139],[-428,5],[3,14],[-103,1],[-1,-15],[-165,3],[-3,357],[17,37],[46,7],[-9,15],[28,18],[-20,32],[85,111],[-5,146]],[[2798,5671],[-290,-180],[4,-32],[151,-13],[-16,-59],[47,-43],[-48,-33],[-57,16],[-18,-49],[27,-27],[163,-42],[24,-19],[-11,-24],[-47,-17],[-71,41],[-47,-51]],[[3381,4936],[-145,-81],[-64,-10],[-13,-27],[-95,12]],[[3064,4830],[7,46],[-104,-1],[-2,26],[-173,-2],[0,86],[-81,0],[-5,58],[-72,2]],[[2634,5045],[55,39],[-53,10],[-27,45]],[[4726,5593],[3,-19],[-40,-22],[-32,-51],[-64,-29],[-84,-170],[-130,-68],[-83,-15],[-44,-35],[-31,14],[-143,-57],[-244,-18],[-109,-89],[-142,-32],[-83,-42],[-105,16],[-14,-40]],[[2634,5045],[-44,-83],[-374,0],[-2,-276],[-203,14],[-74,-37],[-2,297],[-215,4]],[[1720,4964],[95,68],[7,22],[-33,35],[-55,-3],[-57,-56],[-45,-17],[-133,-18],[-100,98],[19,38],[227,126],[-109,53],[-109,4],[-56,24],[40,163],[176,75],[11,159],[-48,71],[-54,-1],[-57,-25],[6,-79],[-20,-41],[-91,-26],[-81,19],[-31,45],[134,134],[-1,26],[4,18]],[[7696,5685],[-8,-727]],[[7688,4958],[-1150,0]],[[6538,4958],[13,732]],[[6538,4958],[-1146,-2],[1,126]],[[5393,5082],[-6,512]],[[9274,5675],[-129,-716]],[[9145,4959],[-1457,-1]],[[5393,5082],[-38,-15],[-6,-36],[-38,-2],[-3,-25],[-74,-19]],[[5234,4985],[-79,-10],[-69,17],[-63,-72],[-74,-10],[-99,-79],[-178,-42],[-139,-94],[-60,-21],[0,-30],[-42,-47]],[[4431,4597],[-472,11],[1,173],[-580,1],[1,154]],[[5394,4223],[0,267],[-160,495]],[[6538,4958],[-6,-727]],[[6532,4231],[-1138,-8]],[[3064,4830],[-73,-28],[-56,-49],[35,-61],[-127,-151],[19,-46],[-16,-9],[-143,14],[-42,-14],[13,-93],[-57,-53],[-6,-31],[25,-28],[-51,-52]],[[2585,4229],[-60,-54],[-92,-35],[4,-17],[47,-19],[-28,-21],[-132,-23],[-13,21],[-44,6],[-39,-28],[37,-18],[-65,-31],[-46,17],[-21,-17],[-51,19],[-31,-27],[4,-56],[-104,-6],[-29,30],[-112,-23],[-100,-67],[-82,-6]],[[1628,3874],[-25,74],[92,28],[84,55],[21,73],[-58,2],[-84,30],[26,-54],[-25,-50],[-82,29],[-72,-28],[-134,21],[-29,56],[27,71],[116,41],[43,-23],[36,37],[71,0],[59,35],[181,-54],[18,95],[-36,37],[8,22],[26,13],[119,-13],[36,16],[116,155],[-28,3],[-84,-73],[-195,21],[-41,21],[-29,64],[111,46],[12,43],[-62,27],[-111,-22],[-89,10],[-166,107],[-3,53],[84,51],[145,-107],[50,-13],[77,9],[-8,34],[-191,64],[-29,40],[40,31],[75,13]],[[3979,3869],[11,96],[-37,24],[3,81],[-20,8],[26,51],[89,17],[73,35],[-52,120],[34,25],[13,46],[68,14],[30,46],[96,54],[70,77],[53,18],[-5,16]],[[5394,4223],[2,-346]],[[5396,3877],[-1417,-8]],[[9022,4226],[-1348,9]],[[7674,4235],[14,723]],[[9145,4959],[-90,-564],[-33,-169]],[[7674,4235],[-1142,-4]],[[3979,3869],[-1379,-4]],[[2600,3865],[-15,364]],[[7637,3392],[-1107,-42]],[[6530,3350],[2,881]],[[7674,4235],[47,-840]],[[7721,3395],[-84,-3]],[[8923,3521],[-428,-74],[-305,-30],[-469,-22]],[[9022,4226],[-99,-705]],[[6530,3350],[-217,-16]],[[6313,3334],[-702,-29]],[[5611,3305],[0,465],[-26,101],[-189,6]],[[2553,3318],[-325,1],[22,83],[-485,74],[-642,24]],[[1123,3500],[121,74],[108,154],[155,8],[100,60],[-2,23],[-38,24],[-158,47],[-8,41],[57,5],[102,-65],[68,3]],[[2600,3865],[20,-73],[-20,-342],[-50,-58],[3,-74]],[[5321,3292],[-619,-28]],[[4702,3264],[-425,-20]],[[4277,3244],[51,57],[-8,22],[-83,7],[-20,24],[36,52],[-41,30],[57,12],[-13,66],[-85,48],[-9,65],[-70,15],[3,33],[-103,83],[18,40],[-41,5],[-16,18],[26,48]],[[5611,3305],[-290,-13]],[[3937,3174],[-40,-32],[-68,-11],[-258,4],[-2,-31],[-102,0],[-5,31],[-906,0]],[[2556,3135],[-3,183]],[[4277,3244],[-201,-57],[-139,-13]],[[7641,2581],[-4,811]],[[8923,3521],[22,-388],[40,-554]],[[8985,2579],[-1061,1]],[[7924,2580],[-283,1]],[[2553,2955],[-1176,-2]],[[1377,2953],[-1,35],[-183,5],[-134,34],[0,33],[-79,22],[-55,113],[-70,55]],[[855,3250],[161,-18],[52,21],[4,29],[-207,-21],[-87,15],[56,52],[35,99],[88,41],[31,-4],[44,-70],[74,-18],[26,34],[-65,63],[56,27]],[[2556,3135],[-3,-180]],[[7056,2581],[-725,3]],[[6331,2584],[-18,750]],[[7641,2581],[-585,0]],[[6185,2584],[-382,1]],[[5803,2585],[-8,172],[-44,50],[-38,25],[-211,49],[-75,30],[-30,34],[-79,7],[3,340]],[[6331,2584],[-146,0]],[[5803,2585],[-199,-3]],[[5604,2582],[-473,5],[-4,-97],[-385,1],[-1,14]],[[4741,2505],[4,260],[-47,2],[4,497]],[[4741,2505],[-224,-2],[0,-116]],[[4517,2387],[-26,6],[-3,-21],[-69,-1],[-2,18],[-84,14],[0,15],[-395,0]],[[3938,2418],[-1,756]],[[120,2118],[-101,57],[-19,62],[27,14],[217,-15],[112,26],[41,33],[-9,51],[-104,49],[-5,45],[28,29],[-70,12],[-23,69],[43,24],[49,2],[2,-52],[32,-35],[79,-35],[39,5],[42,54],[-21,34],[-97,68],[4,151],[10,19],[108,17],[115,41],[55,49],[-32,34],[-230,4],[-33,36],[3,46],[29,15],[113,-50],[138,-3],[54,60],[4,129],[64,73],[-15,4],[86,10]],[[1377,2953],[-9,-547]],[[1368,2406],[-178,42],[-249,9],[-61,-11],[-67,-49],[-89,-27],[-67,-2],[-85,-32],[-63,2],[-36,-57],[-37,-9],[33,-55],[-49,-61],[-72,-11],[-61,37],[-36,0],[-131,-64]],[[3095,2419],[-246,2]],[[2849,2421],[-4,533],[-292,1]],[[3938,2418],[-37,3]],[[3901,2421],[-806,-2]],[[2849,2421],[-972,-4],[-12,-27],[-105,17],[-243,-48]],[[1517,2359],[-70,10],[-35,31],[-44,6]],[[5603,1692],[-225,-3]],[[5378,1689],[-284,-1]],[[5094,1688],[-1,152],[-222,4],[-4,44],[-31,1],[-2,31],[-32,3],[9,39],[-186,1],[0,92],[-70,4],[-38,328]],[[5604,2582],[-1,-890]],[[6185,2584],[-6,-178],[280,-6],[7,-694]],[[6466,1706],[-213,5],[-42,-60],[-86,4],[0,39],[-96,4],[-1,27],[-138,1],[-3,-34],[-284,0]],[[7072,1501],[-563,-1]],[[6509,1500],[-5,191],[-29,-1],[-9,16]],[[7056,2581],[-18,-896],[32,0],[2,-184]],[[7924,2580],[-19,-899],[37,-4]],[[7942,1677],[-8,-180],[-133,-1]],[[7801,1496],[-729,5]],[[9046,1675],[-1104,2]],[[8985,2579],[46,-654],[15,-250]],[[1517,2359],[53,-25],[-9,-33],[76,-38],[14,-589]],[[1651,1674],[-344,0],[-1275,2],[13,22],[155,43],[58,53],[-37,50],[-155,95],[81,106],[-27,73]],[[3095,2419],[3,-741]],[[3098,1678],[-49,-1],[-758,0],[-640,-3]],[[3901,2421],[-5,-732]],[[3896,1689],[-238,-4],[-560,-7]],[[5094,1688],[-1198,1]],[[6500,946],[-568,9],[-4,-269],[-149,-3],[-5,-33],[-139,-4],[-7,-88],[-112,-1]],[[5516,557],[-31,11],[-3,21],[-49,7],[-17,30],[-37,4],[-65,37],[-49,74],[-51,5],[-83,146],[42,53],[-39,4],[-29,40],[-45,-9],[29,20],[-18,7],[1,44],[30,7],[-38,18],[24,35],[34,8],[-6,20],[35,11],[-32,86],[38,46],[41,2],[1,34],[60,3],[-29,65],[54,1],[8,80],[46,4],[3,16],[-35,22],[50,11],[-23,49],[25,33],[56,21],[-20,19],[9,35],[-25,12]],[[6509,1500],[-9,-554]],[[9046,1675],[33,-549]],[[9079,1126],[-1276,6]],[[7803,1132],[-2,364]],[[7803,1132],[-4,-123]],[[7799,1009],[-1010,6],[1,-63],[-290,-6]],[[7795,489],[4,520]],[[9079,1126],[45,-713],[6,-85],[-183,-55],[-319,113],[-297,-80],[-536,183]],[[7795,489],[-159,-28],[125,-38],[-1099,-174],[8,120],[-173,17]],[[6497,386],[3,560]],[[6497,386],[-64,-32],[110,-96],[-273,-130],[-63,-115],[-382,-13],[-102,97],[10,13],[-43,19],[-12,69],[-37,12],[6,33],[52,25],[-5,41],[-37,24],[-37,0],[-23,50],[-58,43],[0,95],[-23,36]]],"transform":{"scale":[0.00035535690895283794,0.0004810587293487814],"translate":[-91.64368240102448,30.194935322183383]}}