{"type":"Topology","objects":{"New_Mexico.geo":{"type":"GeometryCollection","geometries":[{"type":"Polygon","properties":{"name":"Union","fips":"35059"},"id":"Union","arcs":[[0,1,2,3]]},{"type":"Polygon","properties":{"name":"San Juan","fips":"35045"},"id":"San Juan","arcs":[[4,5,6,7]]},{"type":"Polygon","properties":{"name":"Rio Arriba","fips":"35039"},"id":"Rio Arriba","arcs":[[8,9,10,-7,11,12,13]]},{"type":"Polygon","properties":{"name":"Taos","fips":"35055"},"id":"Taos","arcs":[[-13,14,15,16]]},{"type":"Polygon","properties":{"name":"Colfax","fips":"35007"},"id":"Colfax","arcs":[[17,18,-16,19,-2]]},{"type":"Polygon","properties":{"name":"Mora","fips":"35033"},"id":"Mora","arcs":[[20,-14,-17,-19,21,22]]},{"type":"Polygon","properties":{"name":"Harding","fips":"35021"},"id":"Harding","arcs":[[-22,-18,-1,23,24]]},{"type":"Polygon","properties":{"name":"Sandoval","fips":"35043"},"id":"Sandoval","arcs":[[25,26,-8,-11,27,28,29]]},{"type":"Polygon","properties":{"name":"Santa Fe","fips":"35049"},"id":"Santa Fe","arcs":[[30,31,-29,32,-9,-21,33]]},{"type":"Polygon","properties":{"name":"McKinley","fips":"35031"},"id":"McKinley","arcs":[[34,-5,-27,35]]},{"type":"Polygon","properties":{"name":"Los Alamos","fips":"35028"},"id":"Los Alamos","arcs":[[-28,-10,-33]]},{"type":"Polygon","properties":{"name":"San Miguel","fips":"35047"},"id":"San Miguel","arcs":[[-34,-23,-25,36,37,38]]},{"type":"Polygon","properties":{"name":"Quay","fips":"35037"},"id":"Quay","arcs":[[39,-37,-24,-4,40,41,42,43]]},{"type":"Polygon","properties":{"name":"Cibola","fips":"35006"},"id":"Cibola","arcs":[[44,45,46,-36,-26,47,48]]},{"type":"Polygon","properties":{"name":"Bernalillo","fips":"35001"},"id":"Bernalillo","arcs":[[49,-48,-30,-32,50]]},{"type":"Polygon","properties":{"name":"Guadalupe","fips":"35019"},"id":"Guadalupe","arcs":[[51,52,-38,-40,53]]},{"type":"Polygon","properties":{"name":"Torrance","fips":"35057"},"id":"Torrance","arcs":[[54,55,56,-51,-31,-39,-53]]},{"type":"Polygon","properties":{"name":"Curry","fips":"35009"},"id":"Curry","arcs":[[57,-42,58]]},{"type":"Polygon","properties":{"name":"Valencia","fips":"35061"},"id":"Valencia","arcs":[[59,-49,-50,-57]]},{"type":"Polygon","properties":{"name":"De Baca","fips":"35011"},"id":"De Baca","arcs":[[60,61,-54,-44,62]]},{"type":"Polygon","properties":{"name":"Roosevelt","fips":"35041"},"id":"Roosevelt","arcs":[[63,-63,-43,-58,64,65]]},{"type":"Polygon","properties":{"name":"Catron","fips":"35003"},"id":"Catron","arcs":[[66,67,-46,68,69]]},{"type":"Polygon","properties":{"name":"Socorro","fips":"35053"},"id":"Socorro","arcs":[[-69,-45,-60,-56,70,71]]},{"type":"Polygon","properties":{"name":"Lincoln","fips":"35027"},"id":"Lincoln","arcs":[[72,-71,-55,-52,-62,73,74]]},{"type":"Polygon","properties":{"name":"Chaves","fips":"35005"},"id":"Chaves","arcs":[[75,76,-74,-61,-64,77]]},{"type":"Polygon","properties":{"name":"Lea","fips":"35025"},"id":"Lea","arcs":[[78,-78,-66,79]]},{"type":"Polygon","properties":{"name":"Sierra","fips":"35051"},"id":"Sierra","arcs":[[80,81,-70,-72,-73,82,83]]},{"type":"Polygon","properties":{"name":"Otero","fips":"35035"},"id":"Otero","arcs":[[84,-83,-75,-77,85,86]]},{"type":"Polygon","properties":{"name":"Grant","fips":"35017"},"id":"Grant","arcs":[[87,88,-67,-82,89]]},{"type":"Polygon","properties":{"name":"Dona Ana","fips":"35013"},"id":"Dona Ana","arcs":[[90,-84,-85,91]]},{"type":"Polygon","properties":{"name":"Eddy","fips":"35015"},"id":"Eddy","arcs":[[-86,-76,-79,92]]},{"type":"Polygon","properties":{"name":"Hidalgo","fips":"35023"},"id":"Hidalgo","arcs":[[-88,93,94]]},{"type":"Polygon","properties":{"name":"Luna","fips":"35029"},"id":"Luna","arcs":[[95,-94,-90,-81,-91]]}]}},"arcs":[[[9394,7779],[13,616],[-711,1],[-9,144],[-349,3],[1,85]],[[8339,8628],[15,1362]],[[8354,9990],[1512,9],[132,-2],[1,-895],[-49,-1],[5,-770],[2,-555]],[[9957,7776],[-563,3]],[[2357,8237],[-2351,-11]],[[6,8226],[-1,1767],[1116,5],[1487,-1],[102,-2]],[[2710,9995],[-51,-55],[-20,-106],[-230,-116],[-24,-44],[-29,-9],[3,-1043]],[[2359,8622],[-2,-385]],[[5517,8187],[-3,54],[-561,5],[30,-38],[-4,-79],[-346,-2]],[[4633,8127],[-2,61]],[[4631,8188],[-1,61],[-1039,-6],[-9,380],[-1223,-1]],[[2710,9995],[859,3],[48,-17],[643,3],[793,2]],[[5053,9986],[35,-234],[-15,-71],[10,-112],[-16,-52],[29,-91],[-2,-15],[-18,-2],[1,-31],[23,1],[-17,-92],[70,-140],[4,-34],[-49,-227],[-44,-32],[-64,-16],[-37,-58],[309,-112],[190,-210],[397,-187]],[[5859,8271],[-61,-63],[-27,-12],[-116,31],[-35,-47],[-103,7]],[[5053,9986],[460,4],[826,-4]],[[6339,9986],[-6,-55],[54,-104],[-54,-88],[21,-47],[-18,-74],[27,-68],[-54,-44],[-43,21],[-54,-5],[-27,-40],[-51,-9],[-29,-28],[27,-73],[-32,-42],[32,-72],[-20,-48],[68,-99],[-46,-74],[40,-58],[2,-223],[-54,-46]],[[6122,8710],[-120,-73],[12,-40],[33,-26],[8,-88],[-58,-68],[-19,-61],[-68,-34],[-51,-49]],[[8339,8628],[-703,-8]],[[7636,8620],[-696,-1],[-3,87],[-815,4]],[[6339,9986],[111,1],[1904,3]],[[5514,8034],[3,153]],[[7636,8620],[12,-43],[-23,-15],[15,-22],[26,4],[-2,-35],[17,-17],[-30,-18],[36,-40],[-13,-35],[36,-12],[34,-42],[-18,-22],[27,-18],[1,-43],[29,-23],[-9,-36],[35,-38],[-35,-15],[12,-17],[-17,-18],[21,-8],[-40,-53],[-5,-39],[-15,2],[-16,-30],[1,-16],[25,-11],[-12,-13],[14,-13],[-12,-18],[16,-48]],[[7746,7868],[-922,2],[-34,15],[-17,-11],[-37,7],[-47,-16],[-24,-35],[-18,25],[-48,6],[-100,59],[-74,20],[-66,0],[-27,36],[-235,59],[-583,-1]],[[9394,7779],[-3,-153],[-11,-1],[8,-425],[-43,-34],[-382,1]],[[8963,7167],[-2,53],[-139,3],[-425,677],[-85,-37],[-566,5]],[[3090,6862],[-79,153],[-110,1]],[[2901,7016],[-12,1219],[-532,2]],[[4631,8188],[-28,0],[-2,20],[-59,1],[0,-19],[-26,0],[-3,-23],[-104,1],[-1,17],[-27,1],[1,-215],[-19,-10],[6,-31],[62,-9],[17,2],[10,37],[66,-8],[56,-44],[53,-75]],[[4633,7833],[19,-979]],[[4652,6854],[-1562,8]],[[5527,6548],[-874,-3]],[[4653,6545],[-1,309]],[[4633,7833],[142,103],[-66,21],[-30,-6],[-47,20],[1,156]],[[5514,8034],[23,-392],[-12,-4],[-7,-644],[11,0],[-2,-446]],[[8,6384],[-2,1842]],[[2901,7016],[-538,6],[1,71],[-172,2],[-9,-75],[-1205,-3],[0,-631],[-970,-2]],[[8963,7167],[0,-264],[-360,-8],[1,42],[-444,-218]],[[8160,6719],[0,127],[-1926,3],[-1,-301]],[[6233,6548],[-706,0]],[[8153,6072],[7,647]],[[9957,7776],[1,-210],[-6,-789],[1,-375]],[[9953,6402],[-404,-3],[-7,-150],[-169,-5],[-5,-154],[-169,-4],[0,-179],[-354,-2],[6,-145],[-60,-1]],[[8791,5759],[-347,0]],[[8444,5759],[-296,1],[5,312]],[[3065,5728],[-863,1]],[[2202,5729],[-841,-2],[-1357,15]],[[4,5742],[4,642]],[[3090,6862],[208,-463]],[[3298,6399],[-270,1],[23,-619],[14,-5],[0,-48]],[[4378,6239],[-3,43],[-20,1],[0,17],[-429,10],[-49,-61],[-509,-3],[-70,153]],[[4653,6545],[-1,-154],[161,0],[0,-144],[-435,-8]],[[6889,5316],[-693,0]],[[6196,5316],[-3,469],[40,0],[0,763]],[[8153,6072],[-352,-1],[-1,-146],[-177,-6],[0,-148],[-739,-4],[5,-451]],[[6196,5316],[2,-151],[-1030,1]],[[5168,5166],[-801,4],[1,323]],[[4368,5493],[3,136],[-96,4],[3,156],[15,1],[-5,447],[90,2]],[[9946,5240],[-1152,-3],[-3,522]],[[9953,6402],[4,-388],[-11,-774]],[[4368,5493],[-75,-10],[-514,168],[-180,74],[-534,3]],[[8452,4851],[-348,-6],[-9,-147],[-1038,4],[7,162],[-182,0]],[[6882,4864],[7,452]],[[8444,5759],[8,-908]],[[9179,3930],[1,148],[-353,5],[3,316],[-212,3],[-3,450],[-163,-1]],[[9946,5240],[-6,-851],[-9,-460]],[[9931,3929],[-752,1]],[[1751,3297],[-1750,-6]],[[1,3291],[1,1022],[2,1429]],[[2202,5729],[-4,-557],[15,-1],[-3,-770],[15,-3],[5,-623]],[[2230,3775],[-472,7],[-7,-485]],[[5168,5166],[14,-755],[-207,-4],[-2,-310],[-529,18],[-3,-341]],[[4441,3774],[-2211,1]],[[4498,3621],[-54,1],[-3,152]],[[6882,4864],[-11,-494],[18,-1],[-2,-624],[16,-281],[-38,1],[2,-290],[-679,-5]],[[6188,3170],[-5,300],[-669,2],[-9,150],[-1007,-1]],[[8676,2876],[-1701,-10],[-1,-779],[-22,-2]],[[6952,2085],[-833,4],[7,772],[60,-1],[2,310]],[[9179,3930],[-350,1],[-2,-308],[-71,-3],[0,-740],[-80,-4]],[[8790,1172],[31,514],[8,399],[-167,5],[14,786]],[[9931,3929],[-7,-333],[-11,-750],[-17,-774],[7,-761],[-5,-147],[-453,4],[-655,4]],[[2915,2234],[-615,-4]],[[2300,2230],[-62,40],[-32,39],[-3,62],[15,42],[-15,66],[14,37],[-42,68],[-15,59],[-38,52],[15,88],[-10,42],[-20,24],[-29,2],[-36,-17],[-57,17],[-16,20],[44,43],[-10,18],[10,28],[-33,51],[59,41],[-38,66],[-1,24],[-36,21],[44,78],[-46,22],[-3,33],[-208,1]],[[4498,3621],[8,-587]],[[4506,3034],[-918,-407],[1,-71],[-672,-14],[-2,-308]],[[4415,1162],[22,1699],[72,5],[-3,168]],[[6952,2085],[-11,-476],[14,0],[-18,-443]],[[6937,1166],[-117,2],[-1786,-4],[-619,-2]],[[1391,928],[-506,-2],[-25,1156],[-167,0],[-1,149],[-352,3],[0,311],[-340,-6]],[[0,2539],[1,752]],[[2300,2230],[-410,-3],[-19,-150],[-499,-6],[6,-763],[16,-2],[-3,-378]],[[2920,781],[-5,1453]],[[4415,1162],[-405,1],[-44,-37],[29,-14],[-2,-103],[-17,-34],[46,-89],[2,-47],[125,-56],[-1229,-2]],[[8790,1172],[-416,-1],[-63,3],[-1374,-8]],[[1391,928],[10,-144]],[[1401,784],[-12,-783],[-1380,-1],[-6,1942],[-3,597]],[[2920,781],[-1519,3]]],"transform":{"scale":[0.000605455061010186,0.0005656872826589711],"translate":[-109.05134616420085,31.343453048569422]}}