{"type":"Topology","objects":{"Oklahoma.geo":{"type":"GeometryCollection","geometries":[{"type":"Polygon","properties":{"name":"Craig","fips":"40035"},"id":"Craig","arcs":[[0,1,2,3,4,5]]},{"type":"Polygon","properties":{"name":"Nowata","fips":"40105"},"id":"Nowata","arcs":[[6,7,-1,8]]},{"type":"Polygon","properties":{"name":"Ottawa","fips":"40115"},"id":"Ottawa","arcs":[[9,-3,10]]},{"type":"Polygon","properties":{"name":"Osage","fips":"40113"},"id":"Osage","arcs":[[11,12,13,14,15,16]]},{"type":"Polygon","properties":{"name":"Kay","fips":"40071"},"id":"Kay","arcs":[[17,18,-16,19]]},{"type":"Polygon","properties":{"name":"Washington","fips":"40147"},"id":"Washington","arcs":[[20,21,-12,22,-7]]},{"type":"Polygon","properties":{"name":"Alfalfa","fips":"40003"},"id":"Alfalfa","arcs":[[23,24,25,26,27]]},{"type":"Polygon","properties":{"name":"Grant","fips":"40053"},"id":"Grant","arcs":[[-28,28,-18,29]]},{"type":"Polygon","properties":{"name":"Cimarron","fips":"40025"},"id":"Cimarron","arcs":[[30,31]]},{"type":"Polygon","properties":{"name":"Woods","fips":"40151"},"id":"Woods","arcs":[[32,33,-26,34,35]]},{"type":"Polygon","properties":{"name":"Beaver","fips":"40007"},"id":"Beaver","arcs":[[36,37,38,39,40]]},{"type":"Polygon","properties":{"name":"Texas","fips":"40139"},"id":"Texas","arcs":[[41,-31,42,-37]]},{"type":"Polygon","properties":{"name":"Harper","fips":"40059"},"id":"Harper","arcs":[[-39,43,-33,44,45]]},{"type":"Polygon","properties":{"name":"Woodward","fips":"40153"},"id":"Woodward","arcs":[[46,-45,-36,47,48]]},{"type":"Polygon","properties":{"name":"Delaware","fips":"40041"},"id":"Delaware","arcs":[[49,-4,-10,50,51,52]]},{"type":"Polygon","properties":{"name":"Noble","fips":"40103"},"id":"Noble","arcs":[[-20,-15,53,54,55,56]]},{"type":"Polygon","properties":{"name":"Rogers","fips":"40131"},"id":"Rogers","arcs":[[-21,-9,-6,57,58,59]]},{"type":"Polygon","properties":{"name":"Ellis","fips":"40045"},"id":"Ellis","arcs":[[60,61,-40,-46,-47,62]]},{"type":"Polygon","properties":{"name":"Garfield","fips":"40047"},"id":"Garfield","arcs":[[-57,63,64,65,-24,-30]]},{"type":"Polygon","properties":{"name":"Pawnee","fips":"40117"},"id":"Pawnee","arcs":[[66,-54,-14,67,68]]},{"type":"Polygon","properties":{"name":"Mayes","fips":"40097"},"id":"Mayes","arcs":[[69,-58,-5,-50,70]]},{"type":"Polygon","properties":{"name":"Major","fips":"40093"},"id":"Major","arcs":[[-48,-35,-25,-66,71,72,73]]},{"type":"Polygon","properties":{"name":"Tulsa","fips":"40143"},"id":"Tulsa","arcs":[[74,75,76,-68,-13,-22,-60]]},{"type":"Polygon","properties":{"name":"Payne","fips":"40119"},"id":"Payne","arcs":[[77,78,-55,-67,79]]},{"type":"Polygon","properties":{"name":"Cherokee","fips":"40021"},"id":"Cherokee","arcs":[[80,81,82,83,-71,-53]]},{"type":"Polygon","properties":{"name":"Creek","fips":"40037"},"id":"Creek","arcs":[[84,85,86,-80,-69,-77]]},{"type":"Polygon","properties":{"name":"Adair","fips":"40001"},"id":"Adair","arcs":[[-52,87,88,-81]]},{"type":"Polygon","properties":{"name":"Kingfisher","fips":"40073"},"id":"Kingfisher","arcs":[[89,90,-72,-65,91]]},{"type":"Polygon","properties":{"name":"Logan","fips":"40083"},"id":"Logan","arcs":[[-92,-64,-56,-79,92,93]]},{"type":"Polygon","properties":{"name":"Wagoner","fips":"40145"},"id":"Wagoner","arcs":[[-59,-70,-84,94,95,-75]]},{"type":"Polygon","properties":{"name":"Blaine","fips":"40011"},"id":"Blaine","arcs":[[96,97,98,-73,-91,99]]},{"type":"Polygon","properties":{"name":"Dewey","fips":"40043"},"id":"Dewey","arcs":[[100,101,-63,-49,-74,-99]]},{"type":"Polygon","properties":{"name":"Roger Mills","fips":"40129"},"id":"Roger Mills","arcs":[[102,103,104,-61,-102]]},{"type":"Polygon","properties":{"name":"Lincoln","fips":"40081"},"id":"Lincoln","arcs":[[105,-93,-78,-87,106,107]]},{"type":"Polygon","properties":{"name":"Muskogee","fips":"40101"},"id":"Muskogee","arcs":[[108,109,110,111,-95,-83]]},{"type":"Polygon","properties":{"name":"Okmulgee","fips":"40111"},"id":"Okmulgee","arcs":[[-112,112,113,-85,-76,-96]]},{"type":"Polygon","properties":{"name":"Custer","fips":"40039"},"id":"Custer","arcs":[[-103,-101,-98,114,115,116]]},{"type":"Polygon","properties":{"name":"Canadian","fips":"40017"},"id":"Canadian","arcs":[[-100,-90,117,118,119,120]]},{"type":"Polygon","properties":{"name":"Oklahoma","fips":"40109"},"id":"Oklahoma","arcs":[[-118,-94,-106,121,122]]},{"type":"Polygon","properties":{"name":"Okfuskee","fips":"40107"},"id":"Okfuskee","arcs":[[123,-107,-86,-114,124,125,126]]},{"type":"Polygon","properties":{"name":"Sequoyah","fips":"40135"},"id":"Sequoyah","arcs":[[127,128,-109,-82,-89,129]]},{"type":"Polygon","properties":{"name":"McIntosh","fips":"40091"},"id":"McIntosh","arcs":[[-113,-111,130,131,132,-125]]},{"type":"Polygon","properties":{"name":"Caddo","fips":"40015"},"id":"Caddo","arcs":[[133,134,-115,-97,-121,135,136]]},{"type":"Polygon","properties":{"name":"Beckham","fips":"40009"},"id":"Beckham","arcs":[[137,-104,-117,138,139,140,141]]},{"type":"Polygon","properties":{"name":"Washita","fips":"40149"},"id":"Washita","arcs":[[142,-139,-116,-135]]},{"type":"Polygon","properties":{"name":"Pottawatomie","fips":"40125"},"id":"Pottawatomie","arcs":[[143,-122,-108,-124,144,145,146]]},{"type":"Polygon","properties":{"name":"Haskell","fips":"40061"},"id":"Haskell","arcs":[[147,148,-131,-110,-129,149]]},{"type":"Polygon","properties":{"name":"Seminole","fips":"40133"},"id":"Seminole","arcs":[[-127,150,151,-145]]},{"type":"Polygon","properties":{"name":"Le Flore","fips":"40079"},"id":"Le Flore","arcs":[[152,-150,-128,153,154,155]]},{"type":"Polygon","properties":{"name":"Cleveland","fips":"40027"},"id":"Cleveland","arcs":[[156,-119,-123,-144]]},{"type":"Polygon","properties":{"name":"Grady","fips":"40051"},"id":"Grady","arcs":[[-136,-120,157,158,159,160]]},{"type":"Polygon","properties":{"name":"McClain","fips":"40087"},"id":"McClain","arcs":[[-158,-157,-147,161,162]]},{"type":"Polygon","properties":{"name":"Pittsburg","fips":"40121"},"id":"Pittsburg","arcs":[[163,164,165,166,-132,-149,167]]},{"type":"Polygon","properties":{"name":"Hughes","fips":"40063"},"id":"Hughes","arcs":[[-151,-126,-133,-167,168,169]]},{"type":"Polygon","properties":{"name":"Kiowa","fips":"40075"},"id":"Kiowa","arcs":[[170,-140,-143,-134,171,172,173]]},{"type":"Polygon","properties":{"name":"Greer","fips":"40055"},"id":"Greer","arcs":[[174,-141,-171,175]]},{"type":"Polygon","properties":{"name":"Latimer","fips":"40077"},"id":"Latimer","arcs":[[-168,-148,-153,176]]},{"type":"Polygon","properties":{"name":"Harmon","fips":"40057"},"id":"Harmon","arcs":[[-142,-175,177,178]]},{"type":"Polygon","properties":{"name":"Pontotoc","fips":"40123"},"id":"Pontotoc","arcs":[[179,180,-162,-146,-152,-170,181,182]]},{"type":"Polygon","properties":{"name":"Garvin","fips":"40049"},"id":"Garvin","arcs":[[-159,-163,-181,183,184,185]]},{"type":"Polygon","properties":{"name":"Comanche","fips":"40031"},"id":"Comanche","arcs":[[186,187,188,-172,-137,-161]]},{"type":"Polygon","properties":{"name":"Jackson","fips":"40065"},"id":"Jackson","arcs":[[-178,-176,-174,189,190]]},{"type":"Polygon","properties":{"name":"Coal","fips":"40029"},"id":"Coal","arcs":[[191,-182,-169,-166,192]]},{"type":"Polygon","properties":{"name":"Pushmataha","fips":"40127"},"id":"Pushmataha","arcs":[[-164,-177,-156,193,194,195]]},{"type":"Polygon","properties":{"name":"Atoka","fips":"40005"},"id":"Atoka","arcs":[[196,-193,-165,-196,197,198]]},{"type":"Polygon","properties":{"name":"Stephens","fips":"40137"},"id":"Stephens","arcs":[[-187,-160,-186,199,200,201]]},{"type":"Polygon","properties":{"name":"Murray","fips":"40099"},"id":"Murray","arcs":[[202,203,-184,-180]]},{"type":"Polygon","properties":{"name":"Tillman","fips":"40141"},"id":"Tillman","arcs":[[-190,-173,-189,204,205]]},{"type":"Polygon","properties":{"name":"Johnston","fips":"40069"},"id":"Johnston","arcs":[[-197,206,207,208,-203,-183,-192]]},{"type":"Polygon","properties":{"name":"Carter","fips":"40019"},"id":"Carter","arcs":[[-200,-185,-204,-209,209,210,211]]},{"type":"Polygon","properties":{"name":"McCurtain","fips":"40089"},"id":"McCurtain","arcs":[[212,-194,-155,213]]},{"type":"Polygon","properties":{"name":"Cotton","fips":"40033"},"id":"Cotton","arcs":[[214,215,-205,-188,-202]]},{"type":"Polygon","properties":{"name":"Jefferson","fips":"40067"},"id":"Jefferson","arcs":[[216,217,-215,-201,-212]]},{"type":"Polygon","properties":{"name":"Marshall","fips":"40095"},"id":"Marshall","arcs":[[218,219,220,-210,-208]]},{"type":"Polygon","properties":{"name":"Bryan","fips":"40013"},"id":"Bryan","arcs":[[-219,-207,-199,221,222]]},{"type":"Polygon","properties":{"name":"Choctaw","fips":"40023"},"id":"Choctaw","arcs":[[-222,-198,-195,-213,223]]},{"type":"Polygon","properties":{"name":"Love","fips":"40085"},"id":"Love","arcs":[[-217,-211,-221,224]]}]}},"arcs":[[[8831,8824],[-2,1014],[26,2],[3,156]],[[8858,9996],[390,3],[46,-2]],[[9294,9997],[-9,-27],[4,-60],[37,-72],[4,-794]],[[9330,9044],[-13,-476]],[[9317,8568],[-365,4]],[[8952,8572],[-1,247],[-120,5]],[[8377,8820],[6,1031],[26,-4],[6,142]],[[8415,9989],[303,9],[140,-2]],[[8831,8824],[-454,-4]],[[9774,9020],[-444,24]],[[9294,9997],[481,-11],[-1,-691],[0,-275]],[[8158,9990],[1,-1677]],[[8159,8313],[-3,-767],[-301,0]],[[7855,7546],[22,82],[-4,52],[-14,25],[-110,38],[-118,258],[-39,12],[-35,-77],[-48,10],[-12,79],[55,106],[-10,90],[-18,1],[-42,-47],[-48,121],[-64,15],[-30,33],[0,155],[-16,43],[-13,103],[-26,60],[-41,-16],[-38,-60],[-57,-186],[-65,-38],[-45,-1],[-54,85],[-11,67]],[[6974,8556],[12,39],[62,26],[78,75],[6,59],[-32,72],[-105,-63],[-56,38]],[[6939,8802],[-2,88],[-18,118],[3,68],[19,51],[16,4],[31,-35],[72,-11],[65,182],[79,11],[10,50],[33,3],[2,30],[43,6],[0,628]],[[7292,9995],[268,1],[598,-6]],[[6463,8791],[-8,1193]],[[6455,9984],[383,10],[454,1]],[[6939,8802],[-476,-11]],[[8377,8820],[1,-503]],[[8378,8317],[-219,-4]],[[8158,9990],[56,5],[201,-6]],[[5715,8786],[-2,-364]],[[5713,8422],[-498,-13]],[[5215,8409],[-14,1581]],[[5201,9990],[226,2],[283,-1]],[[5710,9991],[-5,-1205],[10,0]],[[5710,9991],[350,-1],[395,-6]],[[6463,8791],[-748,-5]],[[1136,9962],[-3,-411],[-9,-3],[0,-1053]],[[1124,8495],[-153,-8],[-971,6],[0,1497],[1121,-28],[15,0]],[[4331,9425],[-34,153],[-70,78],[-12,70],[-32,83],[-29,170]],[[4154,9979],[511,10],[536,1]],[[5215,8409],[0,-176],[-98,-34],[-86,71],[-42,89],[-68,25],[-29,30],[-48,120],[-130,-6]],[[4714,8528],[1,266],[-30,40],[-138,401],[-61,119],[-48,29],[-62,0],[-45,42]],[[2381,8485],[8,1500]],[[2389,9985],[369,3],[637,0],[104,-7]],[[3499,9981],[-8,-1184]],[[3491,8797],[-2,-299]],[[3489,8498],[-633,-13],[-475,0]],[[2381,8485],[-155,-5],[-619,12],[-483,3]],[[1136,9962],[549,23],[562,2],[142,-2]],[[3499,9981],[530,0],[125,-2]],[[4331,9425],[-2,-621],[-362,-11]],[[3967,8793],[-476,4]],[[4221,7526],[-243,-8],[-11,1275]],[[4714,8528],[6,-1000]],[[4720,7528],[-499,-2]],[[9314,7545],[3,1023]],[[9774,9020],[5,-536],[11,-31],[64,-930]],[[9854,7523],[-286,20]],[[9568,7543],[-254,2]],[[6974,8556],[-14,-2],[7,-502],[127,-8],[0,-255]],[[7094,7789],[-263,-8],[-3,-252],[-242,-5]],[[6586,7524],[-3,16],[-117,0]],[[6466,7540],[-3,1251]],[[8952,8572],[-123,-3],[2,-774],[-11,0],[-3,-518]],[[8817,7277],[-150,-9],[0,33],[10,12],[-13,51],[-2,77],[-39,28],[-7,70],[-176,1]],[[8440,7540],[-68,1],[13,688],[18,0],[1,85],[-26,3]],[[4216,7063],[-48,16],[-57,-53],[-49,-196],[-38,-93],[-15,-88],[-51,-52],[-71,-6],[-65,54],[-53,74],[-37,82],[-8,67],[6,129],[-21,55],[-21,15],[-26,-19],[-45,-92],[-31,-169],[-86,-94]],[[3500,6693],[1,514],[-5,1287],[-7,4]],[[4221,7526],[-5,-463]],[[6466,7540],[-260,-1]],[[6206,7539],[-493,3]],[[5713,7542],[0,880]],[[7438,7531],[-227,0],[-5,261],[-112,-3]],[[7855,7546],[-39,0]],[[7816,7546],[-378,-15]],[[9091,7274],[-274,3]],[[9314,7545],[-109,3],[-4,-268],[-110,-6]],[[5713,7542],[-125,-4]],[[5588,7538],[-496,-17]],[[5092,7521],[-372,7]],[[8440,7540],[4,-770],[-72,-9],[4,-136]],[[8376,6625],[-250,-3]],[[8126,6622],[5,663],[-314,4],[-1,257]],[[7443,6879],[-609,2]],[[6834,6881],[-2,49],[-29,-51],[-40,8],[-36,65],[-49,26],[-33,81],[-23,-3],[-37,-42],[1,510]],[[7438,7531],[5,-652]],[[9568,7543],[-1,-784],[-10,-4],[4,-761]],[[9561,5994],[-376,-9]],[[9185,5985],[-4,519],[-163,1]],[[9018,6505],[45,131],[-54,113],[0,133],[-12,64],[72,147],[0,74],[20,-1],[2,108]],[[8126,6622],[-177,8],[0,-634]],[[7949,5996],[-502,-16]],[[7447,5980],[-4,899]],[[9854,7523],[12,-170],[66,-1025],[20,-353]],[[9952,5975],[-391,19]],[[6218,6232],[-618,2]],[[5600,6234],[-7,491],[-8,6],[3,807]],[[6206,7539],[12,-1307]],[[6834,6881],[2,-663]],[[6836,6218],[-618,14]],[[9018,6505],[-119,-5],[-69,-45],[-67,9],[-128,-90],[-20,11],[-30,60],[-10,187],[-130,-7]],[[8445,6625],[-69,0]],[[5474,5719],[-366,0]],[[5108,5719],[-12,2],[-1,768]],[[5095,6489],[-8,197],[5,835]],[[5600,6234],[-130,-6],[4,-509]],[[5095,6489],[-868,-1]],[[4227,6488],[-1,223],[-11,2],[1,350]],[[4227,6488],[1,-778],[18,-6],[-2,-127]],[[4244,5577],[-249,2],[1,-237],[-492,-7]],[[3504,5335],[-7,574],[3,784]],[[6834,5469],[2,749]],[[7447,5980],[-1,-515]],[[7446,5465],[-612,4]],[[9185,5985],[-4,-324],[67,-195]],[[9248,5466],[-16,-45],[3,-53],[-26,-130],[-44,-21],[5,-71],[-39,-64],[-54,-199],[-39,0],[-53,83],[-49,17]],[[8936,4983],[-1,761],[-428,-17]],[[8507,5727],[-7,522],[-56,6],[1,370]],[[8507,5727],[-134,3],[-5,-252],[-57,-3],[-4,-259],[-115,-1]],[[8192,5215],[-124,-2],[-2,517],[-113,0],[-4,266]],[[5108,5719],[1,-258]],[[5109,5461],[-862,8]],[[4247,5469],[-3,108]],[[6218,6232],[2,-1027]],[[6220,5205],[-2,-132]],[[6218,5073],[-31,18],[-46,-34],[-59,52],[-42,-34],[-34,14],[-34,51],[-36,-16],[-42,46],[-36,-46],[-52,69],[-77,3]],[[5729,5196],[-258,6],[3,517]],[[6834,5469],[0,-249]],[[6834,5220],[-614,-15]],[[7442,5259],[4,206]],[[8192,5215],[0,-270]],[[8192,4945],[-536,4]],[[7656,4949],[-2,492],[-39,-7],[-31,-85],[-30,10],[-7,48],[-24,11],[-19,-21],[35,-129],[-4,-38],[-58,56],[-35,-27]],[[9999,5263],[-25,-68],[-50,-32],[-13,-27],[0,-153],[-114,91],[-35,-75],[-5,-77],[-39,-11],[5,80],[-41,117],[-74,34],[-51,-44]],[[9557,5098],[-57,100],[-52,-18],[-8,79],[-19,29],[-41,13],[-14,70],[-50,19],[-68,76]],[[9952,5975],[47,-712]],[[8936,4983],[-59,57],[-71,-33]],[[8806,5007],[-51,-22],[-53,-129],[-66,-73],[-82,-19],[-109,-119],[-57,37],[-58,-38],[-57,-124],[-82,22]],[[8191,4542],[1,403]],[[5113,3660],[2,746]],[[5115,4406],[-6,1055]],[[5729,5196],[-4,-1537]],[[5725,3659],[-612,1]],[[3502,4171],[-1,447],[3,717]],[[4247,5469],[-1,-1038]],[[4246,4431],[-50,-6]],[[4196,4425],[-444,0],[-2,-254],[-122,-6]],[[3628,4165],[-126,6]],[[5115,4406],[-18,-28],[-13,43],[-9,-12],[-16,24],[-21,-32],[-31,-10],[-25,21],[-12,-26],[-26,18],[-5,23],[-693,4]],[[6834,3897],[0,1323]],[[7442,5259],[-32,-9],[-65,47],[-33,48],[-25,-56],[-30,12],[11,-1493]],[[7268,3808],[-17,9],[-35,112],[-72,-61],[-59,118]],[[7085,3986],[-31,-14],[-23,-63],[-52,-83],[-145,71]],[[9419,4275],[-496,-3]],[[8923,4272],[-2,300],[-119,7],[4,428]],[[9557,5098],[-7,-395],[-133,-5],[2,-423]],[[7656,4949],[-4,-511],[-59,3],[0,-623]],[[7593,3818],[-37,-85],[-37,98],[-88,-31],[-35,66],[-31,12],[-16,-27],[18,-133],[-12,-30],[-26,-12],[-14,6],[-25,95],[-22,31]],[[9270,3160],[-2,516],[67,-1],[1,262],[83,5],[0,333]],[[9999,5263],[-13,-1394],[-7,-572],[-8,-672]],[[9971,2625],[-566,2]],[[9405,2627],[0,528],[-135,5]],[[6834,3897],[-56,-2],[-100,76],[-50,11],[-32,39],[-11,48],[2,222],[-22,41],[-36,20],[-10,157],[-38,49],[-65,141],[-60,68],[-12,61],[-1,146],[-72,15],[-53,84]],[[6218,5073],[-2,-1405]],[[6216,3668],[-1,-524]],[[6215,3144],[-485,8]],[[5730,3152],[-5,507]],[[7085,3986],[-4,-297]],[[7081,3689],[-865,-21]],[[8733,3151],[-4,-270],[-179,-1]],[[8550,2880],[-245,5],[-4,272],[-238,-2]],[[8063,3155],[-1,250]],[[8062,3405],[6,835],[22,38],[11,82],[36,82],[18,5],[8,79],[28,16]],[[8923,4272],[-1,-90],[-179,-4],[-10,-1027]],[[8062,3405],[-364,6]],[[7698,3411],[0,506],[-28,-105],[-55,22],[-22,-16]],[[4382,3516],[-21,89],[-42,37],[-28,67],[-1,43],[31,13],[5,41],[-44,155],[-6,76],[10,110],[-13,45],[-34,41],[-8,90],[-26,30],[-9,72]],[[5113,3660],[-246,-2],[-1,-782]],[[4866,2876],[-199,6],[-1,127],[-103,-4]],[[4563,3005],[-11,7],[-6,72],[60,37],[6,40],[-9,28],[-52,-17],[-64,53],[-13,109],[15,44],[-18,71],[21,35],[1,160],[-20,-10],[-24,19],[-28,-81],[-19,-7],[-20,-49]],[[3896,3258],[-2,84],[-21,0],[-1,44],[-40,6],[-3,251],[-13,14],[2,255],[-189,-2],[-1,255]],[[4382,3516],[-186,3],[-1,-137],[-43,-1],[-1,-100],[16,-9],[-5,-14],[-266,0]],[[9270,3160],[-537,-9]],[[3896,3258],[-7,-646],[-193,-7]],[[3696,2605],[-36,50],[-23,87],[-60,92],[-15,1],[-32,-52],[-28,1],[-3,547],[3,840]],[[7204,2646],[4,248],[-125,13],[3,127]],[[7086,3034],[-5,655]],[[7698,3411],[-1,-250],[-119,-19],[-13,-500]],[[7565,2642],[-361,4]],[[7086,3034],[-251,-8],[1,-48],[-62,3],[-3,-53],[28,-53],[16,-176],[19,-63],[-241,4]],[[6593,2640],[-244,3]],[[6349,2643],[-2,501],[-132,0]],[[5730,3152],[-68,-10],[5,-516]],[[5667,2626],[-113,-10],[-1,-106],[-68,-6],[0,-36],[-235,-5],[3,-85],[-129,-5],[1,-39],[-61,-3]],[[5064,2331],[-2,283],[-197,6],[1,256]],[[4563,3005],[13,-49],[1,-98],[-38,-9],[-9,-29],[-39,34],[-26,-54],[0,-76],[-28,-6],[0,-113],[-19,-32],[3,-111],[-14,-75],[-15,-24],[9,-61],[37,-38],[11,-101],[-24,-60]],[[4425,2103],[-57,107],[-15,89],[-66,43],[-48,111],[-33,-63],[-2,-96],[-18,-81],[-33,-13],[-48,55],[-27,61],[-60,33],[-28,-19],[-9,-71],[-18,-48],[-98,26],[-108,197],[-61,171]],[[7694,2377],[-127,8],[-2,257]],[[8063,3155],[0,-514],[-60,-4],[0,-257],[-309,-3]],[[9405,2627],[-123,3],[2,-777],[-115,5],[-2,-264],[-20,-5]],[[9147,1589],[-728,17]],[[8419,1606],[2,1027],[131,-2],[-2,249]],[[7692,1612],[2,765]],[[8419,1606],[-257,3]],[[8162,1609],[-470,3]],[[6349,2643],[-1,-654]],[[6348,1989],[-678,1]],[[5670,1990],[-3,636]],[[7204,2646],[-61,0],[1,-529],[-62,2]],[[7082,2119],[-123,-4],[-8,15],[9,43],[-8,79],[-364,16],[5,372]],[[5064,2331],[0,-224],[61,-6],[-2,-532]],[[5123,1569],[-22,21],[-42,-34],[-24,9],[-27,-57],[-85,3],[-38,42],[-94,44],[-71,99],[-51,45],[-46,-32],[-50,28],[-58,-20],[-56,33],[-17,33],[-16,94],[9,146],[-10,80]],[[7692,1612],[-55,-3],[0,-125],[-131,-2]],[[7506,1482],[-13,58],[-80,124],[-331,-7]],[[7082,1657],[0,462]],[[7082,1657],[-40,0],[-5,-323]],[[7037,1334],[-687,9]],[[6350,1343],[-2,646]],[[9159,954],[-12,635]],[[9971,2625],[-11,-922],[-8,-762],[-9,-909],[-28,-26],[-12,23],[-17,-29],[8,65],[-37,-30],[-14,8],[0,22],[23,16],[-4,39],[-36,-28],[-14,10],[4,20],[23,2],[6,27],[-21,-5],[-8,25],[-18,-39],[-36,54],[-9,-41],[-23,-19],[-12,7],[1,16],[28,19],[-13,43],[-15,12],[-26,-18],[-60,32],[-15,20],[15,33],[-24,-7],[15,59],[-39,-9],[1,26],[21,31],[-22,1],[-23,-40],[-19,29],[-45,-1],[-28,76],[-38,44],[7,41],[-12,37],[-26,-1],[1,74],[-23,22],[-11,53],[-24,-29],[-27,40],[-29,-10],[-6,53],[-24,36],[0,62],[-24,-86],[-7,25],[9,64],[-15,9],[-28,-27],[-9,14],[-1,70],[-24,8]],[[5670,1990],[2,-460]],[[5672,1530],[-42,-68],[-122,22],[-51,49],[-35,8],[-39,-78],[-8,-84],[-19,-14],[-16,-49],[-32,-34],[-60,35],[-67,116],[-22,108],[-36,28]],[[6350,1343],[0,-202],[38,-91],[-38,-1],[1,-212]],[[6351,837],[-25,-4],[-19,45],[-9,153],[-83,56],[-39,-50],[-29,-96],[-31,-21],[-40,-123],[-73,-99],[-20,-6],[-46,56],[-53,28],[-25,57],[0,28],[30,60],[-15,48],[18,33],[-3,34],[-38,89],[-47,-43],[-38,9],[-35,46],[-29,190],[19,192],[-24,43],[-25,-32]],[[7506,1482],[20,-65],[0,-111],[-31,-49],[-6,-70],[-24,-10],[-14,-35],[5,-40],[36,-56],[-9,-232]],[[7483,814],[-95,51],[-14,-27],[-18,-167],[-21,-41],[-44,-7],[-57,113],[-19,6],[-35,-41],[-20,11],[-21,66],[-4,120],[-18,75],[-37,35]],[[7080,1008],[-4,155],[-42,1],[3,170]],[[8162,1609],[37,-25],[34,-97],[2,-506],[8,-49],[6,-20],[50,-23],[39,-98],[33,-24],[69,-4]],[[8440,763],[-5,-82],[-31,40],[-36,-64],[-24,-6],[-101,146],[-12,-1],[-18,-74],[-22,-21],[-19,51],[-10,-6],[1,-48],[-14,-38],[-15,35],[-25,-44],[-51,10],[-21,-45],[-46,19],[-23,-20],[-17,-39],[3,-22],[31,46],[15,-11],[-23,-65],[-9,-85],[-21,-32],[-30,-6],[-76,50],[-14,-34],[-13,-142],[-18,-36],[-37,11],[-27,103],[-56,142],[-80,-30],[-15,29],[-12,82],[-60,29],[-45,51],[-16,59],[35,99]],[[9159,954],[-100,63],[-20,-84],[0,-93],[-15,-21],[-16,59],[-10,-92],[-18,0],[-40,31],[7,-78],[-142,-15],[-19,61],[-36,-14],[-17,47],[-36,-35],[-4,22],[24,14],[9,26],[-32,-8],[-19,95],[-50,25],[-10,-23],[2,-49],[-24,0],[-78,-75],[-55,25],[-16,-29],[-4,-43]],[[7080,1008],[-7,-41],[-38,-31],[-23,20],[0,-201],[-21,-76],[-23,-30],[-53,48],[-13,-16],[5,-40],[33,-42],[-44,-47],[5,-193],[-8,-32],[-30,-17],[-43,8],[-43,72],[-22,198],[16,48],[30,35],[6,45],[-28,107],[-27,19],[-41,-34],[-5,-63],[-16,-42],[-10,41],[-48,69],[-1,-75],[-32,-25],[-25,-92],[-54,-30],[-50,45],[-5,161],[-7,35],[-17,16],[-48,27],[-42,-38]]],"transform":{"scale":[0.0008570014465659957,0.0003380679493403005],"translate":[-102.9977094504108,33.62113663617449]}}