{"type":"Topology","objects":{"Oregon.geo":{"type":"GeometryCollection","geometries":[{"type":"Polygon","properties":{"name":"Clatsop","fips":"41007"},"id":"Clatsop","arcs":[[0,1,2]]},{"type":"Polygon","properties":{"name":"Columbia","fips":"41009"},"id":"Columbia","arcs":[[3,-2,4,5]]},{"type":"Polygon","properties":{"name":"Umatilla","fips":"41059"},"id":"Umatilla","arcs":[[6,7,8,9,10]]},{"type":"Polygon","properties":{"name":"Wallowa","fips":"41063"},"id":"Wallowa","arcs":[[11,12,-8,13]]},{"type":"Polygon","properties":{"name":"Morrow","fips":"41049"},"id":"Morrow","arcs":[[-11,14,15,16,17]]},{"type":"Polygon","properties":{"name":"Union","fips":"41061"},"id":"Union","arcs":[[18,19,-9,-13]]},{"type":"Polygon","properties":{"name":"Gilliam","fips":"41021"},"id":"Gilliam","arcs":[[20,21,22,-17,23]]},{"type":"Polygon","properties":{"name":"Tillamook","fips":"41057"},"id":"Tillamook","arcs":[[24,25,26,-3,27,28]]},{"type":"Polygon","properties":{"name":"Washington","fips":"41067"},"id":"Washington","arcs":[[29,30,-28,-4,31]]},{"type":"Polygon","properties":{"name":"Sherman","fips":"41055"},"id":"Sherman","arcs":[[32,33,-22]]},{"type":"Polygon","properties":{"name":"Multnomah","fips":"41051"},"id":"Multnomah","arcs":[[34,-32,-6,35,36]]},{"type":"Polygon","properties":{"name":"Hood River","fips":"41027"},"id":"Hood River","arcs":[[37,-37,38,39]]},{"type":"Polygon","properties":{"name":"Wasco","fips":"41065"},"id":"Wasco","arcs":[[40,41,-40,42,-33,-21,43,44]]},{"type":"Polygon","properties":{"name":"Clackamas","fips":"41005"},"id":"Clackamas","arcs":[[45,-30,-35,-38,-42,46]]},{"type":"Polygon","properties":{"name":"Yamhill","fips":"41071"},"id":"Yamhill","arcs":[[47,-29,-31,-46,48]]},{"type":"Polygon","properties":{"name":"Marion","fips":"41047"},"id":"Marion","arcs":[[49,-49,-47,-41,50,51]]},{"type":"Polygon","properties":{"name":"Baker","fips":"41001"},"id":"Baker","arcs":[[52,53,-19,-12,54]]},{"type":"Polygon","properties":{"name":"Polk","fips":"41053"},"id":"Polk","arcs":[[55,56,-25,-48,-50,57]]},{"type":"Polygon","properties":{"name":"Wheeler","fips":"41069"},"id":"Wheeler","arcs":[[58,-44,-24,-16,59,60]]},{"type":"Polygon","properties":{"name":"Lincoln","fips":"41041"},"id":"Lincoln","arcs":[[61,-26,-57,62,63]]},{"type":"Polygon","properties":{"name":"Grant","fips":"41023"},"id":"Grant","arcs":[[64,65,66,-60,-15,-10,-20,-54]]},{"type":"Polygon","properties":{"name":"Jefferson","fips":"41031"},"id":"Jefferson","arcs":[[67,-51,-45,-59,68,69]]},{"type":"Polygon","properties":{"name":"Linn","fips":"41043"},"id":"Linn","arcs":[[70,-58,-52,-68,71,72]]},{"type":"Polygon","properties":{"name":"Benton","fips":"41003"},"id":"Benton","arcs":[[-63,-56,-71,73]]},{"type":"Polygon","properties":{"name":"Crook","fips":"41013"},"id":"Crook","arcs":[[74,75,-69,-61,-67]]},{"type":"Polygon","properties":{"name":"Malheur","fips":"41045"},"id":"Malheur","arcs":[[-65,-53,76,77]]},{"type":"Polygon","properties":{"name":"Deschutes","fips":"41017"},"id":"Deschutes","arcs":[[78,-72,-70,-76,79,80,81]]},{"type":"Polygon","properties":{"name":"Lane","fips":"41039"},"id":"Lane","arcs":[[82,83,-64,-74,-73,-79,84]]},{"type":"Polygon","properties":{"name":"Harney","fips":"41025"},"id":"Harney","arcs":[[85,86,-80,-75,-66,-78]]},{"type":"Polygon","properties":{"name":"Douglas","fips":"41019"},"id":"Douglas","arcs":[[87,88,89,90,-83,91,92]]},{"type":"Polygon","properties":{"name":"Klamath","fips":"41035"},"id":"Klamath","arcs":[[93,-92,-85,-82,94,95]]},{"type":"Polygon","properties":{"name":"Lake","fips":"41037"},"id":"Lake","arcs":[[-95,-81,-87,96]]},{"type":"Polygon","properties":{"name":"Coos","fips":"41011"},"id":"Coos","arcs":[[97,-90,98]]},{"type":"Polygon","properties":{"name":"Jackson","fips":"41029"},"id":"Jackson","arcs":[[99,100,-93,-94]]},{"type":"Polygon","properties":{"name":"Curry","fips":"41015"},"id":"Curry","arcs":[[101,-99,-89,102]]},{"type":"Polygon","properties":{"name":"Josephine","fips":"41033"},"id":"Josephine","arcs":[[-103,-88,-101,103]]}]}},"arcs":[[[721,8915],[25,225],[-50,167],[93,165],[-69,448],[226,-214],[21,77],[-54,116],[74,38],[54,-94],[58,11],[190,145],[189,-216]],[[1478,9783],[4,-879]],[[1482,8904],[-446,-6],[0,13],[-315,4]],[[2015,8770],[-1,35],[-81,-1],[1,31],[-48,2],[-1,68],[-403,-1]],[[1478,9783],[73,1],[69,-2],[45,61],[45,32],[71,-10],[84,-55],[95,-107],[92,-73],[30,-123],[83,-196],[2,-93],[28,-86],[-1,-41],[-4,-118],[29,-93],[-10,-78]],[[2209,8802],[-31,-5],[-1,-24],[-162,-3]],[[6330,9242],[73,7],[95,36],[153,-24],[48,7],[133,96],[62,77],[1224,6],[12,-4]],[[8130,9443],[11,-351]],[[8141,9092],[2,-97],[-85,-10],[-2,-97],[-30,-3],[2,-197],[-63,-5],[10,-505],[-103,-5],[0,-96],[-208,-2],[-2,15],[-22,0],[-1,19],[-38,-1],[0,-32],[-15,-3],[-2,-172],[-234,-4],[-1,-30],[-50,-4],[-1,15],[-49,-1],[-1,-202],[47,-2],[0,-139],[136,-3],[2,-268],[34,-4],[-1,-201]],[[7466,7058],[-792,6]],[[6674,7064],[-1,205],[22,0],[-7,1015],[-135,-1],[0,200],[-228,9],[5,750]],[[9607,7268],[-579,-5]],[[9028,7263],[1,205],[-283,2],[-2,101],[-46,4],[1,121],[-25,1],[0,73],[-23,1],[0,33],[-30,0],[-3,68],[-67,-6],[-1,71],[-29,3],[-3,138],[-23,1],[-4,215],[-43,2],[-4,228],[-23,1],[-4,98],[-25,5],[0,61],[-20,4],[-2,202],[51,3],[-5,204],[-275,-10]],[[8130,9443],[469,1],[150,-1],[695,-11],[26,-35],[52,-181],[80,-135],[22,-62],[87,-1],[61,-91],[115,-78],[40,-86],[17,-109],[55,-137],[-10,-95],[-94,-170],[-14,-80],[-131,-293],[-21,-172],[-59,-294],[-31,-73],[-20,-16],[-12,-56]],[[6674,7064],[-633,-3]],[[6041,7061],[-147,-3],[0,178]],[[5894,7236],[1,28],[43,-1],[-3,205],[-151,5],[2,197],[-147,3],[4,1326]],[[5643,8999],[154,48],[45,24],[192,25],[69,111],[41,32],[95,-33],[91,36]],[[9028,7263],[-379,-11],[-2,-189],[-267,-5],[-85,147],[-28,2],[-29,-48],[3,-62],[-145,-31],[-68,37],[-21,49],[-27,21],[-90,-57],[-47,-53],[-43,-94]],[[7800,6969],[-57,13],[-88,52],[-79,-39],[-67,59],[-43,4]],[[5028,7227],[-24,49]],[[5004,7276],[2,36],[58,4],[10,82],[-18,21],[-17,108],[-60,19],[-12,18],[12,15],[-21,61],[13,32],[-13,13],[6,81],[23,-3],[-25,35],[24,214],[15,31],[39,15],[-3,17],[-32,10],[26,11],[12,58],[-14,31],[29,15],[67,-15],[12,10],[-27,19],[0,38],[63,-11],[12,25],[-19,44],[17,19],[-44,42],[-7,61],[-35,51],[-19,57],[-35,18],[-24,62],[-28,29],[-39,12],[-27,58],[-82,62],[-21,33]],[[4822,8814],[43,26],[66,-6],[88,-107],[69,-15],[198,64],[94,8],[63,97],[108,45],[92,73]],[[5894,7236],[-866,-9]],[[1033,7251],[0,-73]],[[1033,7178],[-351,-3]],[[682,7175],[63,604],[-29,452],[54,54],[55,-80],[40,59],[-116,164],[22,316],[-50,171]],[[1482,8904],[0,-161],[-149,-10],[0,-61],[23,-2],[0,-34],[25,-3],[0,-31],[24,-2],[0,-32],[52,0],[2,-32],[52,0],[2,-38],[44,-2],[2,-25],[-19,-2],[-1,-34],[-61,-6],[-1,-63],[-43,-3],[-3,-35],[-27,-1],[-1,-33],[-24,-3],[2,-52],[-24,-4],[0,-100],[-27,-4],[-1,-42],[26,-2]],[[1355,8087],[-1,-510],[-393,3],[-5,-323],[77,-6]],[[2245,8090],[0,-231],[-76,0],[0,36],[-53,2],[0,-69],[-26,-4]],[[2090,7824],[-48,0],[-2,64],[-79,0],[-1,39],[-23,3],[1,32],[-28,0],[-2,32],[-20,2],[-1,29],[-103,1],[-4,34],[-25,1],[-1,38],[-399,-12]],[[2015,8770],[1,-203],[19,-2],[1,-35],[26,2],[1,-32],[28,1],[1,-36],[26,-2],[0,-30],[20,-3],[-1,-33],[32,-1],[1,-30],[23,-2],[0,-32],[29,-3],[1,-29],[23,-2],[-1,-208]],[[5004,7276],[-264,4],[7,62],[-14,34],[-103,84],[-48,64],[-81,26],[-93,-5],[-32,42],[1,141],[-24,15],[75,68],[15,-21],[20,1],[15,32],[-8,33],[22,13],[12,48],[24,12],[24,57],[25,6],[1,52],[18,47],[-16,33],[38,149],[-3,16],[-57,30],[-29,40],[-8,45],[17,56],[-24,125]],[[4514,8585],[57,70],[204,107],[47,52]],[[3394,8160],[-1045,-8],[6,-63],[-110,1]],[[2209,8802],[15,-184],[79,-43],[56,-57],[106,-28],[159,-71],[99,3],[66,-54],[72,12],[202,100],[101,64],[34,42],[56,15]],[[3254,8601],[14,-144],[21,-55],[-18,-26],[1,-50],[24,-40],[32,-4],[17,-58],[49,-64]],[[3557,7682],[-4,46],[18,35],[-33,111],[-9,95],[-20,36],[-94,46],[-21,109]],[[3254,8601],[48,82],[96,56],[64,-26],[65,-2],[219,72],[107,-58]],[[3853,8725],[3,-429],[-52,-6],[3,-605],[-250,-3]],[[3469,6665],[1,132]],[[3470,6797],[30,15],[1,26],[-42,91],[-40,-6],[3,51],[-22,70],[1,39],[59,75],[54,10],[10,33],[60,55],[-4,76],[-57,49],[-39,138],[5,32],[67,69],[1,62]],[[3853,8725],[25,-10],[67,22],[59,-8],[54,-43],[77,-30],[14,-19],[14,-104],[22,-30],[60,16],[64,93],[50,14],[80,-18],[25,12],[50,-35]],[[5028,7227],[19,-296],[12,-24],[3,-62],[24,-2],[9,-17],[-18,-26],[-1,-40],[49,-36],[40,-63]],[[5165,6661],[-1696,4]],[[2093,7681],[-3,143]],[[3470,6797],[-795,6],[-10,29],[-52,14],[-30,36],[-50,12],[-8,30],[-50,61],[-14,50],[-20,13],[-9,66],[-108,74],[-58,107],[-72,77],[10,69],[27,25],[7,26],[12,88],[-6,101],[-44,6],[-3,32],[-49,4],[-23,-33],[-32,-9]],[[1840,7251],[-807,0]],[[2093,7681],[-92,28],[-33,41],[-47,-58],[10,-79],[-47,-13],[-13,-26],[2,-29],[26,-5],[21,-62],[1,-16],[-28,-28],[34,-79],[-24,-35],[-39,4],[9,-54],[-33,-19]],[[1773,6470],[-27,26],[-4,51],[6,23],[59,36],[4,17],[-25,32],[-69,19],[-12,51],[42,53],[13,59],[27,29],[2,35],[47,25],[45,52],[2,47],[-46,74],[21,107],[-18,45]],[[3469,6665],[-60,-26],[-12,-27],[4,-62],[45,-31],[-35,-78],[4,-109]],[[3415,6332],[-293,10],[-135,75],[-56,-54],[-32,-11],[-17,7],[-33,73],[-53,67],[-227,5],[-40,-12],[-33,38],[-59,24],[-28,27],[-86,-26],[-91,43],[-57,0],[-75,-90],[-47,-37],[-30,-1],[-38,-35],[-34,-80],[-27,-18],[-17,20],[2,51],[-43,51],[-76,30],[-17,-19]],[[9076,5444],[-329,-5],[-3,191],[-23,1],[-2,40],[-26,3],[-2,31],[-45,4],[1,27],[-30,2],[-3,34],[-461,-3],[0,-30],[-59,-8],[1,-43],[-26,-2],[0,-53],[-24,-3],[-1,-40],[-26,-6],[2,-29],[-23,-3],[2,-60],[-28,-5],[0,-28],[-28,-5],[0,-34],[-23,-5],[1,-64],[-53,-4],[-2,-30],[-42,-1]],[[7824,5316],[-337,2],[-1,15],[19,136],[88,122],[-18,82],[7,68],[18,35],[53,28],[-7,148],[24,57],[40,38],[12,48],[-52,134],[-103,12],[-64,38],[-30,40],[-4,59],[63,7],[16,32],[42,3],[60,56],[25,4],[39,-26],[32,10],[13,68],[-48,164],[29,43],[74,16],[14,26],[-17,53],[15,76],[-26,59]],[[9607,7268],[-24,-61],[-59,-77],[8,-40],[-9,-47],[9,-20],[21,2],[-20,-42],[15,-81],[-39,-121],[-38,-48],[-15,-46],[-52,-124],[-109,-64],[-33,-121],[-16,-19],[-63,-275],[-17,-31],[-1,-58],[-52,-54],[-21,-61],[-25,-31],[9,-106],[-24,-89],[43,-119],[-19,-91]],[[1745,6412],[-564,-3]],[[1181,6409],[-117,2],[-2,33],[-29,-1],[0,735]],[[1773,6470],[-28,-58]],[[5164,6050],[-4,442],[-21,101],[26,21],[0,47]],[[6041,7061],[5,-403],[15,-5],[4,-1216]],[[6065,5437],[-302,7],[-1,188],[-152,6],[-5,112],[-439,-1],[-2,301]],[[545,5371],[79,924],[-26,359],[84,521]],[[1181,6409],[2,-162],[10,-4],[-6,-505],[-145,2],[1,-111],[-25,1],[2,-101],[-101,-4],[-3,-62],[54,-8],[-1,-72]],[[969,5383],[-207,-4],[-4,-16],[-213,8]],[[7824,5316],[6,-509]],[[7830,4807],[-149,-6],[-1,15],[-582,18],[-2,-200],[-1036,-6]],[[6060,4628],[5,809]],[[3362,5649],[-9,93],[56,313],[6,277]],[[5164,6050],[-553,-6],[2,-197],[-199,-1],[-1,-203],[-148,-5]],[[4265,5638],[-903,11]],[[1680,5389],[6,52],[-35,49],[-16,2],[19,92],[-23,9],[4,23],[20,6],[-10,72],[31,83],[-12,33],[-2,144],[-22,70],[-27,8],[1,24],[27,34],[60,12],[-8,33],[26,72],[116,47],[-17,55],[-49,33],[-24,70]],[[3362,5649],[-6,-117],[15,-60],[0,-77],[36,-63]],[[3407,5332],[-634,-22],[-18,-67],[-52,-42],[-43,31],[-51,-8],[-70,34],[-15,-11],[-34,27],[-27,-11],[-193,128],[-87,3],[-36,-19],[-38,24],[-9,-66],[-54,-2],[-5,-136],[-293,-13],[-15,17],[7,55],[-26,51],[-3,71],[-31,13]],[[1680,5389],[-639,-16],[1,11],[-73,-1]],[[6060,4628],[-148,-1],[2,-617],[-146,-4]],[[5768,4006],[-448,0],[-1,201],[-156,2],[0,218],[-451,1],[0,198],[-294,7],[-3,398],[-138,6],[-12,601]],[[9076,5444],[4,-38],[53,-74],[34,-6],[38,45],[15,-6],[24,-55],[36,-29],[27,42],[46,-5],[21,-52],[-7,-64],[85,-49],[13,-72],[-55,-126],[-20,-6],[-17,-39],[53,-140],[-42,-120],[10,-82],[-23,-57],[0,-73],[-9,-33],[-38,-15],[7,-31],[-21,-19],[-11,-74],[16,-110],[-3,-175],[9,-3964],[-1442,4]],[[7879,21],[-4,626],[-21,5],[-4,1506],[-12,0],[-8,2649]],[[3163,3817],[32,44],[-13,40],[22,128],[-10,311],[59,179],[66,-14],[16,86],[40,55],[17,185],[60,118],[2,53],[-27,62],[19,115],[-39,153]],[[5768,4006],[-3,-202]],[[5765,3804],[-1772,15]],[[3993,3819],[-830,-2]],[[2983,3408],[-727,-5],[-3,237],[-455,-7],[-2,148],[-33,4],[-6,413],[-257,2],[-1,68],[-149,10],[-4,42],[-72,4],[-1,83],[-56,6],[-1,51],[-52,4],[-3,70],[-48,3],[0,30],[-57,4],[-1,21],[-159,-1],[-1,-25],[-22,-8],[-2,-29],[-18,-25],[-71,-26],[-2,-66],[-22,0],[-1,-36],[-141,-4],[-4,23],[-116,1]],[[496,4400],[49,971]],[[3163,3817],[-39,-19],[-117,-142],[-16,-77],[22,-19],[4,-26],[-34,-126]],[[7879,21],[-1391,-18],[-51,0]],[[6437,3],[-9,298],[4,1457],[-716,-6],[3,402],[19,3],[-7,623],[39,2],[-5,1022]],[[1636,1680],[-12,-2],[-5,52],[-70,13],[0,-13],[-19,-4],[0,17],[-93,-14],[0,-20],[-38,-4],[-1,-15],[-54,-23],[-1,13],[-28,-2],[0,19],[-55,-3],[0,14],[-33,2],[0,35],[-21,-3],[0,21],[-116,2],[-1,21],[-21,-1],[-1,-20],[-29,-2],[1,84],[-13,-1]],[[1026,1846],[-52,52],[-34,-13]],[[940,1885],[-2,55],[-14,0],[-5,418],[65,5],[-3,195],[69,4],[3,403],[-74,3],[-4,404],[-58,3],[-2,198],[-74,2],[-3,229],[-426,3]],[[412,3807],[84,593]],[[2983,3408],[58,-29],[25,-42],[30,-22],[8,-51],[48,-86],[5,-117],[26,-86],[-14,-46],[-37,-50],[-31,-127],[-17,-20],[-6,-80],[-29,-63],[14,-63],[-247,3],[3,-162]],[[2819,2367],[-146,-7],[-2,-24],[-23,-5],[-1,-32],[-24,-7],[-2,-32],[-20,-1],[-1,-23],[-119,-9],[-2,-31],[-26,-3],[-2,-33],[-26,-2],[-2,-33],[-45,-3],[-2,-34],[-48,-6],[-1,-28],[-25,-3],[-1,-33],[-24,-5],[0,-29],[-22,-2],[-1,-29],[-49,0],[-5,-60],[-20,-5],[-1,-28],[-186,-24],[-25,-13],[-1,-22],[-229,-3],[0,-41],[-29,-1],[-40,-65],[-33,-11]],[[2812,31],[0,1114],[14,1],[-7,1221]],[[3993,3819],[-1,-622],[-21,-6],[9,-1418],[420,1],[1,-15],[137,-1],[20,-1758]],[[4558,0],[-704,16],[-1042,15]],[[6437,3],[-793,1],[-1086,-4]],[[92,2278],[122,720],[-24,91],[163,374],[59,344]],[[940,1885],[-46,-7],[-2,-22],[-33,0],[-1,-12],[-67,-3],[1,-73],[-15,-2],[1,-33],[-17,-2],[0,-31],[-23,-5],[0,-22],[-24,-5],[-4,-27],[-124,-2],[-1,-18],[-42,-9],[-4,151],[-33,2],[-9,134],[-1,50],[11,1],[2,25],[18,4],[0,79],[-13,27],[-15,1],[-2,21],[-39,18],[-3,25],[-23,3],[13,37],[-14,3],[-1,25],[-23,2],[-1,24],[-27,3],[0,27],[-287,4]],[[2812,31],[-1159,3]],[[1653,34],[-6,1630],[-11,16]],[[915,12],[-478,11],[-181,238],[-77,347],[-28,432],[56,291],[-11,164],[-196,493],[92,290]],[[1026,1846],[-39,-169],[-64,-142],[-17,-130],[-36,-43],[7,-59],[-21,-31],[-6,-48],[-26,-34],[-29,-7],[-37,22],[-68,-29],[10,-86],[-8,-80],[-43,-31],[-31,-47],[2,-25],[23,-15],[12,-37],[108,-1],[74,-31],[17,-44],[25,-15],[35,-150],[35,-59],[-26,-82],[5,-47],[-44,-60],[-5,-44],[28,-98],[-20,-104],[28,-108]],[[1653,34],[-360,-10],[-378,-12]]],"transform":{"scale":[0.0008090007116362636,0.00042488442674982503],"translate":[-124.55961689368229,41.987672183888144]}}