{"type":"Topology","objects":{"Rhode_Island.geo":{"type":"GeometryCollection","geometries":[{"type":"Polygon","properties":{"name":"Providence","fips":"44007"},"id":"Providence","arcs":[[0,1,2,3]]},{"type":"Polygon","properties":{"name":"Bristol","fips":"44001"},"id":"Bristol","arcs":[[-2,4]]},{"type":"Polygon","properties":{"name":"Kent","fips":"44003"},"id":"Kent","arcs":[[-4,5,6,7]]},{"type":"MultiPolygon","properties":{"name":"Newport","fips":"44005"},"id":"Newport","arcs":[[[8]],[[9]]]},{"type":"Polygon","properties":{"name":"Washington","fips":"44009"},"id":"Washington","arcs":[[-7,10]]}]}},"arcs":[[[1046,5772],[-128,4090],[4008,72],[1584,65],[-50,-499],[-20,-1314],[678,110],[-125,-293],[106,-259],[-146,-647],[76,-416],[273,-177]],[[7302,6504],[-641,-447]],[[6661,6057],[-350,287]],[[6311,6344],[-297,-15],[-301,-158],[-206,-278],[-4461,-121]],[[7302,6504],[703,-325],[502,-609],[-734,-407],[-1112,894]],[[6311,6344],[328,-837],[-670,-739]],[[5969,4768],[-755,-289],[-162,-423],[-4032,-25]],[[1020,4031],[-32,585],[58,1156]],[[8909,5148],[769,-336],[321,-2348],[-1105,-430],[15,3114]],[[7971,4320],[663,208],[-256,-2327],[-658,127],[-821,-547],[1072,2539]],[[5969,4768],[-108,-2396],[-835,-1369],[-3099,-938],[-1927,-65],[252,37],[146,241],[-122,895],[577,174],[167,2684]]],"transform":{"scale":[0.00007496206668994735,0.00006910127297927123],"translate":[-71.86667842229224,41.322769668931414]}}