{"type":"Topology","objects":{"Wisconsin.geo":{"type":"GeometryCollection","geometries":[{"type":"Polygon","properties":{"name":"Bayfield","fips":"55007"},"id":"Bayfield","arcs":[[0,1,2,3]]},{"type":"Polygon","properties":{"name":"Douglas","fips":"55031"},"id":"Douglas","arcs":[[4,-1,5,6]]},{"type":"Polygon","properties":{"name":"Ashland","fips":"55003"},"id":"Ashland","arcs":[[-3,7,8,9,10]]},{"type":"Polygon","properties":{"name":"Iron","fips":"55051"},"id":"Iron","arcs":[[11,12,-9,13]]},{"type":"Polygon","properties":{"name":"Washburn","fips":"55129"},"id":"Washburn","arcs":[[14,-6,15,16]]},{"type":"Polygon","properties":{"name":"Sawyer","fips":"55113"},"id":"Sawyer","arcs":[[17,18,-16,-4,-11]]},{"type":"Polygon","properties":{"name":"Burnett","fips":"55013"},"id":"Burnett","arcs":[[19,20,21,-7,-15]]},{"type":"Polygon","properties":{"name":"Price","fips":"55099"},"id":"Price","arcs":[[22,23,24,25,-18,-10,-13,26]]},{"type":"Polygon","properties":{"name":"Polk","fips":"55095"},"id":"Polk","arcs":[[27,-21,28,29]]},{"type":"Polygon","properties":{"name":"Barron","fips":"55005"},"id":"Barron","arcs":[[-20,-17,30,31,32,-29]]},{"type":"Polygon","properties":{"name":"Rusk","fips":"55107"},"id":"Rusk","arcs":[[33,34,-31,-19,-26]]},{"type":"Polygon","properties":{"name":"Taylor","fips":"55119"},"id":"Taylor","arcs":[[-34,-25,35,36,37,38]]},{"type":"Polygon","properties":{"name":"Chippewa","fips":"55017"},"id":"Chippewa","arcs":[[39,40,-32,-35,-39,41]]},{"type":"Polygon","properties":{"name":"St. Croix","fips":"55109"},"id":"St. Croix","arcs":[[42,43,-30,44]]},{"type":"Polygon","properties":{"name":"Dunn","fips":"55033"},"id":"Dunn","arcs":[[45,46,-45,-33,-41,47]]},{"type":"Polygon","properties":{"name":"Clark","fips":"55019"},"id":"Clark","arcs":[[48,49,50,-42,-38,51]]},{"type":"Polygon","properties":{"name":"Pierce","fips":"55093"},"id":"Pierce","arcs":[[-47,52,53,-43]]},{"type":"Polygon","properties":{"name":"Eau Claire","fips":"55035"},"id":"Eau Claire","arcs":[[54,55,-48,-40,-51,56,57]]},{"type":"Polygon","properties":{"name":"Wood","fips":"55141"},"id":"Wood","arcs":[[58,59,60,61,62,-49]]},{"type":"Polygon","properties":{"name":"Pepin","fips":"55091"},"id":"Pepin","arcs":[[-53,-46,-56,63,64]]},{"type":"Polygon","properties":{"name":"Buffalo","fips":"55011"},"id":"Buffalo","arcs":[[65,66,-64,-55]]},{"type":"Polygon","properties":{"name":"Trempealeau","fips":"55121"},"id":"Trempealeau","arcs":[[67,-66,-58,68,69]]},{"type":"Polygon","properties":{"name":"Jackson","fips":"55053"},"id":"Jackson","arcs":[[-69,-57,-50,-63,70,71,72]]},{"type":"Polygon","properties":{"name":"Juneau","fips":"55057"},"id":"Juneau","arcs":[[73,74,-71,-62,75,76]]},{"type":"Polygon","properties":{"name":"Monroe","fips":"55081"},"id":"Monroe","arcs":[[77,-72,-75,78]]},{"type":"Polygon","properties":{"name":"La Crosse","fips":"55063"},"id":"La Crosse","arcs":[[79,80,-70,-73,-78]]},{"type":"Polygon","properties":{"name":"Vernon","fips":"55123"},"id":"Vernon","arcs":[[81,82,-80,-79,-74,83,84]]},{"type":"Polygon","properties":{"name":"Richland","fips":"55103"},"id":"Richland","arcs":[[85,86,-85,87,88]]},{"type":"Polygon","properties":{"name":"Crawford","fips":"55023"},"id":"Crawford","arcs":[[-82,-87,89,90]]},{"type":"Polygon","properties":{"name":"Iowa","fips":"55049"},"id":"Iowa","arcs":[[91,92,93,94,95,-89]]},{"type":"Polygon","properties":{"name":"Grant","fips":"55043"},"id":"Grant","arcs":[[-90,-86,-96,96,97]]},{"type":"Polygon","properties":{"name":"Lafayette","fips":"55065"},"id":"Lafayette","arcs":[[98,-97,-95,99]]},{"type":"Polygon","properties":{"name":"Vilas","fips":"55125"},"id":"Vilas","arcs":[[-27,-12,100,101,102]]},{"type":"Polygon","properties":{"name":"Forest","fips":"55041"},"id":"Forest","arcs":[[103,-102,104,105,106,107,108]]},{"type":"Polygon","properties":{"name":"Florence","fips":"55037"},"id":"Florence","arcs":[[109,110,-106]]},{"type":"Polygon","properties":{"name":"Oneida","fips":"55085"},"id":"Oneida","arcs":[[-104,111,112,-23,-103]]},{"type":"Polygon","properties":{"name":"Marinette","fips":"55075"},"id":"Marinette","arcs":[[113,-107,-111,114]]},{"type":"Polygon","properties":{"name":"Lincoln","fips":"55069"},"id":"Lincoln","arcs":[[115,116,-36,-24,-113]]},{"type":"Polygon","properties":{"name":"Langlade","fips":"55067"},"id":"Langlade","arcs":[[117,-116,-112,-109,118,119,120]]},{"type":"Polygon","properties":{"name":"Oconto","fips":"55083"},"id":"Oconto","arcs":[[121,122,123,124,-119,-108,-114]]},{"type":"MultiPolygon","properties":{"name":"Door","fips":"55029"},"id":"Door","arcs":[[[125]],[[126,127]]]},{"type":"Polygon","properties":{"name":"Marathon","fips":"55073"},"id":"Marathon","arcs":[[-52,-37,-117,-118,128,129,-59]]},{"type":"Polygon","properties":{"name":"Menominee","fips":"55078"},"id":"Menominee","arcs":[[130,-120,-125]]},{"type":"Polygon","properties":{"name":"Shawano","fips":"55115"},"id":"Shawano","arcs":[[-129,-121,-131,-124,131,132,133]]},{"type":"Polygon","properties":{"name":"Kewaunee","fips":"55061"},"id":"Kewaunee","arcs":[[134,135,-128,136,137]]},{"type":"Polygon","properties":{"name":"Portage","fips":"55097"},"id":"Portage","arcs":[[138,-60,-130,139,140]]},{"type":"Polygon","properties":{"name":"Waupaca","fips":"55135"},"id":"Waupaca","arcs":[[141,-140,-134,142,143]]},{"type":"Polygon","properties":{"name":"Brown","fips":"55009"},"id":"Brown","arcs":[[-132,-123,144,-135,145,146,147]]},{"type":"Polygon","properties":{"name":"Outagamie","fips":"55087"},"id":"Outagamie","arcs":[[148,-143,-133,-148,149]]},{"type":"Polygon","properties":{"name":"Manitowoc","fips":"55071"},"id":"Manitowoc","arcs":[[150,151,152,-146,-138]]},{"type":"Polygon","properties":{"name":"Adams","fips":"55001"},"id":"Adams","arcs":[[153,-76,-61,-139,154,155]]},{"type":"Polygon","properties":{"name":"Waushara","fips":"55137"},"id":"Waushara","arcs":[[156,-155,-141,-142,157,158]]},{"type":"Polygon","properties":{"name":"Winnebago","fips":"55139"},"id":"Winnebago","arcs":[[159,160,-158,-144,-149,161]]},{"type":"Polygon","properties":{"name":"Calumet","fips":"55015"},"id":"Calumet","arcs":[[-153,162,163,-162,-150,-147]]},{"type":"Polygon","properties":{"name":"Marquette","fips":"55077"},"id":"Marquette","arcs":[[-156,-157,164,165]]},{"type":"Polygon","properties":{"name":"Green Lake","fips":"55047"},"id":"Green Lake","arcs":[[166,167,-165,-159,-161,168]]},{"type":"Polygon","properties":{"name":"Fond du Lac","fips":"55039"},"id":"Fond du Lac","arcs":[[-169,-160,-164,169,170,171]]},{"type":"Polygon","properties":{"name":"Sheboygan","fips":"55117"},"id":"Sheboygan","arcs":[[-163,-152,172,173,174,-170]]},{"type":"Polygon","properties":{"name":"Columbia","fips":"55021"},"id":"Columbia","arcs":[[175,-154,-166,-168,176,177]]},{"type":"Polygon","properties":{"name":"Sauk","fips":"55111"},"id":"Sauk","arcs":[[-92,-88,-84,-77,-176,178]]},{"type":"Polygon","properties":{"name":"Dodge","fips":"55027"},"id":"Dodge","arcs":[[179,-177,-167,-172,180,181,182]]},{"type":"Polygon","properties":{"name":"Washington","fips":"55131"},"id":"Washington","arcs":[[183,-181,-171,-175,184]]},{"type":"Polygon","properties":{"name":"Ozaukee","fips":"55089"},"id":"Ozaukee","arcs":[[-185,-174,185,186]]},{"type":"Polygon","properties":{"name":"Dane","fips":"55025"},"id":"Dane","arcs":[[187,188,-93,-179,-178,-180,189]]},{"type":"Polygon","properties":{"name":"Jefferson","fips":"55055"},"id":"Jefferson","arcs":[[190,-190,-183,191,192]]},{"type":"Polygon","properties":{"name":"Waukesha","fips":"55133"},"id":"Waukesha","arcs":[[193,194,-192,-182,-184,195]]},{"type":"Polygon","properties":{"name":"Milwaukee","fips":"55079"},"id":"Milwaukee","arcs":[[-196,-187,196,197]]},{"type":"Polygon","properties":{"name":"Green","fips":"55045"},"id":"Green","arcs":[[198,199,-100,-94,-189]]},{"type":"Polygon","properties":{"name":"Rock","fips":"55105"},"id":"Rock","arcs":[[200,-199,-188,-191,201]]},{"type":"Polygon","properties":{"name":"Walworth","fips":"55127"},"id":"Walworth","arcs":[[-202,-193,-195,202,203,204]]},{"type":"Polygon","properties":{"name":"Racine","fips":"55101"},"id":"Racine","arcs":[[-203,-194,-198,205,206]]},{"type":"Polygon","properties":{"name":"Kenosha","fips":"55059"},"id":"Kenosha","arcs":[[207,-204,-207]]}]}},"arcs":[[[2249,8222],[-2,1339]],[[2247,9561],[1172,438],[148,-72],[-5,-83],[-252,-667]],[[3310,9177],[-15,-687],[16,-275]],[[3311,8215],[-1062,7]],[[1008,8216],[0,581],[3,544],[132,-27],[191,215],[155,-132],[140,-8],[618,172]],[[2249,8222],[-835,-3]],[[1414,8219],[-406,-3]],[[3310,9177],[331,135],[320,-131]],[[3961,9181],[-5,-767],[208,-11],[2,-185],[190,-7],[9,-380]],[[4365,7831],[-634,-13]],[[3731,7818],[-414,3],[-6,394]],[[5002,8546],[1,-720],[-192,-1]],[[4811,7825],[-446,6]],[[3961,9181],[225,-42],[38,-65],[121,27],[19,-16],[4,-44],[52,-5],[19,-31],[79,-6],[85,-143],[33,-108],[45,-65],[6,-55],[315,-82]],[[1440,7059],[-1,762],[-24,1],[-1,397]],[[2249,8222],[7,-374],[15,-2],[1,-785]],[[2272,7061],[-832,-2]],[[3731,7818],[0,-766]],[[3731,7052],[-1459,9]],[[1440,7059],[-211,-4]],[[1229,7055],[-1,193],[-628,8],[-12,-186],[-588,0]],[[0,7070],[43,147],[44,45],[93,73],[51,166],[25,17],[47,103],[67,55],[192,80],[49,70],[104,-3],[63,99],[101,-20],[32,14],[32,77],[64,36],[1,187]],[[4810,7635],[-4,-768]],[[4806,6867],[-4,-382]],[[4802,6485],[-1068,-10]],[[3734,6475],[-3,577]],[[4811,7825],[-1,-190]],[[220,6101],[15,191],[66,46],[38,100],[61,73],[6,98],[-16,36],[-52,33],[-72,173],[-58,38],[-123,-2],[-71,35],[-14,148]],[[1229,7055],[-7,-953]],[[1222,6102],[-1002,-1]],[[2272,7061],[-2,-779]],[[2270,6282],[-2,-184],[-204,-1]],[[2064,6097],[-842,5]],[[3734,6475],[-417,-3],[-6,-190]],[[3311,6282],[-1041,0]],[[4802,6485],[1,-581]],[[4803,5904],[-258,-6],[2,-197],[-192,-5]],[[4355,5696],[-1035,-3]],[[3320,5693],[-9,589]],[[3315,5306],[-1233,-5]],[[2082,5301],[5,602],[-19,2],[-4,192]],[[3320,5693],[-5,-387]],[[1262,5302],[-1057,14]],[[205,5316],[-13,84],[30,35],[7,46],[-29,146],[7,48],[-57,97],[87,106],[0,97],[-29,68],[12,58]],[[1222,6102],[2,-197],[32,-5],[6,-598]],[[2081,4910],[-813,-2]],[[1268,4908],[-6,394]],[[2082,5301],[-1,-391]],[[4349,4913],[-5,-581]],[[4344,4332],[-816,-1],[-4,193],[-205,8],[-3,181]],[[3316,4713],[-1,593]],[[4355,5696],[-6,-783]],[[1268,4908],[-2,-309],[-311,-3]],[[955,4596],[-35,27],[-284,50],[-169,79],[-36,72],[-180,159],[-116,73],[75,200],[-5,60]],[[2290,4716],[-206,8]],[[2084,4724],[-3,186]],[[3316,4713],[-408,2]],[[2908,4715],[-618,1]],[[4349,4913],[799,0]],[[5148,4913],[5,-387],[187,-6],[5,-580]],[[5345,3940],[-277,3]],[[5068,3943],[-717,9]],[[4351,3952],[-7,380]],[[2084,4724],[-615,-4],[-39,-62],[-19,-127],[-69,-215]],[[1342,4316],[-194,51],[-73,40],[-80,80],[-40,109]],[[2290,4716],[0,-779],[-134,-88],[23,-31],[-25,-55],[75,-61],[40,-98],[-25,-37],[-20,-104]],[[2224,3463],[-55,13],[-85,59],[-171,157],[-161,121],[-68,149],[-57,69],[0,65],[-28,48],[-56,57],[-201,115]],[[2466,3352],[-173,109],[-69,2]],[[2908,4715],[0,-774],[26,-2],[1,-383]],[[2935,3556],[-57,28],[-74,-68],[-65,27],[-65,-14],[-55,-38],[-19,-32],[27,-101],[-161,-6]],[[4351,3952],[-3,-210]],[[4348,3742],[-999,4],[-66,-21],[-45,-39],[-7,-136]],[[3231,3550],[-296,6]],[[4344,2584],[1,195]],[[4345,2779],[3,963]],[[5068,3943],[-9,-44],[-27,-29],[7,-70],[-28,-54],[-72,2],[-14,-49],[-73,-68],[1,-116],[26,-90],[55,-55],[23,-147],[-25,-38],[23,-95],[178,-229],[48,-165],[55,-68],[11,-40]],[[5247,2588],[-903,-4]],[[3335,2770],[-4,774],[-100,6]],[[4345,2779],[-206,-14],[-804,5]],[[3335,2770],[-587,-7]],[[2748,2763],[13,147],[-69,132],[-137,224],[-89,86]],[[3744,2090],[-915,4]],[[2829,2094],[-42,91],[21,81],[-29,108],[13,112],[-43,176],[-1,101]],[[4344,2584],[-2,-189]],[[4342,2395],[-596,-3],[-2,-302]],[[4151,1593],[-186,19],[-216,-68]],[[3749,1544],[-5,546]],[[4342,2395],[204,-2],[4,-871]],[[4550,1522],[-106,72],[-55,1],[-43,23],[-93,-2],[-102,-23]],[[3749,1544],[-39,-10],[-30,-47],[-169,-125],[-233,-90],[-174,-130],[-50,-12],[-125,17]],[[2929,1147],[-13,179],[-15,4],[12,145],[156,247],[4,51],[-20,73],[-166,91],[-36,37],[-22,120]],[[4550,1522],[163,-7],[55,-30],[100,98],[162,-6],[121,35]],[[5151,1612],[2,-790]],[[5153,822],[-4,-102]],[[5149,720],[-992,8]],[[4157,728],[-6,865]],[[4157,728],[9,-685]],[[4166,43],[-369,2],[21,43],[-23,61],[-42,35],[-52,149],[-85,43],[-249,48],[-45,5],[-135,59],[-113,85],[-27,86],[-19,197],[-77,122],[-22,169]],[[5155,32],[-151,2],[-838,9]],[[5149,720],[6,-688]],[[5002,8546],[1394,-355],[194,-101],[101,-60]],[[6691,8030],[-6,-199],[-190,-5],[-4,-193]],[[6491,7633],[-210,-1],[-3,-79],[-206,1],[-3,90],[-1259,-9]],[[6494,6673],[-3,960]],[[6691,8030],[205,-105],[17,22],[28,-9],[8,-25],[78,18],[39,-23],[44,2]],[[7110,7910],[-2,-83],[19,-4],[0,-570],[427,-12]],[[7554,7241],[-13,-774]],[[7541,6467],[-418,6]],[[7123,6473],[-422,10],[0,181],[-207,9]],[[7110,7910],[57,-60],[48,2],[30,48],[38,-15],[45,23],[56,-1],[36,-13],[17,-31],[50,4],[86,-39],[57,25],[82,-62],[37,-11],[71,11],[72,-43],[58,13],[51,-39],[66,-22],[29,-13],[-3,-64],[51,-41],[-95,-87],[-14,-34],[70,-63],[63,-12]],[[8168,7386],[-7,-159],[-607,14]],[[6494,6673],[-639,5]],[[5855,6678],[-2,195],[-1047,-6]],[[8680,5539],[-8,69],[-312,11],[-2,55],[-297,13],[-2,195],[-114,0],[1,192],[-204,5],[5,380],[-206,8]],[[8168,7386],[104,20],[35,-64],[161,-35],[53,-64],[69,-24],[1,-23],[40,-38],[-6,-19],[-61,-23],[-5,-25],[74,-92],[2,-29],[-19,-71],[-72,0],[40,-54],[27,-102],[-41,-73],[-79,-48],[18,-87],[-58,-90],[17,-9],[9,22],[11,-4],[35,-54],[22,28],[115,-12],[119,85],[78,-65],[-3,-31],[-100,-170],[-1,-57],[-25,-23],[-3,-56],[-24,-28],[11,-50],[96,-81],[13,-71],[141,-32],[-63,-85],[-3,-145],[-216,-68]],[[5855,6678],[-1,-781]],[[5854,5897],[-1051,7]],[[6199,5695],[-3,195],[-342,7]],[[7123,6473],[-2,-382],[62,-2],[3,-198]],[[7186,5891],[-585,1],[5,-198]],[[6606,5694],[-407,1]],[[8680,5539],[-155,-77],[15,-121],[-261,-342],[4,-97]],[[8283,4902],[-426,-5]],[[7857,4897],[-14,400],[-399,7]],[[7444,5304],[-5,585],[-253,2]],[[9886,6276],[82,18],[31,-131],[-47,-49],[-84,69],[33,-222],[-92,-6],[60,-116],[-73,-8],[7,-87],[-49,26],[-111,-184],[16,-110],[-62,-135],[-178,-167],[-114,87],[-46,165],[107,233],[99,84],[89,274],[90,-45],[189,317],[53,-13]],[[8721,4929],[185,322],[104,41],[2,-64],[200,153],[112,-178],[89,-38],[-99,-264]],[[9314,4901],[-606,-1],[13,29]],[[6199,5695],[1,-785]],[[6200,4910],[-1052,3]],[[7444,5304],[-415,0],[-6,191],[-411,4],[-6,195]],[[7857,4897],[0,-193]],[[7857,4704],[-609,7]],[[7248,4711],[-5,190],[-1043,9]],[[8655,4119],[-2,709]],[[8653,4828],[68,101]],[[9314,4901],[-170,-320],[-108,-462]],[[9036,4119],[-381,0]],[[5562,3933],[-217,7]],[[6200,4910],[1,-977]],[[6201,3933],[-639,0]],[[6767,3931],[-566,2]],[[7248,4711],[-221,-4],[-9,-774]],[[7018,3933],[-251,-2]],[[8283,4902],[-51,-86],[64,-97],[-63,60],[-47,-114],[126,-81],[67,9],[97,174],[177,61]],[[8655,4119],[-196,-3],[-6,-188],[-263,-5]],[[8190,3923],[-248,10]],[[7942,3933],[-6,763],[-79,8]],[[7581,3927],[-563,6]],[[7942,3933],[-361,-6]],[[9036,4119],[34,-341],[-214,-174],[-138,-457]],[[8718,3147],[-528,2]],[[8190,3149],[0,774]],[[5557,2589],[-310,-1]],[[5562,3933],[-1,-590]],[[5561,3343],[-4,-754]],[[6289,3348],[-728,-5]],[[6767,3931],[-6,-583]],[[6761,3348],[-472,0]],[[7574,3251],[-4,-92],[-806,-9]],[[6764,3150],[-3,198]],[[7581,3927],[-7,-676]],[[8190,3149],[-202,-3]],[[7988,3146],[-8,100],[-406,5]],[[6289,3348],[-4,-230],[-43,-5],[-5,-138],[7,-16],[42,-5],[-1,-88],[-59,-10],[-59,10],[-2,-276]],[[6165,2590],[-608,-1]],[[6762,2568],[-208,-5]],[[6554,2563],[-192,2],[-4,20],[-193,5]],[[6764,3150],[-2,-582]],[[7988,3146],[8,-778]],[[7996,2368],[-409,6]],[[7587,2374],[4,182],[-829,12]],[[8718,3147],[39,-494],[-141,-285]],[[8616,2368],[-415,-7]],[[8201,2361],[-205,7]],[[5353,1808],[-10,46],[50,84],[78,18],[81,41],[4,393],[-34,23],[-180,16],[-14,43],[-63,44],[-18,72]],[[6554,2563],[-4,-778]],[[6550,1785],[-597,-1],[-1,27],[-599,-3]],[[5353,1808],[-22,-78],[-62,-42],[-76,-7],[-42,-69]],[[6550,1596],[0,189]],[[7587,2374],[-13,-394],[-21,0],[1,-392]],[[7554,1588],[-208,2]],[[7346,1590],[-796,6]],[[8155,1581],[-601,7]],[[8201,2361],[-9,-396],[-33,2],[-4,-386]],[[8616,2368],[-28,-196],[-123,-224],[-24,-362]],[[8441,1586],[-286,-5]],[[6548,798],[-591,-8]],[[5957,790],[0,25],[-804,7]],[[6550,1596],[-2,-798]],[[6951,786],[-403,12]],[[7346,1590],[0,-800]],[[7346,790],[-395,-4]],[[8158,789],[-407,-2]],[[7751,787],[-405,3]],[[8155,1581],[3,-792]],[[8441,1586],[50,-272],[-54,-112],[94,-137],[28,-276]],[[8559,789],[-401,0]],[[5957,790],[1,-770]],[[5958,20],[-70,-1],[-733,13]],[[6962,4],[-294,0],[-710,16]],[[6951,786],[11,-782]],[[7751,787],[-3,-519]],[[7748,268],[3,-262]],[[7751,6],[-690,-5],[-99,3]],[[8559,789],[107,-143],[-59,-248]],[[8607,398],[-656,-5],[-2,-122],[-201,-3]],[[8607,398],[-10,-398],[-671,1],[-175,5]]],"transform":{"scale":[0.0005918276921417182,0.000446377305663278],"translate":[-92.88539735569007,42.48915284718098]}}