[{"id":"75535e36498682f0dc69b6d8d0468129","type":"Firm_Detail","url":"postgresql://10.96.148.95:5432/litquickwin/?key-val=624","properties":{"hours":["0.20"],"matter_name":["Cortez, Santos Alfredo, et al. v. SF Lloyds, et al                                                  "],"item_date":["2014-10-20"],"adjustments":["0.00"],"staff_level":["Paralegal"],"task_code":["L210                                              "],"rate_bucket":["0-250"],"invoice_line_item_number":["13849746"],"task_desc":["Pleadings"],"vendor_number":["0000106590-007"],"expense":["NA"],"internal_adjustments":["0.00"],"net_amt":["30.00"],"invoice_total":["6666.03"],"size":["1181"],"disb_desc":["NA"],"rate":["150.00"],"matter_number":["2015-00696"],"firm_name":["Sedgwick LLP                                                                                        "],"invoice_id":["328173"],"timekeeper":["Capelo, Shay"], "matter_activity":{"average_cost":["87000"],"average_case_length":["65"],"no_of_cases":{"active":["34"],"dormant":["9"],"resolved":["5"]}}}}]
