{"type":"Topology","objects":{"Alaska.geo":{"type":"GeometryCollection","geometries":[{"type":"Polygon","properties":{"name":"North Slope","fips":"02185"},"id":"North Slope","arcs":[[0,1,2]]},{"type":"Polygon","properties":{"name":"Northwest Arctic","fips":"02188"},"id":"Northwest Arctic","arcs":[[3,-2,4,5]]},{"type":"Polygon","properties":{"name":"Fairbanks North Star","fips":"02090"},"id":"Fairbanks North Star","arcs":[[6,7,8,9]]},{"type":"Polygon","properties":{"name":"Bristol Bay","fips":"02060"},"id":"Bristol Bay","arcs":[[10,11]]},{"type":"MultiPolygon","properties":{"name":"Nome","fips":"02180"},"id":"Nome","arcs":[[[-6,12,13,14]],[[15]]]},{"type":"Polygon","properties":{"name":"Matanuska-Susitna","fips":"02170"},"id":"Matanuska-Susitna","arcs":[[16,17,18,19,20,21,22,23,24]]},{"type":"Polygon","properties":{"name":"Wade Hampton","fips":"02270"},"id":"Wade Hampton","arcs":[[25,-14,26,27]]},{"type":"MultiPolygon","properties":{"name":"Bethel","fips":"02050"},"id":"Bethel","arcs":[[[28]],[[29]],[[30,31,-28,32,-25,33,34]]]},{"type":"Polygon","properties":{"name":"Anchorage","fips":"02020"},"id":"Anchorage","arcs":[[35,36,37,-22]]},{"type":"MultiPolygon","properties":{"name":"Kenai Peninsula","fips":"02122"},"id":"Kenai Peninsula","arcs":[[[-34,-24,38,39,40]],[[41,42,43,-37,44,45,46]]]},{"type":"Polygon","properties":{"name":"Dillingham","fips":"02070"},"id":"Dillingham","arcs":[[47,48,-31]]},{"type":"Polygon","properties":{"name":"Lake and Peninsula","fips":"02164"},"id":"Lake and Peninsula","arcs":[[49,-11,50,-48,-35,-41,51,52,53]]},{"type":"MultiPolygon","properties":{"name":"Haines","fips":"02100"},"id":"Haines","arcs":[[[54,55,56,57]],[[58,59,60,61]]]},{"type":"MultiPolygon","properties":{"name":"Juneau","fips":"02110"},"id":"Juneau","arcs":[[[62,63,-62,64]],[[65]]]},{"type":"MultiPolygon","properties":{"name":"Kodiak Island","fips":"02150"},"id":"Kodiak Island","arcs":[[[-40,66,-52]],[[67]],[[68]]]},{"type":"MultiPolygon","properties":{"name":"Sitka","fips":"02220"},"id":"Sitka","arcs":[[[69,70,71,72]],[[73]],[[74]]]},{"type":"MultiPolygon","properties":{"name":"Wrangell-Petersburg","fips":"02280"},"id":"Wrangell-Petersburg","arcs":[[[75,76,77,78]],[[79]],[[80]],[[81]],[[82]],[[83]],[[84]]]},{"type":"MultiPolygon","properties":{"name":"Ketchikan Gateway","fips":"02130"},"id":"Ketchikan Gateway","arcs":[[[85]],[[86]]]},{"type":"MultiPolygon","properties":{"name":"Prince of Wales-Outer Ketchikan","fips":"02201"},"id":"Prince of Wales-Outer Ketchikan","arcs":[[[-76,87]],[[88]],[[89]],[[90]],[[91]]]},{"type":"MultiPolygon","properties":{"name":"Aleutians East","fips":"02013"},"id":"Aleutians East","arcs":[[[-54,92]],[[93]]]},{"type":"MultiPolygon","properties":{"name":"Aleutians West","fips":"02016"},"id":"Aleutians West","arcs":[[[94]],[[95]],[[96]],[[97]],[[98]],[[99]]]},{"type":"MultiPolygon","properties":{"name":"Valdez-Cordova","fips":"02261"},"id":"Valdez-Cordova","arcs":[[[-21,100,101,102,103,-45,-36]],[[104,-43]],[[105,-47]],[[106]],[[107]]]},{"type":"Polygon","properties":{"name":"Yakutat","fips":"02282"},"id":"Yakutat","arcs":[[-103,108,109,110]]},{"type":"MultiPolygon","properties":{"name":"Skagway-Hoonah-Angoon","fips":"02232"},"id":"Skagway-Hoonah-Angoon","arcs":[[[-110,111,-58,112]],[[113]],[[-63,114,-78,115]],[[-70,116]],[[117,-60,118,-56]],[[119,-72]]]},{"type":"Polygon","properties":{"name":"Yukon-Koyukuk","fips":"02290"},"id":"Yukon-Koyukuk","arcs":[[-13,-5,-1,120,121,-9,122,-17,-33,-27]]},{"type":"Polygon","properties":{"name":"Southeast Fairbanks","fips":"02240"},"id":"Southeast Fairbanks","arcs":[[123,124,-10,-122,125,-101,-20,126]]},{"type":"Polygon","properties":{"name":"Denali","fips":"02068"},"id":"Denali","arcs":[[-123,-8,127,-124,128,-18]]}]}},"arcs":[[[7716,8497],[-851,16],[-183,-7],[-8,-226],[-1925,4]],[[4749,8284],[-193,15],[0,41],[-189,1],[0,46],[-531,0],[0,34],[-992,-2],[0,-131],[-163,0]],[[2681,8288],[-16,12],[-116,46],[-76,82],[-112,29],[107,25],[-11,20],[29,67],[5,63],[-7,90],[396,28],[158,108],[78,138],[-18,-63],[32,46],[11,92],[-17,18],[43,45],[-18,18],[13,26],[210,265],[50,-17],[-38,-7],[23,-18],[-46,-14],[-24,-19],[87,19],[18,31],[138,18],[-6,17],[171,141],[44,-5],[4,-28],[-58,-34],[58,6],[-43,-83],[39,23],[35,-87],[-24,101],[15,52],[29,-14],[81,32],[-92,-19],[-44,71],[-37,-14],[93,97],[105,42],[-43,-19],[46,-12],[-61,-20],[47,-47],[-13,35],[58,8],[-16,21],[82,-14],[71,16],[-35,16],[130,3],[125,98],[96,126],[69,54],[22,-17],[-47,-12],[32,-43],[72,-11],[12,-16],[-14,-19],[34,24],[63,-17],[20,-35],[-39,-59],[-93,-41],[41,-10],[2,-72],[15,5],[2,31],[64,6],[10,49],[31,34],[40,-7],[-19,48],[40,-1],[-2,33],[13,-9],[-11,-58],[16,2],[3,49],[83,-52],[-11,-49],[-31,-20],[126,-51],[58,57],[144,20],[85,-21],[23,-39],[8,24],[-16,12],[63,-6],[46,-29],[-61,-60],[3,-25],[87,-32],[-114,-14],[183,4],[-26,-24],[21,-7],[-42,-28],[155,-36],[10,2],[-5,30],[86,34],[85,-8],[-7,-39],[107,53],[82,4],[184,-62],[21,-44],[58,24],[76,-25],[35,-51],[384,-19],[48,-54],[132,-48],[177,48],[10,-40],[9,31],[-8,17],[60,10],[88,5],[11,-34],[3,38],[143,-57],[67,-79],[112,-37],[71,-67],[26,-4],[8,19],[-17,10],[62,-25],[1,-612]],[[2865,7569],[9,3],[87,7],[64,-21],[-65,7],[38,-32],[-29,-63],[8,-59],[-69,-43],[55,9],[19,-49],[37,-21],[186,19],[19,-56],[106,41],[70,-52],[-4,19],[23,34],[-12,-1],[52,96],[92,-13],[-4,-54],[-14,-9],[23,8],[13,60],[-26,44],[-123,33],[-39,-19],[11,-43],[-11,-4],[-11,30],[18,52],[-7,50],[-65,88],[-58,14],[-27,63],[31,47],[33,1],[64,-91],[-13,-60],[105,-107],[80,46],[75,-80],[123,10],[4,63],[-23,40],[17,21],[-63,-29],[-61,38],[-63,-8],[-22,-49],[-54,-8],[-81,98],[20,87],[59,44],[-73,32],[-76,-22],[-13,31],[1,-33],[-33,-7],[26,81],[-10,7],[-40,-78],[-239,51],[-21,123],[-41,97],[-142,142],[-120,94]],[[4749,8284],[-11,-112],[94,-45],[-1,-42],[48,0],[-13,-175],[92,1],[1,-45],[32,1],[-16,-232],[-137,3],[-1,-88],[-129,2],[-9,-132],[-84,0],[0,45],[-45,0],[0,43],[-90,1],[1,-88],[-90,0],[-1,88],[-180,0],[3,-176],[-220,1],[-2,-84],[-129,0],[-1,-219]],[[3861,7031],[-43,0],[0,-44],[-820,1],[0,86],[-44,0],[0,89],[-57,-1],[1,175],[-16,1],[-2,174],[-14,0],[-1,57]],[[6583,6391],[-229,3]],[[6354,6394],[-101,43]],[[6253,6437],[-122,146],[-3,291],[359,30],[73,37],[11,40],[69,16],[46,-31],[-29,-59],[100,-65],[-30,-32],[25,-23],[140,50],[111,-38],[114,15],[-44,-36],[23,-40],[-26,-72],[21,-14],[-17,-19],[8,-25]],[[7082,6608],[-84,-51],[-106,-5],[-115,-78],[-43,22],[-151,-105]],[[4410,3690],[131,2],[0,-137],[-197,-10]],[[4344,3545],[8,15],[60,48],[-28,14],[26,68]],[[3861,7031],[40,0],[4,-129],[-40,-4],[0,-169],[-42,0],[1,-87],[-42,-1],[4,-352],[40,0],[2,-129],[-72,-45],[1,-45],[-123,-39],[4,-136],[-37,0],[0,-130]],[[3601,5765],[-237,0],[1,44],[-39,-2],[-2,46],[-39,0],[-1,43],[-50,-1]],[[3234,5895],[71,110],[-8,26],[62,-30],[-29,-28],[208,44],[76,115],[3,58],[-35,107],[-5,86],[-60,78],[12,11],[-71,-14],[28,75],[83,-7],[-17,14],[55,33],[8,51],[-78,105],[34,7],[-42,-1],[-37,-75],[-36,-21],[-53,38],[18,-16],[-36,-39],[-47,2],[-95,-98],[-12,-68],[-30,-25],[-19,61],[8,19],[-46,28],[-21,53],[-49,-32],[73,-39],[-29,-55],[-80,81],[-165,6],[-76,-48],[12,20],[-46,-19],[-8,24],[2,-38],[31,9],[-54,-16],[-250,77],[-53,70],[21,78],[-64,52],[-46,70],[-8,39],[21,37],[-14,-69],[50,-15],[29,8],[16,27],[-4,25],[23,17],[67,-9],[-119,57],[-173,28],[-125,81],[-12,47],[57,44],[-39,-36],[-2,-28],[47,42],[62,7],[-11,33],[45,46],[64,-6],[36,30],[-19,19],[35,4],[16,41],[93,59],[96,-38],[63,21],[-78,39],[23,48],[126,63],[26,-24],[66,78],[66,20]],[[1478,5977],[-75,-60],[-59,28],[-24,70],[22,80],[1,62],[12,1],[9,-49],[48,-26],[-22,1],[-7,-16],[12,-9],[33,19],[86,-31],[54,53],[73,9],[49,-50],[7,-30],[-11,-26],[188,-94],[101,2],[-33,-74],[-99,14],[-68,-121],[-31,92],[-36,8],[-54,71],[-128,90],[-48,-14]],[[5229,5420],[2,212]],[[5231,5632],[227,-6],[1,36],[487,260],[308,-2],[0,69],[73,0]],[[6327,5989],[248,4]],[[6575,5993],[2,-220]],[[6577,5773],[11,-252],[3,-146],[-115,2],[-1,-389],[-305,-23]],[[6170,4965],[-19,1],[-4,0],[-8,-1],[-8,0],[-124,33]],[[6007,4998],[-94,-10],[-38,-45],[-24,-72],[-104,6],[-15,57],[-4,-41],[-75,-38],[-4,-7]],[[5649,4848],[0,30],[-69,0],[-6,43],[0,43],[-69,1],[-277,0]],[[5228,4965],[1,455]],[[2718,4711],[-17,19],[88,76],[-48,0],[-11,-27],[-28,33],[25,44],[-16,23],[12,-22],[-14,-29],[-46,23],[34,32],[1,30],[-11,2],[21,16],[1,29],[63,39],[27,66],[-92,-98],[-27,-49],[14,-30],[-38,-33],[13,-26],[-6,-44],[-47,22],[-10,63],[8,21],[-54,24],[-11,43],[30,22],[-3,32],[-21,17],[-49,-28],[-14,46],[7,63],[5,-40],[78,27],[-49,19],[-21,45],[106,18],[-35,71],[11,61],[129,210],[45,3],[3,-32],[50,-20],[-30,-30],[37,27],[-21,20],[9,23],[-41,-15],[8,30],[-13,12],[78,91],[-65,-67],[-20,85],[26,4],[-24,23],[35,91],[82,-2],[-57,62],[43,44],[49,20],[87,-23],[20,-36],[-7,-16],[26,5],[-55,-70],[55,62],[41,-42],[58,19],[79,86],[13,20]],[[3601,5765],[-1,-57],[-29,-1],[-11,-349],[29,0],[0,-129],[67,-1]],[[3656,5228],[79,-69],[-119,-36],[-72,-70],[-161,-61],[-124,39],[-139,-55],[-53,19],[-41,-76],[-77,18],[3,-63],[15,-9],[-65,-46],[14,-59],[-167,-23],[-31,-26]],[[1231,4398],[-67,11],[-93,85],[1,22],[27,34],[15,-60],[94,-46],[37,-39],[-14,-7]],[[2510,4452],[9,-41],[80,-17],[-10,-65],[12,-35],[-11,-15],[38,-44],[-15,-39],[-135,-30],[31,-16],[2,-27],[-212,121],[-39,37],[-28,69],[127,-2],[6,39],[65,49],[21,-19],[59,35]],[[4615,4703],[-250,-1],[0,48],[-73,0],[0,-48],[-37,-2],[1,-44],[-38,0],[-1,43],[-205,-2],[0,-44],[-28,-1],[0,-46],[-35,-1],[-10,-130],[-41,0],[0,-44],[-36,0],[-1,-86],[-35,0],[-15,-127],[-34,0],[0,-87],[-48,-1],[0,-87],[-36,0],[-13,-133],[-33,1],[-12,-132],[-35,0],[0,-40],[-90,-59],[-16,-49],[7,-24]],[[3501,3607],[-10,-15],[6,-20],[-86,-57],[11,31],[-8,15],[-3,-22],[-84,25],[58,2],[48,74],[-23,-9],[-4,94],[-14,30],[60,38],[-59,5],[-3,-26],[-26,42],[-12,64],[10,18],[3,-32],[6,68],[52,59],[-110,285],[8,42],[-11,27],[21,24],[-28,-3],[3,-37],[-17,-13],[4,35],[-29,44],[52,106],[0,38],[71,60],[-42,-22],[-16,39],[7,-43],[-30,-19],[-35,-94],[4,-25],[-38,-24],[10,-36],[-30,2],[52,-37],[-12,-95],[-51,2],[-13,-34],[-114,-59],[-154,8],[-23,56],[22,28],[-65,45],[-49,85],[3,35],[-26,-19],[-63,51],[-14,27],[25,10],[8,40],[-54,-24],[-37,29],[87,74],[-5,42],[33,30],[-14,42],[20,-31],[41,22],[-11,-31],[8,-14],[81,-18],[10,-48],[-44,-69],[101,115],[29,-18],[1,-83],[72,50],[-4,36],[13,0],[-108,51],[77,18],[-41,23],[16,30],[-58,-69],[-124,-3],[-17,40],[-48,9],[-14,3],[-10,-9],[-18,-14],[-7,8]],[[3656,5228],[274,-1],[0,55],[158,0],[0,43],[299,-1],[0,-52],[176,-2],[321,0],[184,3],[2,65],[75,-2],[-1,85],[85,-1]],[[5228,4965],[-102,29],[12,-290]],[[5138,4704],[-523,-1]],[[6170,4965],[-3,-290],[-56,-3],[0,-56]],[[6111,4616],[-62,0],[2,57]],[[6051,4673],[1,0],[-28,49],[-39,-9],[-148,115],[78,121],[92,49]],[[5649,4848],[-41,-73],[-119,-67],[-13,-42],[20,-56],[-33,15],[-40,-41],[-54,-87],[-2,-35],[18,-18],[-37,-51],[-41,-37],[-55,16],[-6,29],[-39,-10],[34,-2],[3,-26],[71,-77],[-26,-80],[-106,-27],[-11,-18],[54,-1],[-7,-63],[-38,-31],[-41,3],[21,35],[-26,35],[-8,-73],[-14,-8],[-7,33],[-24,-31],[29,-12],[-5,-27],[-59,-5],[23,-13],[3,-42],[-82,-30],[41,-9],[-34,-28],[-3,-51],[-28,-30],[18,-10],[4,-50],[23,28],[70,-5],[58,-44],[28,-52],[-14,-6],[20,-5],[-2,-1]],[[5172,3668],[-8,0],[-3,0],[-27,0],[1,-61],[-76,0],[1,-44],[-102,0]],[[4958,3563],[-69,0],[-11,171],[-12,127],[70,9],[-1,87],[61,2],[-1,35],[36,10],[-1,88],[63,45],[-1,170],[26,0],[1,177],[28,0],[0,82],[-9,138]],[[6129,4481],[-6,-10],[5,5]],[[6128,4476],[21,-17],[-5,-241]],[[6144,4218],[-13,-12],[-88,20],[-10,12],[17,32],[-15,1],[-35,-93],[-4,75],[-25,52],[6,-61],[-50,-87],[21,-55],[-21,14],[-4,79],[-16,32],[-7,-64],[-22,5],[21,-34],[4,-61],[-60,70],[25,-42],[-9,-24],[-14,-19],[-22,33],[9,-53],[-20,1],[2,-30],[-41,-33],[29,127],[-52,-129],[-14,30],[13,38],[-35,-26],[18,-29],[-14,-14],[8,-13],[-67,-59],[9,-30],[-16,-28],[-18,48],[-44,8],[30,-50],[-63,22],[-64,-49],[-7,31],[-45,25],[8,36],[25,5],[-18,28],[45,34],[65,-18],[-14,47],[56,32],[-5,24],[41,67],[-90,-59],[-9,-13],[13,-16],[-95,71],[31,140],[59,94],[9,77],[18,13],[6,77],[-28,95],[74,31],[127,122],[80,-63],[49,35],[163,-64]],[[6111,4616],[21,-4]],[[6132,4612],[-6,-29],[3,2]],[[6129,4585],[0,-104]],[[4615,4703],[0,-616],[-36,-2],[2,-44],[-72,2],[2,-47],[-40,2],[1,-44],[-21,0],[0,-51],[-103,-32],[19,-199]],[[4367,3672],[-217,-129],[-28,26],[-6,45],[-42,32],[15,69],[15,12],[-15,14],[65,5],[33,-70],[6,17],[-28,62],[-61,25],[-24,49],[19,-61],[-58,-91],[-13,44],[9,16],[-16,-11],[12,-27],[-3,-74],[-22,-19],[17,29],[-9,13],[-14,-24],[43,-139],[-27,-46],[-46,12],[-77,180],[-46,27],[5,59],[-29,-9],[1,-41],[-32,-42],[-21,58],[-48,5],[-15,28],[14,16],[-15,39],[-105,-113],[-13,25],[-83,-38],[7,-17],[-14,-21]],[[4026,2632],[33,-21],[-13,109],[11,39],[75,136],[48,20],[24,65],[54,38],[5,-47],[54,11],[0,32],[-11,-7],[6,-26],[-36,-2],[-2,67],[-22,10],[20,226],[45,59],[53,-23],[-41,39],[-27,-14],[-20,47],[3,45],[59,110]],[[4410,3690],[19,50],[16,77],[-18,-24],[-4,-47],[-47,-69],[-9,-5]],[[4958,3563],[0,-92],[-29,0],[0,-37],[-184,-78],[0,-171],[-75,-34],[-15,-64],[-27,0],[16,-34],[-130,-61],[-10,-58],[-53,-66],[0,-36],[76,-1]],[[4527,2831],[8,-8],[-5,-19],[-22,-11],[-7,-36],[-29,2],[20,-38],[-48,34],[-7,-75],[-29,41],[2,-35],[-29,-43],[-21,12],[8,-14],[-14,-24],[-49,39],[12,-42],[-43,-24],[25,-25],[0,-27],[-42,-3],[-21,35],[-67,-56],[-3,-21],[57,16],[-6,-46],[-54,23],[-1,-27],[-58,-8],[-47,-90],[23,-9],[-5,24],[22,24],[52,-30],[-40,-24],[13,-31],[44,30],[-49,-54],[-11,24],[-1,-56],[-17,16],[12,-51],[-26,16],[12,17],[-18,-11],[-1,29],[26,46],[-32,7],[14,-19],[-20,-26],[-8,18],[8,-43],[-16,-12],[18,-9],[-4,-32],[-39,28],[-15,-49],[-89,-19],[-14,-45],[-9,56],[-16,-8],[9,-62],[-12,-46]],[[3868,2060],[-1,112],[-62,0],[12,218],[-20,1],[1,85],[129,45],[0,46],[52,-1],[0,42],[47,24]],[[8652,3875],[5,12],[0,91],[47,28],[-22,39],[128,72]],[[8810,4117],[71,-195]],[[8881,3922],[-3,-27],[-32,7],[41,-57],[10,-62],[-22,58],[-29,15],[36,-69],[-2,-67],[47,-162],[-13,-23],[27,-78],[2,-103],[-54,16],[-28,107]],[[8861,3477],[34,12],[-22,66],[-68,55],[15,60],[33,16],[-17,10],[8,30],[-27,30],[-1,38],[-164,81]],[[8927,3728],[0,10],[-43,141],[2,36]],[[8886,3915],[79,2]],[[8965,3917],[5,-35],[55,-18],[25,-57],[22,-2],[27,-81]],[[9099,3724],[-126,3],[-46,1]],[[9340,3316],[-74,-122]],[[9266,3194],[-9,4],[-25,-69],[-34,84],[17,19],[19,-27],[2,39],[-20,21],[20,46],[-47,-86],[-35,55],[0,96],[19,21],[-7,40],[18,51],[32,10],[-44,-12],[-41,-150],[-69,79],[-52,14],[-3,55],[-44,91],[16,-7],[-8,80],[-17,-40],[-24,53],[-3,67]],[[9099,3724],[18,-55],[87,-66],[82,-135],[14,-90],[40,-62]],[[9061,3407],[53,-72],[-72,22],[-16,32],[35,18]],[[5172,3668],[-19,-6],[-18,-65],[-33,-40],[-60,-11],[-15,-43],[8,-12],[-36,-11],[22,-53],[-74,-45],[51,-4],[-28,-13],[19,-16],[-11,-17],[-20,0],[16,-25],[-23,8],[1,-40],[-33,60],[6,-52],[-29,16],[13,-30],[-7,-21],[-20,23],[-23,-33],[-53,8],[-17,-35],[8,-34],[-51,-23],[3,-52],[-61,29],[-6,-36],[10,-25],[-38,-13],[7,-48],[-62,12],[4,-22],[-18,-1],[15,-44],[-36,19],[-71,-82],[-3,-22],[47,6],[-23,-30],[13,-14]],[[5417,3418],[-12,-64],[32,58],[6,-34],[-24,-63],[-23,9],[-12,47],[-15,-13],[4,-27],[-14,5],[20,-35],[-56,-22],[-4,62],[-13,-65],[-31,-3],[-3,-40],[-92,89],[11,24],[57,-26],[-42,50],[19,20],[53,-23],[-1,52],[-25,23],[40,8],[7,27],[33,-7],[-6,-25],[27,-49],[10,53],[54,-31]],[[5147,2812],[-15,-24],[-17,30],[9,-54],[-53,-9],[33,1],[-15,-19],[24,-16],[-11,-22],[-15,17],[-19,-39],[16,-12],[-59,-65],[-35,4],[78,123],[-40,-1],[47,72],[-14,10],[-60,-95],[-3,41],[30,37],[-104,5],[1,-31],[16,-10],[24,36],[35,0],[-13,-81],[-27,-25],[0,-22],[12,10],[-13,-17],[-6,39],[-42,32],[0,80],[-16,56],[-40,13],[10,8],[-12,19],[22,-2],[-5,44],[37,62],[8,-15],[-1,32],[24,-7],[-10,7],[21,33],[27,12],[46,-17],[4,-35],[-28,-13],[33,1],[13,-69],[54,-68],[-37,66],[-9,84],[35,-11],[-41,49],[62,-15],[-68,48],[-4,52],[59,40],[28,-133],[-4,45],[19,-8],[-13,34],[38,-21],[-33,59],[54,-27],[8,-43],[-14,97],[40,-33],[-47,88],[95,-44],[-20,-45],[8,-51],[5,54],[48,11],[0,36],[61,-57],[-47,-59],[22,12],[-9,-37],[19,19],[-8,-41],[59,0],[-40,-91],[-127,49],[10,-19],[-28,-26],[50,18],[41,-44],[-6,-32],[-42,-24],[-9,39],[-58,1],[-3,-25],[45,-23],[-90,-24],[0,-24]],[[8747,3158],[30,73]],[[8777,3231],[109,-97],[9,-21],[-9,-17],[92,16],[21,-137],[-36,-16],[-169,158],[21,-45],[-21,-17],[48,-26],[-18,-19],[21,-6],[2,-40],[-29,-49],[-32,13],[-35,62],[48,-38],[-60,81],[24,10],[-35,1],[7,33],[-29,51],[-39,18],[1,7]],[[8668,3153],[20,0],[58,5]],[[8746,3158],[1,-1],[0,1]],[[9032,2310],[-81,184],[41,80],[-25,-31],[6,43],[-9,3],[-28,-59],[-1,33],[27,46],[-41,-41],[14,77],[-30,-22],[-21,25],[17,30],[-14,37],[39,35],[-41,23],[-1,29],[22,13],[-30,-7],[14,49],[-40,-9],[-29,59],[42,2],[-29,21],[17,22],[3,36],[41,13],[7,-15],[-24,-32],[48,20],[-7,-28],[41,-12],[20,-35],[-19,6],[11,-11],[-8,-13],[31,-24],[45,-265],[-8,-282]],[[8815,2892],[30,-44],[-14,1],[16,-52],[-17,-63],[-43,-8],[2,48],[24,40],[-22,5],[-6,73],[30,0]],[[9775,2432],[15,-84],[-91,-55],[15,-64],[-66,42],[-74,-112],[21,-33],[-6,-50],[-28,-27],[-25,47]],[[9536,2096],[10,-10],[0,41],[26,3],[-2,66],[24,16],[-3,99],[97,28],[-86,4],[-13,65],[-39,10],[-7,42],[-32,34],[7,55],[-49,-5],[19,23],[-14,21],[33,54],[-29,-36],[-55,47],[-32,68],[32,-8],[-5,64],[-19,-36],[-57,32],[9,32],[-9,10],[-17,4],[-11,-38],[-48,37]],[[9266,2818],[48,34],[44,-23],[21,71],[57,44],[71,-39]],[[9507,2905],[28,-70],[-22,-58],[64,-26],[-16,-86],[50,-34],[8,-102],[55,3],[101,-100]],[[9364,2721],[26,-59],[-13,-27],[12,-89],[-19,-15],[-68,120],[10,-54],[19,-12],[-6,-39],[30,-8],[-15,-6],[18,-40],[-17,-35],[-55,24],[2,-24],[-32,-11],[-15,6],[0,60],[-9,3],[11,12],[-15,43],[8,91],[-18,-28],[-28,47],[32,-2],[-58,62],[30,36],[114,-45],[13,-38],[-7,41],[50,-13]],[[9175,2269],[-15,12],[-3,104],[-10,-69],[-18,1],[19,-21],[-2,-69],[-24,34],[6,45],[-15,51],[22,26],[-26,-8],[0,32],[21,41],[4,-35],[11,19],[12,-23],[5,60],[-8,39],[-14,-35],[-36,37],[46,42],[-34,-15],[7,39],[-21,-17],[-16,33],[-1,66],[26,-29],[-10,50],[45,-26],[-33,47],[56,-31],[14,-37],[1,-44],[-21,-34],[33,39],[-1,43],[31,-21],[-12,-42],[18,-43],[-10,-19],[-38,27],[16,-22],[-15,-35],[19,-33],[-18,-6],[12,-73],[-25,38],[-2,-44],[20,-23],[-12,-11],[-4,-60]],[[9416,2624],[56,-105],[-45,-12],[6,-21],[-11,-9],[-35,8],[-3,42],[16,22],[-17,80],[33,-5]],[[9513,2470],[36,-64],[33,-8],[17,-71],[-28,-43],[-51,61],[-10,23],[3,102]],[[9437,2458],[18,-30],[-13,-66],[-35,-17],[-44,55],[24,54],[50,4]],[[9501,2397],[-1,-57],[-17,-16],[27,13],[50,-51],[-19,-15],[15,-79],[-11,19],[-33,-27],[-18,22],[10,35],[-53,12],[-13,29],[0,58],[19,4],[18,55],[26,-2]],[[9664,1885],[-45,68],[37,45],[6,27],[-18,11],[2,29],[37,25],[-40,3],[47,27],[-42,24],[52,3],[-29,34],[71,24],[61,-158],[-6,-126],[-13,7],[-4,-70],[-20,-35],[-34,19],[19,36],[-2,50],[-14,-66],[-34,3],[39,79],[-17,105],[4,-114],[-27,-46],[4,101],[-16,-26],[11,-61],[-12,-32],[-17,14]],[[9620,1932],[42,-66],[-30,-18],[7,-57],[-20,39],[-9,79],[10,23]],[[9775,2432],[3,-3],[58,-17],[31,-54],[34,-12],[10,-53],[68,-6],[15,-105],[-33,-78],[6,-108],[32,-131],[-23,-27],[-54,-161],[-47,-58],[3,33],[-23,-49],[-12,103],[1,-74],[-23,-26],[-16,21],[-2,78],[-15,20],[35,50],[25,-13],[53,127],[-60,-119],[-13,25],[-23,-27],[-27,17],[-2,35],[25,45],[69,8],[-9,25],[-43,-19],[-5,200],[-14,36],[8,18],[-17,-7],[-42,89],[40,66],[-65,-71],[-18,21],[-105,-75],[34,-25],[-23,-42],[10,-28],[-14,-36],[-25,32],[15,-35],[-7,-47],[-44,46],[-19,84],[9,-9]],[[9485,1974],[43,-27],[-43,-30],[45,13],[21,-23],[14,-51],[-32,-4],[0,-31],[31,4],[16,36],[9,-23],[-6,-64],[-20,2],[4,-33],[-30,-23],[53,16],[-10,-29],[8,-37],[-16,-2],[21,-51],[-12,-5],[1,-45],[-60,12],[16,40],[-29,3],[18,20],[-25,43],[2,47],[-19,-58],[3,42],[-16,-27],[-14,19],[14,24],[-8,10],[23,3],[-20,40],[-12,-31],[11,53],[-17,43],[7,-42],[-12,-15],[-23,22],[-5,44],[-42,-33],[22,38],[-67,2],[-8,28],[14,23],[72,-16],[-31,12],[-14,26],[18,10],[-31,21],[12,43],[33,27],[-72,-27],[-20,18],[-5,57],[29,12],[21,70],[-22,10],[-4,125],[-74,27],[-3,35],[14,11],[-10,25],[60,-11],[2,-28],[26,30],[26,-44],[8,-33],[-24,-30],[13,-33],[73,-31],[48,-89],[12,-96],[12,23],[18,-67],[30,-28],[-5,-17],[-77,89],[-4,-28],[11,-12],[-35,-46],[43,22]],[[9316,2293],[-7,-68],[-33,14],[-29,-52],[-36,1],[23,73],[40,10],[-27,23],[69,-1]],[[9693,1842],[19,-19],[4,-82],[-25,-17],[-12,45],[3,-29],[-16,-19],[1,56],[16,11],[-14,62],[24,-8]],[[9354,1847],[30,-92],[-25,12],[67,-133],[8,-29],[-9,-13],[19,-38],[-36,13],[-23,52],[10,22],[-51,54],[-13,76],[20,4],[-20,34],[23,38]],[[3868,2060],[-13,-48],[-28,15],[30,16],[-20,14],[16,17],[-10,21],[12,39],[-45,18],[-5,-34],[-36,3],[-6,-46],[-18,17],[1,-37],[-59,-6],[14,-22],[-29,-63],[-18,66],[-35,-32],[22,-21],[-3,-21],[-29,-5],[-19,34],[-71,-86],[-54,5],[4,62],[23,46],[49,-20],[-88,45],[-31,-55],[3,-54],[-43,-99],[-29,12],[16,-66],[-25,-12],[-11,17],[8,27],[-25,-28],[0,-43],[-44,5],[-19,36],[34,-2],[-49,84],[8,12],[-18,1],[-15,-38],[24,-29],[-9,-48],[18,-56],[-19,48],[-17,-52],[-30,-8],[-20,32],[12,12],[-55,61],[-12,-22],[6,-41],[35,-39],[-66,-64],[-5,23],[23,28],[-16,3],[3,20],[20,0],[-17,82],[63,62],[-11,-35],[40,6],[9,21],[-11,19],[83,55],[-3,35],[-22,-8],[171,234],[122,58],[-36,-28],[26,-4],[76,24],[3,-29],[-34,-19],[20,-10],[-3,-26],[31,-57],[28,10],[-20,23],[-6,52],[59,-6],[8,-38],[44,-11],[-13,26],[15,12],[-68,42],[42,172],[110,136],[130,78],[-12,2],[6,15],[78,83],[-34,-49],[16,23],[31,-20]],[[2911,1523],[-44,-81],[-53,-26],[-43,17],[-21,82],[51,41],[45,125],[56,-15],[17,40],[76,45],[50,-4],[35,-137],[45,-5],[20,-49],[-67,43],[-14,-48],[-34,-24],[-119,-4]],[[2399,978],[-13,12],[9,-33],[-26,42],[8,-60],[-28,16],[-53,-31],[-74,-80],[-34,-10],[-37,34],[31,40],[43,-6],[2,32],[31,-15],[5,32],[29,-2],[-4,27],[45,4],[-41,34],[34,11],[-14,25],[7,18],[27,3],[21,-41],[-5,38],[24,8],[-67,17],[-27,52],[85,78],[33,-21],[-9,-24],[7,-46],[30,29],[17,59],[1,-29],[22,15],[0,-33],[10,10],[-67,-74],[11,-5],[-18,-31],[18,-11],[15,34],[9,-21],[8,32],[11,-50],[-54,-26],[-11,-47],[-15,30],[4,-36]],[[2487,1070],[-15,44],[42,24],[-27,-68]],[[2161,964],[-12,-58],[-90,-73],[-38,-95],[-133,-115],[48,60],[23,65],[-6,41],[36,63],[55,-7],[-15,37],[16,72],[72,45],[44,-35]],[[841,421],[35,-49],[-15,-50],[-27,0],[20,-60],[-70,2],[12,-5],[-8,-30],[-22,26],[7,-28],[-45,8],[-3,-24],[-128,6],[65,4],[24,45],[68,-5],[17,20],[-11,18],[66,33],[-45,36],[60,53]],[[265,0],[-7,37],[32,57],[-18,18],[42,-12],[-16,21],[16,14],[-15,47],[45,19],[2,-37],[-20,-26],[45,-11],[-1,-53],[-16,11],[-60,-75],[-6,55],[-23,-65]],[[64,4],[-40,36],[30,51],[-54,56],[56,22],[23,-44],[44,10],[-36,-32],[-23,-99]],[[6577,5773],[78,1],[-1,87],[23,1],[176,-1],[0,-44],[423,4],[0,-51],[26,-29],[-44,-80],[38,-26],[-32,-61],[71,-23],[23,54],[86,-14],[-1,-42],[75,-44],[-2,-138],[0,-53],[31,-1],[1,-112],[169,0]],[[7717,5201],[0,-744]],[[7717,4457],[-246,33],[-2,-231]],[[7469,4259],[-109,42],[-242,-60],[-54,21],[30,5],[-52,52],[13,29],[-80,-9],[-26,46],[-49,12],[30,76],[1,21],[-20,-7],[25,93],[31,26],[-30,-18],[-14,-43],[-82,-114],[-27,-8],[-63,58],[-59,0],[65,103],[-51,-25],[14,18],[-14,-4],[5,24],[-29,-34],[14,39],[-69,-35],[49,53],[-5,28],[-47,-38],[-7,26],[-38,-48],[-35,10],[-7,23],[124,45],[-29,30],[-28,-37],[-54,0],[2,28],[-29,37],[36,-6],[-25,19],[9,31],[20,-1],[-17,17],[83,9],[-12,23],[-59,0],[-78,-96],[-14,6],[9,25],[-23,4],[-12,-33],[-9,35],[-15,-6],[4,-36],[-23,-24],[-18,10],[15,41],[-16,-15],[5,29],[-24,-51],[14,82],[-14,41],[-10,-66],[-15,-3],[12,-6],[2,-71],[-27,11],[3,31],[-20,-38],[13,-18],[-24,-3],[-39,59],[73,129],[-12,4],[7,33],[-69,-131],[-19,50],[-53,-32],[10,-4],[-13,-32],[56,42],[-20,-58],[-18,7],[12,-23],[-8,-39],[-17,6],[11,-20],[-74,-12],[52,7],[-38,-27],[-2,-12]],[[6128,4476],[43,42],[43,-48],[2,35],[11,21],[3,-29],[15,52],[33,-71],[-31,-36],[-19,12],[9,-30],[-24,12],[8,-20],[-21,-44],[-16,17],[7,-27],[-16,-27],[46,39],[-10,-15],[17,-14],[-6,-24],[20,39],[-19,-50],[-26,23],[-24,-74],[3,-38],[-23,39],[-1,-35],[-8,-7]],[[6129,4585],[59,51],[-10,-75],[39,71],[7,-71],[-28,-46],[-32,21],[-35,-55]],[[6283,4140],[36,52],[-13,14],[28,24],[-6,15],[104,124],[0,55],[38,-6],[-18,-36],[33,8],[-62,-80],[-27,-51],[3,-26],[-26,-15],[2,-39],[-92,-39]],[[6529,4434],[30,55],[100,-46],[-104,-78],[-16,25],[40,41],[-50,3]],[[7717,4457],[0,-57],[99,-42],[14,44],[98,-62],[63,77],[126,6],[-25,-133],[103,-92],[16,-66],[212,-271],[26,-167]],[[8449,3694],[-71,-96]],[[8378,3598],[-24,41],[-8,54],[-69,87],[-64,20],[22,1],[11,37],[-37,-27],[-119,89],[17,-4],[-23,36],[-15,-17],[-111,95],[55,39],[21,49],[-31,90],[27,50],[40,-66],[-9,-66],[16,-51],[-17,-9],[12,-17],[12,23],[-11,108],[80,-12],[-70,32],[-59,91],[-15,-51],[-51,-64],[-118,-63],[-124,53],[-93,40],[40,48],[-5,48],[-23,33],[-18,-11],[19,-46],[-68,-37],[-99,38]],[[8449,3694],[136,130],[47,-1],[20,52]],[[8861,3477],[1,-53],[-33,26],[-59,-20],[9,39],[-15,-1],[21,5],[-9,55],[14,11],[-51,110],[62,42],[-40,8],[-17,-31],[2,31],[-27,59],[6,-42],[-19,-13],[24,2],[3,-36],[-26,-54],[-34,27],[25,9],[-45,9],[-1,64],[-19,-25],[-27,52],[21,-57],[-11,-8],[-82,87],[32,-69],[-27,-7],[-19,-46],[28,37],[86,-28],[19,-24],[-32,15],[24,-61],[17,-18],[-12,43],[33,-33],[-39,-37],[40,-8],[8,34],[36,-55],[-18,-20],[26,-1],[11,-65],[-11,-23],[-40,-14],[-9,45],[-39,21],[3,-28],[-13,-6],[15,-20],[15,21],[10,-39],[-50,30],[-11,-9],[20,-42],[-20,-21],[-12,19],[8,23],[-35,10],[-4,32],[-6,-20],[-12,27],[-30,-7],[-110,110],[38,30],[-47,-18],[-29,47]],[[8969,3442],[32,-42],[24,-81],[108,-2],[-2,-38],[59,-145],[3,-62],[18,-38],[-35,43],[-56,173],[15,-16],[-32,49],[10,-32],[-12,0],[20,-27],[-19,7],[6,-82],[11,16],[40,-88],[-7,-19],[29,-13],[20,-80],[-50,20],[8,-13],[-12,-6],[27,-10],[-5,-18],[23,4],[4,-31],[-19,-27],[-46,42],[20,-65],[-58,-88],[-52,-36],[7,70],[-12,34],[26,2],[-15,26],[27,21],[-22,40],[45,-32],[7,30],[-33,3],[-22,48],[45,29],[-45,-21],[-18,52],[-30,220],[16,69],[-13,-39],[-26,51],[7,25],[-13,14],[-3,63]],[[9340,3316],[7,-11],[160,-400]],[[9266,2818],[-6,5],[17,50],[48,-2],[41,46],[-37,-27],[-44,17],[21,45],[-28,1],[-6,51],[39,26],[-57,-11],[-16,33],[4,36],[132,-99],[-112,129],[0,74],[88,-27],[-84,29]],[[8747,3158],[-84,133],[34,-2],[-18,55],[17,3],[17,-70],[19,-12],[-16,61],[14,21],[30,-30],[35,60],[65,-62],[-25,-56],[-37,1],[33,-18],[-35,-15],[30,-18],[52,98],[94,-52],[8,-54],[-13,-22],[10,-23],[-59,51],[57,-68],[-17,-15],[-46,2],[-136,105],[1,0]],[[8810,4117],[52,29],[95,-119],[-1,-48],[-15,-23],[22,-18],[2,-21]],[[8886,3915],[3,63],[-8,-56]],[[8668,3153],[17,79],[61,-74]],[[7716,8497],[0,-1306]],[[7716,7191],[-176,-198],[-69,10],[-124,-75],[11,-41],[-23,-45],[-141,-94],[18,-73],[-44,-74],[-86,7]],[[6253,6437],[-558,16],[-120,-193],[-122,40],[-73,-203],[-94,-10],[6,-153],[49,5],[-6,-99],[-104,-208]],[[6480,5991],[1,402]],[[6481,6393],[102,-2]],[[7716,7191],[1,-1990]],[[6575,5993],[-95,-2]],[[6354,6394],[127,-1]],[[6480,5991],[-153,-2]]],"transform":{"scale":[0.004823018605056974,0.001982518523601523],"translate":[-178.21759836236586,51.58303264976323]}}