{"type":"Topology","objects":{"North Carolina.geo":{"type":"GeometryCollection","geometries":[{"type":"Polygon","properties":{"name":"Ashe","fips":"37009"},"id":"Ashe","arcs":[[0,1,2,3]]},{"type":"Polygon","properties":{"name":"Alleghany","fips":"37005"},"id":"Alleghany","arcs":[[-3,4,5,6]]},{"type":"Polygon","properties":{"name":"Surry","fips":"37171"},"id":"Surry","arcs":[[7,8,-6,9,10,11]]},{"type":"MultiPolygon","properties":{"name":"Currituck","fips":"37053"},"id":"Currituck","arcs":[[[12,13]],[[14]],[[15,16]]]},{"type":"Polygon","properties":{"name":"Northampton","fips":"37131"},"id":"Northampton","arcs":[[17,18,19,20,21]]},{"type":"Polygon","properties":{"name":"Hertford","fips":"37091"},"id":"Hertford","arcs":[[22,-22,23,24,25]]},{"type":"Polygon","properties":{"name":"Camden","fips":"37029"},"id":"Camden","arcs":[[26,27,28,29,-13]]},{"type":"Polygon","properties":{"name":"Gates","fips":"37073"},"id":"Gates","arcs":[[30,31,-25,32,-29,33,34]]},{"type":"Polygon","properties":{"name":"Warren","fips":"37185"},"id":"Warren","arcs":[[35,36,-20,37,38]]},{"type":"Polygon","properties":{"name":"Stokes","fips":"37169"},"id":"Stokes","arcs":[[39,-11,40,41]]},{"type":"Polygon","properties":{"name":"Caswell","fips":"37033"},"id":"Caswell","arcs":[[42,43,44,45,46]]},{"type":"Polygon","properties":{"name":"Rockingham","fips":"37157"},"id":"Rockingham","arcs":[[47,48,-42,49,-43]]},{"type":"Polygon","properties":{"name":"Granville","fips":"37077"},"id":"Granville","arcs":[[50,51,52,53,54,55]]},{"type":"Polygon","properties":{"name":"Person","fips":"37145"},"id":"Person","arcs":[[56,57,-45,58,-52]]},{"type":"Polygon","properties":{"name":"Vance","fips":"37181"},"id":"Vance","arcs":[[-54,59,-36,60]]},{"type":"Polygon","properties":{"name":"Halifax","fips":"37083"},"id":"Halifax","arcs":[[61,62,63,-38,-19,64]]},{"type":"Polygon","properties":{"name":"Pasquotank","fips":"37139"},"id":"Pasquotank","arcs":[[65,-34,-28,66]]},{"type":"Polygon","properties":{"name":"Wilkes","fips":"37193"},"id":"Wilkes","arcs":[[67,68,69,-4,-7,-9,70,71]]},{"type":"Polygon","properties":{"name":"Watauga","fips":"37189"},"id":"Watauga","arcs":[[72,73,-1,-70,74]]},{"type":"Polygon","properties":{"name":"Perquimans","fips":"37143"},"id":"Perquimans","arcs":[[75,-35,-66,76]]},{"type":"Polygon","properties":{"name":"Chowan","fips":"37041"},"id":"Chowan","arcs":[[-31,-76,77]]},{"type":"Polygon","properties":{"name":"Avery","fips":"37011"},"id":"Avery","arcs":[[78,79,80,-73,81,82]]},{"type":"Polygon","properties":{"name":"Yadkin","fips":"37197"},"id":"Yadkin","arcs":[[83,84,-71,-8,85]]},{"type":"Polygon","properties":{"name":"Franklin","fips":"37069"},"id":"Franklin","arcs":[[86,-55,-61,-39,87]]},{"type":"Polygon","properties":{"name":"Forsyth","fips":"37067"},"id":"Forsyth","arcs":[[88,89,-86,-12,-40,90]]},{"type":"Polygon","properties":{"name":"Guilford","fips":"37081"},"id":"Guilford","arcs":[[91,92,-91,-49,93]]},{"type":"Polygon","properties":{"name":"Alamance","fips":"37001"},"id":"Alamance","arcs":[[94,95,-94,-48,-47,96]]},{"type":"Polygon","properties":{"name":"Bertie","fips":"37015"},"id":"Bertie","arcs":[[97,-65,-18,-23,98,99]]},{"type":"Polygon","properties":{"name":"Orange","fips":"37135"},"id":"Orange","arcs":[[100,-97,-46,-58,101]]},{"type":"Polygon","properties":{"name":"Durham","fips":"37063"},"id":"Durham","arcs":[[-102,-57,-51,102,103]]},{"type":"Polygon","properties":{"name":"Nash","fips":"37127"},"id":"Nash","arcs":[[104,-88,-64,105,106]]},{"type":"Polygon","properties":{"name":"Mitchell","fips":"37121"},"id":"Mitchell","arcs":[[107,108,-80,109]]},{"type":"Polygon","properties":{"name":"Edgecombe","fips":"37065"},"id":"Edgecombe","arcs":[[110,-106,-63,111,112]]},{"type":"Polygon","properties":{"name":"Caldwell","fips":"37027"},"id":"Caldwell","arcs":[[113,114,-82,-75,-69,115]]},{"type":"Polygon","properties":{"name":"Yancey","fips":"37199"},"id":"Yancey","arcs":[[116,117,118,-108,119]]},{"type":"Polygon","properties":{"name":"Martin","fips":"37117"},"id":"Martin","arcs":[[120,-112,-62,-98,121,122]]},{"type":"Polygon","properties":{"name":"Wake","fips":"37183"},"id":"Wake","arcs":[[123,-103,-56,-87,124,125]]},{"type":"Polygon","properties":{"name":"Madison","fips":"37115"},"id":"Madison","arcs":[[-118,126,127,128]]},{"type":"Polygon","properties":{"name":"Iredell","fips":"37097"},"id":"Iredell","arcs":[[129,130,131,132,133,-72,-85,134,135]]},{"type":"Polygon","properties":{"name":"Davie","fips":"37059"},"id":"Davie","arcs":[[136,-135,-84,-90,137]]},{"type":"Polygon","properties":{"name":"Alexander","fips":"37003"},"id":"Alexander","arcs":[[138,-116,-68,-134]]},{"type":"Polygon","properties":{"name":"Davidson","fips":"37057"},"id":"Davidson","arcs":[[139,140,-138,-89,-93,141]]},{"type":"Polygon","properties":{"name":"Burke","fips":"37023"},"id":"Burke","arcs":[[142,-83,-115,143,144,145]]},{"type":"Polygon","properties":{"name":"Washington","fips":"37187"},"id":"Washington","arcs":[[146,147,-122,-100,148,149]]},{"type":"Polygon","properties":{"name":"Tyrrell","fips":"37177"},"id":"Tyrrell","arcs":[[150,-150,151]]},{"type":"Polygon","properties":{"name":"McDowell","fips":"37111"},"id":"McDowell","arcs":[[152,153,-120,-110,-79,-143]]},{"type":"Polygon","properties":{"name":"Randolph","fips":"37151"},"id":"Randolph","arcs":[[154,-142,-92,-96,155,156]]},{"type":"Polygon","properties":{"name":"Chatham","fips":"37037"},"id":"Chatham","arcs":[[-156,-95,-101,-104,-124,157,158,159]]},{"type":"Polygon","properties":{"name":"Wilson","fips":"37195"},"id":"Wilson","arcs":[[160,-107,-111,161,162,163]]},{"type":"Polygon","properties":{"name":"Rowan","fips":"37159"},"id":"Rowan","arcs":[[164,-136,-137,-141,165]]},{"type":"Polygon","properties":{"name":"Pitt","fips":"37147"},"id":"Pitt","arcs":[[166,-162,-113,-121,167,168,169,170]]},{"type":"Polygon","properties":{"name":"Catawba","fips":"37035"},"id":"Catawba","arcs":[[171,-144,-114,-139,-133]]},{"type":"Polygon","properties":{"name":"Buncombe","fips":"37021"},"id":"Buncombe","arcs":[[172,173,-127,-117,-154,174]]},{"type":"Polygon","properties":{"name":"Johnston","fips":"37101"},"id":"Johnston","arcs":[[175,-125,-105,-161,176,177]]},{"type":"Polygon","properties":{"name":"Haywood","fips":"37087"},"id":"Haywood","arcs":[[178,179,180,181,-128,-174]]},{"type":"MultiPolygon","properties":{"name":"Dare","fips":"37055"},"id":"Dare","arcs":[[[-16,182]],[[183,184]],[[185]]]},{"type":"MultiPolygon","properties":{"name":"Beaufort","fips":"37013"},"id":"Beaufort","arcs":[[[186,187,188,-169]],[[-148,189,190,-168,-123]]]},{"type":"Polygon","properties":{"name":"Swain","fips":"37173"},"id":"Swain","arcs":[[191,192,193,-181,194]]},{"type":"Polygon","properties":{"name":"Greene","fips":"37079"},"id":"Greene","arcs":[[195,-163,-167,196]]},{"type":"Polygon","properties":{"name":"Lee","fips":"37105"},"id":"Lee","arcs":[[197,-159,198]]},{"type":"Polygon","properties":{"name":"Rutherford","fips":"37161"},"id":"Rutherford","arcs":[[199,200,-175,-153,-146,201,202]]},{"type":"Polygon","properties":{"name":"Wayne","fips":"37191"},"id":"Wayne","arcs":[[203,-177,-164,-196,204,205]]},{"type":"Polygon","properties":{"name":"Harnett","fips":"37085"},"id":"Harnett","arcs":[[206,207,-199,-158,-126,-176,208]]},{"type":"Polygon","properties":{"name":"Cleveland","fips":"37045"},"id":"Cleveland","arcs":[[209,-202,-145,210,211]]},{"type":"Polygon","properties":{"name":"Lincoln","fips":"37109"},"id":"Lincoln","arcs":[[212,-211,-172,-132,213]]},{"type":"Polygon","properties":{"name":"Jackson","fips":"37099"},"id":"Jackson","arcs":[[214,-195,-180,215,216]]},{"type":"Polygon","properties":{"name":"Moore","fips":"37125"},"id":"Moore","arcs":[[217,-157,-160,-198,-208,218,219,220]]},{"type":"Polygon","properties":{"name":"Mecklenburg","fips":"37119"},"id":"Mecklenburg","arcs":[[221,-214,-131,222,223,224]]},{"type":"Polygon","properties":{"name":"Cabarrus","fips":"37025"},"id":"Cabarrus","arcs":[[225,-223,-130,-165,226]]},{"type":"Polygon","properties":{"name":"Montgomery","fips":"37123"},"id":"Montgomery","arcs":[[227,-140,-155,-218,228,229]]},{"type":"Polygon","properties":{"name":"Stanly","fips":"37167"},"id":"Stanly","arcs":[[230,231,-227,-166,-228]]},{"type":"Polygon","properties":{"name":"Henderson","fips":"37089"},"id":"Henderson","arcs":[[232,-173,-201,233,234]]},{"type":"Polygon","properties":{"name":"Graham","fips":"37075"},"id":"Graham","arcs":[[235,236,-193,237]]},{"type":"Polygon","properties":{"name":"Lenoir","fips":"37107"},"id":"Lenoir","arcs":[[-205,-197,-171,238,239,240]]},{"type":"Polygon","properties":{"name":"Transylvania","fips":"37175"},"id":"Transylvania","arcs":[[-216,-179,-233,241]]},{"type":"Polygon","properties":{"name":"Gaston","fips":"37071"},"id":"Gaston","arcs":[[-212,-213,-222,242]]},{"type":"Polygon","properties":{"name":"Polk","fips":"37149"},"id":"Polk","arcs":[[-234,-200,243]]},{"type":"Polygon","properties":{"name":"Macon","fips":"37113"},"id":"Macon","arcs":[[244,245,246,-238,-192,-215]]},{"type":"Polygon","properties":{"name":"Sampson","fips":"37163"},"id":"Sampson","arcs":[[247,248,249,-209,-178,-204,250]]},{"type":"Polygon","properties":{"name":"Pamlico","fips":"37137"},"id":"Pamlico","arcs":[[251,-188,252]]},{"type":"Polygon","properties":{"name":"Cherokee","fips":"37039"},"id":"Cherokee","arcs":[[-236,-247,253,254]]},{"type":"Polygon","properties":{"name":"Cumberland","fips":"37051"},"id":"Cumberland","arcs":[[255,256,257,-219,-207,-250]]},{"type":"Polygon","properties":{"name":"Jones","fips":"37103"},"id":"Jones","arcs":[[258,259,260,-240,261,262]]},{"type":"Polygon","properties":{"name":"Union","fips":"37179"},"id":"Union","arcs":[[-224,-226,-232,263,264]]},{"type":"Polygon","properties":{"name":"Anson","fips":"37007"},"id":"Anson","arcs":[[265,-264,-231,-230,266]]},{"type":"Polygon","properties":{"name":"Hoke","fips":"37093"},"id":"Hoke","arcs":[[267,-220,-258,268]]},{"type":"MultiPolygon","properties":{"name":"Hyde","fips":"37095"},"id":"Hyde","arcs":[[[-190,-147,-151,269,-184,270]],[[271]]]},{"type":"Polygon","properties":{"name":"Duplin","fips":"37061"},"id":"Duplin","arcs":[[272,-251,-206,-241,-261,273]]},{"type":"Polygon","properties":{"name":"Richmond","fips":"37153"},"id":"Richmond","arcs":[[274,-267,-229,-221,275]]},{"type":"Polygon","properties":{"name":"Clay","fips":"37043"},"id":"Clay","arcs":[[-254,-246,276]]},{"type":"MultiPolygon","properties":{"name":"Craven","fips":"37049"},"id":"Craven","arcs":[[[277,278,-263]],[[-189,-252,279,-262,-239,-170]]]},{"type":"Polygon","properties":{"name":"Scotland","fips":"37165"},"id":"Scotland","arcs":[[280,-276,-268,281]]},{"type":"Polygon","properties":{"name":"Onslow","fips":"37133"},"id":"Onslow","arcs":[[282,-274,-260,283,284]]},{"type":"Polygon","properties":{"name":"Robeson","fips":"37155"},"id":"Robeson","arcs":[[285,286,-282,-269,-257,287]]},{"type":"MultiPolygon","properties":{"name":"Carteret","fips":"37031"},"id":"Carteret","arcs":[[[-284,-259,-279,288]],[[289]]]},{"type":"Polygon","properties":{"name":"Bladen","fips":"37017"},"id":"Bladen","arcs":[[290,-288,-256,-249,291]]},{"type":"Polygon","properties":{"name":"Pender","fips":"37141"},"id":"Pender","arcs":[[292,293,-292,-248,-273,-283,294,295]]},{"type":"Polygon","properties":{"name":"Columbus","fips":"37047"},"id":"Columbus","arcs":[[296,-286,-291,-294,297]]},{"type":"Polygon","properties":{"name":"New Hanover","fips":"37129"},"id":"New Hanover","arcs":[[298,-296,299]]},{"type":"Polygon","properties":{"name":"Brunswick","fips":"37019"},"id":"Brunswick","arcs":[[-298,-293,-299,300]]}]}},"arcs":[[[3215,8687],[-77,141],[-23,4],[-81,248],[-121,188]],[[2913,9268],[48,296],[-5,175],[37,260],[366,-62]],[[3359,9937],[-3,-129],[26,-90],[13,-121],[53,-161],[4,-119],[25,-94],[1,-52]],[[3478,9171],[-28,-48],[-73,41],[-36,-38],[-5,-52],[13,-146],[-15,-77],[-44,23],[-7,-65],[-21,-25],[-24,-78],[-23,-19]],[[3359,9937],[498,-28]],[[3857,9909],[-34,-247],[-36,-115],[18,-194],[-8,-40]],[[3797,9313],[-24,-46],[-5,-72],[-23,-19],[-25,41],[-20,120],[-47,72],[-16,5],[-17,-31],[-18,13],[-10,-32],[-17,26],[-26,-34],[-71,-185]],[[4361,8717],[-22,45],[-68,8],[-10,73],[-10,7],[-41,-38],[-38,18],[-49,-100],[-33,48],[-31,-2],[-11,23],[-21,-24],[-15,13],[-19,-48],[-103,-55]],[[3890,8685],[4,335],[-20,110],[-41,68],[-36,115]],[[3857,9909],[74,-7],[256,-22],[198,-23]],[[4385,9857],[-20,-1086]],[[4365,8771],[-4,-54]],[[9377,9002],[-10,67],[-17,-7],[-13,65],[-58,-17],[-74,159],[3,77],[-11,53],[-183,476]],[[9014,9875],[229,4],[92,-1],[14,-157],[-65,-40],[130,-248],[7,-78],[-36,14],[57,-198],[26,214],[4,-267],[140,-880],[1,-147],[-63,121],[-66,514],[-49,54],[17,129],[-75,93]],[[9356,9878],[32,-1],[98,-52],[-15,-253],[-59,15],[1,147],[-57,144]],[[9642,8668],[-11,-15]],[[9631,8653],[-134,1223],[27,-2],[118,-1206]],[[8013,8712],[-19,-98],[-72,-11],[6,-180]],[[7928,8423],[-18,0],[-29,74],[-61,75],[12,136],[-39,58],[-6,96],[-40,140],[-95,-63],[-22,6],[-16,38],[-9,51],[23,176],[-1,112],[-85,126],[-17,119],[-54,23],[-57,-20],[-171,135]],[[7243,9705],[2,159]],[[7245,9864],[152,1],[501,2],[161,9]],[[8059,9876],[26,-111],[70,-69],[19,-89],[-9,-49],[-50,2],[-13,-53],[-3,-145],[-86,-650]],[[8546,8685],[-265,-13],[-16,20],[-153,-8],[-99,28]],[[8059,9876],[285,-8]],[[8344,9868],[18,-184],[-42,-167],[-9,-147],[12,-65],[22,-34]],[[8345,9271],[206,-286],[38,-181],[-43,-119]],[[9377,9002],[58,-465],[-27,-89],[-228,538]],[[9180,8986],[-12,35],[-25,11],[-25,124],[-26,9],[-15,65],[-32,39],[-21,65],[-95,139],[-104,209]],[[8825,9682],[-74,190]],[[8751,9872],[75,2],[188,1]],[[8752,9079],[-47,-94],[-49,1],[-46,-77]],[[8610,8909],[-99,236],[-166,126]],[[8344,9868],[3,0],[404,4]],[[8825,9682],[-5,-190],[47,-290]],[[8867,9202],[-115,-123]],[[6783,8782],[29,117],[-43,937]],[[6769,9836],[304,26],[172,2]],[[7243,9705],[-18,-35],[-15,-545],[-25,-265],[-61,-315]],[[7124,8545],[-59,57],[-57,8],[-29,85],[-196,87]],[[4847,8746],[-482,25]],[[4385,9857],[437,-15],[27,-8]],[[4849,9834],[-2,-1088]],[[5405,8730],[23,1114]],[[5428,9844],[331,8],[82,-14]],[[5841,9838],[-17,-1154]],[[5824,8684],[-112,8]],[[5712,8692],[-307,38]],[[5405,8730],[0,-36]],[[5405,8694],[-558,52]],[[4849,9834],[346,11],[233,-1]],[[6287,8056],[-45,-5],[-17,69],[-8,125],[4,432]],[[6221,8677],[12,1152]],[[6233,9829],[67,9],[314,-17]],[[6614,9821],[-6,-65],[-43,-72],[-17,-158],[3,-1057],[25,-6]],[[6576,8463],[-60,-390],[-3,-199]],[[6513,7874],[-166,194],[-60,-12]],[[6221,8677],[-162,8]],[[6059,8685],[-235,-1]],[[5841,9838],[392,-9]],[[6614,9821],[155,15]],[[6783,8782],[-42,-129],[-39,-1],[-41,-232],[-85,43]],[[7884,8073],[-82,-271]],[[7802,7802],[-23,5],[-14,66],[-29,46],[-69,33],[-12,75],[-1,99],[-13,22],[-66,33],[-40,108],[-49,74],[-17,-9]],[[7469,8354],[-22,-37],[-31,45],[-61,-8],[-11,-31],[-85,32],[-35,46],[-5,77],[-19,36],[-19,-14],[-20,20],[-13,-43],[-24,68]],[[7928,8423],[26,-27],[16,-92],[-1,-45],[18,-63],[-77,-51],[-26,-72]],[[9050,8613],[-29,71],[-54,70],[-100,448]],[[9180,8986],[-40,-69],[120,-451],[-33,-99],[-105,58],[-72,188]],[[3725,7951],[-72,-53],[-45,39],[-37,-38],[-89,10],[-97,-127]],[[3385,7782],[-28,96],[-47,82],[-11,69],[-35,35],[-28,64],[-71,46],[-33,59]],[[3132,8233],[53,91],[55,201],[-25,162]],[[3890,8685],[-4,-670]],[[3886,8015],[-125,4],[-36,-68]],[[2839,8208],[-12,17],[-6,179],[-32,88],[-39,26],[-15,38],[-9,85],[14,166],[-19,88]],[[2721,8895],[91,162],[112,-19],[24,16],[-35,104],[0,110]],[[3132,8233],[-127,23],[-166,-48]],[[8845,8116],[-64,30],[-43,55],[-22,506],[27,140],[9,232]],[[9050,8613],[26,-384],[-231,-113]],[[8845,8116],[68,-78],[-116,-190],[-80,11],[-62,205],[18,-105],[-65,46],[-41,396],[43,508]],[[2687,7655],[-23,-58],[19,-76],[-3,-30],[-46,-18]],[[2634,7473],[-19,33],[-50,194],[7,140],[-22,113],[-17,238]],[[2533,8191],[64,110],[99,493],[25,101]],[[2839,8208],[83,-171],[-79,-362]],[[2843,7675],[-64,37],[-24,71],[-23,19],[-24,-45],[-21,-102]],[[4317,7981],[-219,8]],[[4098,7989],[-212,26]],[[4361,8717],[18,-85],[-5,-355],[-53,-58],[-15,-47],[-3,-89],[14,-102]],[[6844,7140],[-14,122],[-47,166],[-23,-21],[-35,114],[-39,51],[-41,149],[-132,153]],[[7124,8545],[-140,-644],[-140,-761]],[[4833,7844],[-94,57],[-100,0],[-2,-116],[-138,9],[4,-42],[-56,-49]],[[4447,7703],[-35,62],[-7,88],[-36,79],[-17,75],[-22,-44],[-13,18]],[[4847,8746],[-14,-902]],[[5397,7419],[-569,95]],[[4828,7514],[5,330]],[[5405,8694],[-8,-1275]],[[5726,7335],[9,-114],[-341,-1]],[[5394,7220],[3,199]],[[5712,8692],[-1,-694],[-13,-529],[28,-134]],[[8504,7302],[-31,81],[-28,11],[-24,-179],[-25,-68],[-23,-12],[-7,199],[-35,98],[-62,-62],[-15,-59],[-50,-16],[16,210],[-7,65],[-29,15],[-27,-39],[-111,22],[-8,17],[3,193],[-25,3],[2,60],[-71,83],[-44,75],[-19,74]],[[8546,8685],[-17,-329],[75,-560],[-53,-208],[49,18]],[[8600,7606],[-12,-80],[-23,-34],[-15,-102],[-22,-69],[-24,-19]],[[5983,7297],[-87,-15],[-170,53]],[[6059,8685],[-76,-1388]],[[6287,8056],[-5,-192],[28,58],[14,-3],[13,-107],[-3,-76],[-31,-156],[-33,-74],[-50,20],[-22,-221],[-88,1]],[[6110,7306],[-127,-9]],[[6920,6806],[-21,2],[-6,47],[-26,28],[-23,257]],[[7469,8354],[-146,-1070]],[[7323,7284],[-17,-70],[-32,34],[-354,-442]],[[2487,7151],[-32,0],[7,302],[-10,78],[-40,50],[-12,46],[-4,201],[-37,8],[-10,-73],[-20,6],[-49,161],[-9,-66],[-22,10],[-12,41],[-5,166],[-46,30],[-26,-11]],[[2160,8100],[39,86],[70,87],[56,-7],[61,98],[61,-27],[40,-160],[46,14]],[[2634,7473],[5,-67],[-8,-55],[-50,-70],[-71,-36],[-23,-94]],[[7502,6604],[-70,256],[-27,216],[3,99],[-14,44],[-71,65]],[[7802,7802],[71,-320],[-18,-342]],[[7855,7140],[-44,48],[-10,-41],[-14,18],[-10,-52],[-31,-53],[-21,22],[-36,-122],[-187,-356]],[[3378,7065],[-54,-167]],[[3324,6898],[-47,22],[-44,89],[-117,-17],[-37,139],[-122,206],[-53,192],[-28,5],[-2,81],[-31,60]],[[3385,7782],[-8,0],[-12,-222],[10,-197],[-7,-178],[10,-120]],[[2306,6705],[-3,83],[-45,73],[-23,87],[-4,154],[-34,41],[-34,-9]],[[2163,7134],[-40,253],[-52,83],[4,158],[-26,92]],[[2049,7720],[36,76],[75,304]],[[2487,7151],[-41,-74],[-11,-140],[-53,-161],[-76,-71]],[[8058,6833],[-33,84],[-60,15],[-4,87],[-106,121]],[[8504,7302],[-27,-179],[2,-76],[-24,-123],[-14,-190]],[[8441,6734],[-159,-204],[-205,320],[-19,-17]],[[6093,6266],[-88,83],[68,592],[-7,32],[44,333]],[[6844,7140],[-251,-442],[-255,-649]],[[6338,6049],[-245,217]],[[2163,7134],[-107,-65],[-300,-378],[-44,-33],[-42,25],[-43,-67]],[[1627,6616],[-30,200],[-50,42],[10,101],[-22,94]],[[1535,7053],[63,297],[-8,205],[20,76],[45,-4],[54,-98],[36,132],[3,114],[12,45],[134,192],[18,10],[27,-42],[14,-76],[-16,-69],[8,-149],[51,-27],[53,61]],[[4057,6003],[-56,-3]],[[4001,6000],[-202,9]],[[3799,6009],[4,72],[-11,55]],[[3792,6136],[34,281],[-82,286],[-58,60],[-19,112],[-42,104]],[[3625,6979],[68,237],[60,521],[-28,214]],[[4098,7989],[-18,-715]],[[4080,7274],[-68,-627],[45,-644]],[[4361,6883],[-36,110],[-43,23],[-51,118],[-40,31],[-31,67],[-80,42]],[[4447,7703],[20,-95],[1,-171],[-50,-42],[22,-96],[0,-48],[-10,-22],[-22,20],[-13,-54],[-23,1],[-12,-30],[-25,40],[8,-174],[25,-79],[-7,-70]],[[3625,6979],[-20,63],[-16,127],[-211,-104]],[[4803,5996],[-132,-2]],[[4671,5994],[-31,256],[-47,186],[-39,45],[-45,170],[-1,114],[-57,-12],[-90,130]],[[4828,7514],[-25,-1518]],[[2828,6250],[-56,533],[-135,300],[11,67],[48,35],[30,75],[0,163],[-39,232]],[[3324,6898],[-33,-194],[-102,-335],[-31,-168]],[[3158,6201],[-44,-22],[-29,24],[-63,-31],[-45,45]],[[2977,6217],[-13,23],[-6,88],[-55,23],[-18,-65],[-57,-36]],[[8926,6710],[-254,15]],[[8672,6725],[-231,9]],[[8600,7606],[325,132],[43,-166]],[[8968,7572],[-14,-118],[29,-147],[-57,-263],[0,-334]],[[9198,6702],[-48,-341],[-26,-36],[-73,63],[27,287],[-152,35]],[[8968,7572],[178,164],[140,-51],[71,-157],[-56,-604],[37,-270],[-140,48]],[[2828,6250],[-18,-35],[-9,-102],[-25,-25],[-118,-33],[-39,90],[-39,-64],[-91,-36],[-61,35]],[[2428,6080],[-110,149],[-25,76],[28,85],[-21,98],[-6,120],[12,97]],[[5141,5997],[-338,-1]],[[5394,7220],[-17,-1197]],[[5377,6023],[-236,-26]],[[6093,6266],[-61,-228]],[[6032,6038],[-72,120],[-32,182],[-74,95],[-69,-182],[-18,-80],[-12,-10],[-8,54],[-55,-130],[-11,52],[-22,-6],[-11,-13],[3,-46],[-21,-18],[-13,-43]],[[5617,6013],[-240,10]],[[7058,6278],[-68,57],[-42,316],[1,97],[-29,58]],[[7502,6604],[-31,-60]],[[7471,6544],[-144,-295]],[[7327,6249],[-1,32],[-197,-25],[-66,69],[-5,-47]],[[4540,5956],[-483,47]],[[4671,5994],[-131,-38]],[[7725,5685],[-35,234],[1,71],[-20,46],[-2,51],[-30,-17],[-17,23],[-78,206],[-73,245]],[[8058,6833],[1,-66],[-17,-9],[-4,-45],[23,-87],[-13,-44],[14,-107],[25,-57],[5,-81],[32,-46],[18,-131]],[[8142,6160],[-49,-9],[-28,-105],[-26,-355]],[[8039,5691],[-18,-101],[-33,-58],[-5,-95],[-22,-15],[-33,88],[-68,-186],[-37,21]],[[7823,5345],[-17,50],[-48,43],[-33,247]],[[3792,6136],[-634,65]],[[2330,5841],[-74,116],[-54,-60],[7,-57],[-10,-22],[-40,42],[-74,-90],[-50,-2],[-9,-58],[-27,-5],[-14,43],[-62,-3],[-57,64],[-51,-59],[-33,-78]],[[1782,5672],[-42,88],[-16,86],[28,250],[-2,142],[-47,171],[-11,14],[-24,-30],[-23,83],[-18,140]],[[2428,6080],[-59,-47],[-5,-121],[-14,-55],[-20,-16]],[[6524,5292],[-1,79],[-69,246],[-25,160],[-74,226],[-23,24],[6,22]],[[7058,6278],[-91,-565],[-13,-289],[-23,-41],[-35,-2],[-32,-90],[-35,10],[-47,-137]],[[6782,5164],[-121,-115],[-86,38],[-51,205]],[[1782,5672],[-101,-378],[-97,-92]],[[1584,5202],[-39,66],[-36,176],[-60,124],[-8,63],[-47,146],[-46,38],[-16,102],[-44,104]],[[1288,6021],[28,145],[-27,115],[3,149],[-19,54],[12,93],[-35,83],[-49,20]],[[1201,6680],[6,36],[11,65],[66,39],[47,125],[29,4],[65,69],[83,-31],[27,66]],[[9642,8668],[258,-1628],[-178,966],[-43,1],[-48,646]],[[9509,6460],[-19,127],[-127,13]],[[9363,6600],[37,825],[192,114],[78,-200],[22,-754],[-56,-319],[-127,194]],[[9960,6605],[-47,363],[86,-559],[-78,-1439],[-252,-140],[65,167],[192,171],[52,1045],[-18,392]],[[8142,6160],[136,-419],[325,-318],[91,-286]],[[8694,5137],[-29,-132],[-238,-74],[-53,127]],[[8374,5058],[-335,633]],[[8672,6725],[28,-144],[1,-107],[25,-95],[52,-57],[23,-60]],[[8801,6262],[30,-133],[-164,-79],[11,-304],[-87,-96],[-449,510]],[[1119,5308],[-105,-15],[-55,-88],[-232,-71]],[[727,5134],[-12,57],[0,76],[63,95],[40,105],[20,143],[-7,98],[-51,33],[-24,-57],[-103,74],[-124,33],[-28,44],[-57,-48],[-28,23]],[[416,5810],[51,78],[32,126],[58,31],[61,124],[116,46],[67,25],[59,-61],[63,16],[53,139],[80,103],[50,104],[50,11],[45,128]],[[1288,6021],[-51,4],[-23,-24],[-71,-161],[-48,-28],[-13,-157],[39,-183],[-2,-164]],[[7351,5475],[1,138],[-30,80],[5,556]],[[7725,5685],[-24,-52],[-45,39],[-3,-59],[-24,-77],[-71,-54],[-50,-99],[-21,23],[-16,88],[-70,-29],[-50,10]],[[5798,5253],[-92,148],[-23,178],[-21,59],[-24,23],[-8,110],[-35,95],[21,78],[1,69]],[[6032,6038],[-234,-785]],[[2653,4824],[8,218],[-99,280],[-36,60],[-43,182],[-37,31],[-117,-14]],[[2329,5581],[-23,156],[5,59],[19,45]],[[2977,6217],[-16,-784],[-44,-366],[-25,-123],[-7,-142]],[[2885,4802],[-118,3],[-114,19]],[[6947,4802],[-2,40],[-104,103],[-59,219]],[[7351,5475],[-28,-82],[-7,-630]],[[7316,4763],[-58,-62],[-7,-40],[-23,58],[-34,31],[-22,-16],[-43,83],[-39,-3],[-57,-57],[-86,45]],[[6440,5029],[-116,60],[-109,-5],[-70,-60],[-13,-46],[-30,-28],[-207,-120]],[[5895,4830],[-57,85],[-25,85],[-54,108],[39,145]],[[6524,5292],[-47,-105],[-37,-158]],[[3384,4733],[-44,-3],[-455,72]],[[3158,6201],[19,-54],[-10,-93],[79,-399]],[[3246,5655],[43,-198],[61,-120],[-13,-62],[14,-130],[37,-54],[9,-268],[-13,-90]],[[3797,5596],[-551,59]],[[3799,6009],[14,-214],[-13,-56],[-3,-143]],[[1373,4129],[-62,218],[18,89],[-3,30],[-33,74],[-18,103],[-28,73],[-2,234],[-15,31],[-35,-34],[-23,18],[-29,124],[-24,219]],[[1584,5202],[-9,-232],[-58,-156],[-13,-101],[9,-114],[-79,-236],[9,-87],[42,-58]],[[1485,4218],[-112,-89]],[[5319,4717],[-47,112],[-67,328],[-64,840]],[[5895,4830],[-1,-48]],[[5894,4782],[-28,-25],[-28,13],[-100,109],[-129,-230],[-119,-382]],[[5490,4267],[-45,93],[-65,5],[-24,34],[-2,170],[-35,148]],[[3693,4688],[28,-9],[19,52],[7,121],[-15,199],[39,308],[60,57],[-13,60],[-50,16],[29,104]],[[4001,6000],[1,-100],[15,-54],[18,-167],[-19,-71],[82,-221],[34,-281],[135,-217]],[[4267,4889],[-248,-625],[-42,-31],[-49,-97]],[[3928,4136],[-61,213],[-37,154],[-127,-237],[-29,108],[42,144],[-23,98],[0,72]],[[4309,4819],[-42,70]],[[4540,5956],[-91,-406],[-116,-644],[-24,-87]],[[4795,4685],[14,98],[-7,114],[-30,170],[-2,138],[49,277],[-2,38],[-72,323],[-52,39],[-22,112]],[[5319,4717],[-34,-20],[-68,71],[-70,-21],[-87,23],[-82,-66],[-75,-19],[-39,-50],[-62,-2]],[[4802,4633],[-7,52]],[[4795,4685],[-43,159],[-25,-83],[-26,18],[-5,-79],[-10,-18],[-24,67],[-34,-33],[-31,168],[-16,-2],[-15,-40]],[[4566,4842],[-57,-71],[-26,-12],[-28,26],[-29,-48],[-33,14],[-28,-29],[-34,82],[-22,15]],[[1978,4681],[-22,131],[-8,212],[-16,93],[3,94],[-153,461]],[[2329,5581],[-64,-309],[-29,-89],[-5,-156],[-14,-1],[8,-186]],[[2225,4840],[-11,-36],[-12,-1],[-21,95],[-54,-143],[-33,14],[-65,-70],[-51,-18]],[[708,5055],[-65,-51],[-43,43],[-51,-7],[-95,-103],[-45,-13],[-35,63],[-13,109],[-31,113]],[[330,5209],[2,121],[26,175],[-7,129],[65,176]],[[727,5134],[-19,-79]],[[7823,5345],[-30,7],[-42,-108],[2,-60],[21,-96],[-50,-120]],[[7724,4968],[-61,46],[20,-310],[-25,-40],[-75,-274],[-149,-258]],[[7434,4132],[-15,6],[-11,57],[3,287],[-14,122],[-81,159]],[[1978,4681],[-95,-111],[-36,7],[-2,-87],[-11,-25],[-83,-21],[-131,-111],[-135,-115]],[[3693,4688],[-309,45]],[[2653,4824],[-269,18],[-77,7],[-48,-40],[-34,31]],[[1373,4129],[-459,-30]],[[914,4099],[-16,102],[-29,60],[-10,74],[-92,264],[-1,59],[-83,-17],[-24,26]],[[659,4667],[30,129],[-11,61],[29,63],[1,135]],[[7003,3098],[0,-80],[-49,-82],[-112,-455]],[[6842,2481],[-20,101],[-36,89],[-15,92],[11,21],[-14,36],[-19,137],[-28,34],[-26,111],[-16,138],[-111,354]],[[6568,3594],[-48,194],[-58,132],[-46,151],[-36,322],[9,81],[14,33],[14,189],[-13,133],[14,28],[-3,51],[25,121]],[[6947,4802],[-8,-313],[17,-108],[14,-617],[-59,-582],[44,-56],[23,-63],[25,35]],[[8323,4387],[-1,110],[-52,201],[20,10],[7,115],[21,107],[56,128]],[[8694,5137],[26,144],[57,-31],[38,-203],[-150,-281],[39,-126],[-21,-274],[-61,-148],[-193,-155],[-104,167],[-2,157]],[[659,4667],[-18,8],[-111,-82],[-60,-205],[-52,-81],[-7,-108],[-33,-111]],[[378,4088],[-146,-3],[-232,3],[37,818],[73,188],[53,-76],[88,17],[66,100],[13,74]],[[6568,3594],[-20,-43],[-355,3],[-72,-50]],[[6121,3504],[-19,-13],[-18,194],[-22,84],[-96,189]],[[5966,3958],[-69,311],[-14,300],[11,213]],[[8204,3505],[-10,-59],[-18,1],[-31,-66],[-66,-33],[-5,-52]],[[8074,3296],[-33,110],[15,103],[-30,12],[-19,181],[-70,155],[-56,23],[-39,-68],[-146,178],[-158,80],[-49,-64]],[[7489,4006],[-55,126]],[[7724,4968],[57,-122],[246,-392],[30,-128],[44,3],[10,56],[23,-12]],[[8134,4373],[8,-155],[-7,-716],[69,3]],[[4566,4842],[-57,-1397]],[[4509,3445],[-266,1],[-269,4],[16,459],[-62,227]],[[4966,3419],[-457,26]],[[4802,4633],[8,-120],[63,-52],[31,25],[34,69],[20,1],[14,-33],[7,-103],[30,-127],[-13,-138],[30,-146],[15,-233],[-54,-192],[-21,-165]],[[5620,3522],[-23,403],[-43,190],[-64,152]],[[5966,3958],[-167,-450],[-179,14]],[[9198,6702],[71,-123],[94,21]],[[9509,6460],[-182,-800],[-145,-270],[-358,276],[-39,125],[85,201],[13,171],[-82,99]],[[9367,4385],[47,173],[137,188],[102,93],[-54,-105],[-104,-116],[-112,-233],[-16,0]],[[7481,3095],[-267,-34],[-14,32],[-56,-9],[-32,44],[-109,-30]],[[7489,4006],[31,-177],[-39,-734]],[[5230,3409],[-264,10]],[[5490,4267],[-103,-138],[-30,-80],[-8,-124],[17,-138],[-64,-214],[12,-117],[-55,0],[-29,-47]],[[914,4099],[-41,-9],[-438,-1],[-57,-1]],[[8134,4373],[124,-49],[99,-430],[300,-111]],[[8657,3783],[24,-58],[-140,-157],[-337,-63]],[[8323,4387],[-118,82],[-64,-15],[-7,-81]],[[5489,2777],[-238,616],[-21,16]],[[5620,3522],[-5,-99],[19,-135],[-145,-511]],[[7652,2123],[-43,46],[-128,926]],[[8074,3296],[17,-38]],[[8091,3258],[22,-293],[-31,-90],[-430,-752]],[[6156,2198],[-62,-87],[-35,-16],[-28,-185],[-30,-41],[-5,-81],[-26,-69],[-13,-104],[-37,-54]],[[5920,1561],[-421,1161],[-10,55]],[[6121,3504],[61,-354],[43,-184],[-55,-438],[8,-218],[-22,-112]],[[8657,3783],[-26,235],[158,17],[96,155],[23,-260],[68,-11],[39,121],[17,-100],[-175,-605],[-176,-241],[-479,-77],[-111,241]],[[8773,2607],[-12,84],[19,12],[60,309],[59,233],[65,193],[98,237],[-205,-679],[-84,-389]],[[6836,1894],[-76,-112],[-123,27],[-225,293],[-25,-1],[-10,52],[-161,-36],[-28,15],[-32,66]],[[6842,2481],[-7,-96],[9,-75],[96,-166],[-104,-250]],[[7102,1650],[-118,130],[-27,-6]],[[6957,1774],[-34,-52],[-11,10],[-76,162]],[[7652,2123],[-55,-133],[-26,52],[8,-82],[-166,-398]],[[7413,1562],[-67,201],[-21,106],[-68,-89],[-38,34],[-25,-62],[-6,36],[-33,35],[-17,-49],[8,-83],[-44,-41]],[[6392,246],[-472,1315]],[[6957,1774],[-120,-543],[-127,-48],[14,-58],[-72,-179],[-76,75],[-39,-13],[-20,-77],[-21,-278],[-28,-104],[-47,-76],[-5,-119],[-24,-108]],[[7176,1135],[-6,196],[-11,4],[-9,67],[-19,23],[5,55],[-13,8],[-4,102],[-17,60]],[[7413,1562],[-129,-414],[-34,-457],[-36,-26],[-38,470]],[[7176,1135],[2,-727],[-86,-289],[-614,-119],[-86,246]]],"transform":{"scale":[0.0008868079852805167,0.00027078739743016526],"translate":[-84.32377349391139,33.88216460250206]}}
