{"type":"Topology","objects":{"North Dakota.geo":{"type":"GeometryCollection","geometries":[{"type":"Polygon","properties":{"name":"Divide","fips":"38023"},"id":"Divide","arcs":[[0,1,2]]},{"type":"Polygon","properties":{"name":"Burke","fips":"38013"},"id":"Burke","arcs":[[3,4,-3,5,6,7]]},{"type":"Polygon","properties":{"name":"Renville","fips":"38075"},"id":"Renville","arcs":[[8,-7,9,10,11]]},{"type":"Polygon","properties":{"name":"Bottineau","fips":"38009"},"id":"Bottineau","arcs":[[-11,12,13,14,15]]},{"type":"Polygon","properties":{"name":"Rolette","fips":"38079"},"id":"Rolette","arcs":[[-14,16,17,18]]},{"type":"Polygon","properties":{"name":"Towner","fips":"38095"},"id":"Towner","arcs":[[19,-18,20,21,22,23]]},{"type":"Polygon","properties":{"name":"Cavalier","fips":"38019"},"id":"Cavalier","arcs":[[24,25,-22,26,27]]},{"type":"Polygon","properties":{"name":"Pembina","fips":"38067"},"id":"Pembina","arcs":[[28,-28,29]]},{"type":"Polygon","properties":{"name":"Ward","fips":"38101"},"id":"Ward","arcs":[[30,31,-8,-9,32]]},{"type":"Polygon","properties":{"name":"Williams","fips":"38105"},"id":"Williams","arcs":[[33,34,-1,-5,35]]},{"type":"Polygon","properties":{"name":"McHenry","fips":"38049"},"id":"McHenry","arcs":[[-33,-12,-16,36,37,38]]},{"type":"Polygon","properties":{"name":"Mountrail","fips":"38061"},"id":"Mountrail","arcs":[[39,-36,-4,-32,40,41]]},{"type":"Polygon","properties":{"name":"Ramsey","fips":"38071"},"id":"Ramsey","arcs":[[42,-23,-26,43,44]]},{"type":"Polygon","properties":{"name":"Walsh","fips":"38099"},"id":"Walsh","arcs":[[45,-44,-25,-29,46,47]]},{"type":"Polygon","properties":{"name":"Pierce","fips":"38069"},"id":"Pierce","arcs":[[-37,-15,-19,-20,48,49,50]]},{"type":"Polygon","properties":{"name":"Benson","fips":"38005"},"id":"Benson","arcs":[[51,-49,-24,-43,52,53]]},{"type":"Polygon","properties":{"name":"Nelson","fips":"38063"},"id":"Nelson","arcs":[[54,55,-53,-45,-46,56,57]]},{"type":"Polygon","properties":{"name":"Grand Forks","fips":"38035"},"id":"Grand Forks","arcs":[[58,59,-57,-48,60]]},{"type":"Polygon","properties":{"name":"McKenzie","fips":"38053"},"id":"McKenzie","arcs":[[61,62,-34,-40,63,64]]},{"type":"Polygon","properties":{"name":"Sheridan","fips":"38083"},"id":"Sheridan","arcs":[[65,66,-38,-51,67,68]]},{"type":"Polygon","properties":{"name":"Wells","fips":"38103"},"id":"Wells","arcs":[[69,-68,-50,-52,70,71,72]]},{"type":"Polygon","properties":{"name":"McLean","fips":"38055"},"id":"McLean","arcs":[[73,74,-41,-31,-39,-67,75,76]]},{"type":"Polygon","properties":{"name":"Eddy","fips":"38027"},"id":"Eddy","arcs":[[-71,-54,-56,77,78]]},{"type":"Polygon","properties":{"name":"Dunn","fips":"38025"},"id":"Dunn","arcs":[[79,80,-64,-42,-75,81]]},{"type":"Polygon","properties":{"name":"Griggs","fips":"38039"},"id":"Griggs","arcs":[[82,83,84,-78,-55,85]]},{"type":"Polygon","properties":{"name":"Steele","fips":"38091"},"id":"Steele","arcs":[[-86,-58,-60,86,87,88]]},{"type":"Polygon","properties":{"name":"Traill","fips":"38097"},"id":"Traill","arcs":[[89,-87,-59,90]]},{"type":"Polygon","properties":{"name":"Foster","fips":"38031"},"id":"Foster","arcs":[[91,-72,-79,-85]]},{"type":"Polygon","properties":{"name":"Mercer","fips":"38057"},"id":"Mercer","arcs":[[92,93,-82,-74,94]]},{"type":"Polygon","properties":{"name":"Golden Valley","fips":"38033"},"id":"Golden Valley","arcs":[[95,-62,96,97]]},{"type":"Polygon","properties":{"name":"Billings","fips":"38007"},"id":"Billings","arcs":[[-97,-65,-81,98,99]]},{"type":"Polygon","properties":{"name":"Stutsman","fips":"38093"},"id":"Stutsman","arcs":[[100,101,-73,-92,-84,102,103]]},{"type":"Polygon","properties":{"name":"Kidder","fips":"38043"},"id":"Kidder","arcs":[[104,-69,-70,-102,105,106]]},{"type":"Polygon","properties":{"name":"Burleigh","fips":"38015"},"id":"Burleigh","arcs":[[107,108,109,-76,-66,-105]]},{"type":"Polygon","properties":{"name":"Oliver","fips":"38065"},"id":"Oliver","arcs":[[110,-95,-77,-110]]},{"type":"Polygon","properties":{"name":"Barnes","fips":"38003"},"id":"Barnes","arcs":[[111,112,-103,-83,-89,113]]},{"type":"Polygon","properties":{"name":"Cass","fips":"38017"},"id":"Cass","arcs":[[-114,-88,-90,114,115,116]]},{"type":"Polygon","properties":{"name":"Stark","fips":"38089"},"id":"Stark","arcs":[[117,118,-99,-80,-94,119,120]]},{"type":"Polygon","properties":{"name":"Morton","fips":"38059"},"id":"Morton","arcs":[[121,122,-120,-93,-111,-109,123]]},{"type":"Polygon","properties":{"name":"Grant","fips":"38037"},"id":"Grant","arcs":[[124,125,-121,-123,126]]},{"type":"Polygon","properties":{"name":"Logan","fips":"38047"},"id":"Logan","arcs":[[127,128,-106,-101,129]]},{"type":"Polygon","properties":{"name":"Emmons","fips":"38029"},"id":"Emmons","arcs":[[130,131,-124,-108,-107,-129,132]]},{"type":"Polygon","properties":{"name":"LaMoure","fips":"38045"},"id":"LaMoure","arcs":[[133,-130,-104,-113,134,135]]},{"type":"Polygon","properties":{"name":"Slope","fips":"38087"},"id":"Slope","arcs":[[136,137,138,-98,-100,-119,139]]},{"type":"Polygon","properties":{"name":"Hettinger","fips":"38041"},"id":"Hettinger","arcs":[[140,-140,-118,-126]]},{"type":"Polygon","properties":{"name":"Ransom","fips":"38073"},"id":"Ransom","arcs":[[141,142,-135,-112,-117,143]]},{"type":"Polygon","properties":{"name":"Richland","fips":"38077"},"id":"Richland","arcs":[[144,-144,-116,145]]},{"type":"Polygon","properties":{"name":"Sioux","fips":"38085"},"id":"Sioux","arcs":[[146,147,-127,-122,-132]]},{"type":"Polygon","properties":{"name":"McIntosh","fips":"38051"},"id":"McIntosh","arcs":[[-133,-128,-134,148,149]]},{"type":"Polygon","properties":{"name":"Dickey","fips":"38021"},"id":"Dickey","arcs":[[-149,-136,-143,150,151]]},{"type":"Polygon","properties":{"name":"Sargent","fips":"38081"},"id":"Sargent","arcs":[[-151,-142,-145,152]]},{"type":"Polygon","properties":{"name":"Bowman","fips":"38011"},"id":"Bowman","arcs":[[153,-138,154]]},{"type":"Polygon","properties":{"name":"Adams","fips":"38001"},"id":"Adams","arcs":[[-155,-137,-141,-125,-148,155]]}]}},"arcs":[[[1568,8816],[-1554,29]],[[14,8845],[-14,1154],[1498,0]],[[1498,9999],[-2,-884],[72,-4],[0,-295]],[[2435,8531],[-864,11]],[[1571,8542],[-3,274]],[[1498,9999],[1219,0]],[[2717,9999],[4,-644]],[[2721,9355],[-181,0],[-3,-260],[-102,0],[0,-564]],[[3996,8241],[-1045,3],[1,850],[-230,13],[-1,248]],[[2717,9999],[694,0]],[[3411,9999],[6,-918],[55,-1],[0,-558],[524,-9]],[[3996,8513],[0,-272]],[[3411,9999],[1748,0]],[[5159,9999],[2,-918],[46,-6],[5,-565]],[[5212,8510],[-179,0]],[[5033,8510],[-172,-1],[-2,293],[-866,-18],[3,-271]],[[5159,9999],[871,0]],[[6030,9999],[0,-902],[46,-8],[4,-582]],[[6080,8507],[-868,3]],[[6083,7962],[-3,545]],[[6030,9999],[710,0]],[[6740,9999],[1,-910],[48,-2],[-4,-564]],[[6785,8523],[-5,-567],[-323,4]],[[6457,7960],[-374,2]],[[8169,8522],[-524,1]],[[7645,8523],[-860,0]],[[6740,9999],[1414,0]],[[8154,9999],[-12,-917],[30,-4],[-3,-556]],[[9189,8517],[-1020,5]],[[8154,9999],[943,0],[17,-222],[55,-189],[6,-123],[-13,-67],[21,-17],[-12,-29],[35,-66],[11,-57],[-11,-26],[20,-28],[-3,-68],[33,-57],[-9,-44],[26,-67],[-14,-146],[-26,0],[6,-30],[-29,-22],[5,-88],[-23,-11],[8,-35],[-21,-34],[28,-42],[-18,-14]],[[4125,6266],[-1216,-1]],[[2909,6265],[0,556],[-53,5],[-2,1149],[-70,4],[-8,543],[-341,9]],[[3996,8241],[-1,-294],[61,-3],[9,-1132],[61,-6],[-1,-540]],[[1647,7156],[-43,31],[-65,-38],[-80,48],[-206,20],[-125,-76],[-28,-51],[-3,-106],[-14,-23],[-158,-86],[-70,-16],[-101,-73],[-55,85],[-43,32],[10,108],[-45,128],[12,36],[-19,9],[-38,-52],[-77,-1],[-56,-96],[12,-62],[-11,-27],[-43,-31],[-44,3],[9,-96],[-19,-83],[-35,-33],[-16,71],[-19,-4],[-19,-90],[-43,-60],[-33,-6],[-39,75],[-49,-27],[-36,58],[-39,18]],[[19,6741],[-5,1274],[0,830]],[[1571,8542],[3,-569],[72,2],[1,-819]],[[5033,8510],[-2,-567],[58,-3],[1,-1143],[47,-1],[2,-528]],[[5139,6268],[-508,-4]],[[4631,6264],[-506,2]],[[1890,6168],[-23,101],[26,239],[88,160],[13,87],[-12,33],[-37,24],[-21,80],[-55,-10],[-17,133],[-100,47],[9,53],[-16,34],[-98,7]],[[2909,6265],[-677,-16],[1,-261]],[[2233,5988],[-72,-33],[-39,18],[-139,81],[-69,65],[-24,49]],[[7370,6458],[-149,19],[0,79],[-28,57],[-9,123],[-16,13],[-59,-15],[-30,-85],[-47,-24],[1,29],[36,56],[-11,60],[-35,-33],[-9,147],[-23,56],[-75,-76],[-42,-100],[-14,47],[-25,-58],[-88,-8],[7,49],[-21,35],[0,70],[-44,-6],[-41,-67],[-9,248],[-59,12],[-22,98],[-93,62],[-8,714]],[[7645,8523],[-2,-581],[31,-2],[4,-557]],[[7678,7383],[-172,-4],[-2,-569],[-135,-5],[1,-347]],[[8201,7380],[-523,3]],[[9189,8517],[6,-22],[22,-12],[-12,-55],[18,-2],[-12,-258],[32,-3],[-4,-68],[-38,11],[2,-31],[28,-7],[-40,-64],[32,-13],[1,-39],[-22,-30],[26,-5],[-8,-116],[33,-20],[-27,-29],[24,-24],[1,-28],[-22,-6],[24,-23],[1,-27],[-33,-43],[17,-18],[-5,-83],[24,-18],[-41,-20],[39,-47],[-27,-12],[-8,-28]],[[9220,7377],[-1019,3]],[[6083,7962],[-470,-5],[-9,-1145],[49,-4],[-2,-543]],[[5651,6265],[-341,3]],[[5310,6268],[-171,0]],[[6343,6262],[-692,3]],[[7370,6458],[-1,-204]],[[7369,6254],[-1026,8]],[[8091,5682],[-695,4]],[[7396,5686],[-28,2],[1,566]],[[8201,7380],[-5,-570],[34,-4],[-2,-1125]],[[8228,5681],[-137,1]],[[9550,5679],[-788,-2]],[[8762,5677],[-534,4]],[[9220,7377],[1,-65],[-1,-24],[28,-28],[-27,-35],[21,-19],[-2,-86],[31,-50],[8,-100],[34,-72],[26,-304],[43,-120],[-7,-138],[27,-18],[31,-137],[-9,-60],[35,-50],[34,-100],[11,-161],[46,-131]],[[517,4565],[-494,6]],[[23,4571],[-2,215],[-2,1955]],[[1890,6168],[-3,-459],[-611,-12],[-14,-1135]],[[1262,4562],[-745,3]],[[5255,4547],[-749,-2]],[[4506,4545],[5,1121],[113,-3],[7,601]],[[5310,6268],[-1,-588],[55,1],[-6,-1131]],[[5358,4550],[-103,-3]],[[6094,4558],[-736,-8]],[[6343,6262],[-4,-570],[39,-5],[2,-281]],[[6380,5406],[2,-848]],[[6382,4558],[-288,0]],[[3731,4352],[-28,60],[-82,37],[-28,89],[-9,180],[-40,58],[-25,182],[-24,52],[22,80],[53,94],[-72,126],[-50,0],[-192,-101],[-124,13],[-139,-102],[-100,15],[-70,81],[-99,24],[-9,74],[-51,50],[-106,-12],[-78,20]],[[2480,5372],[-64,114],[-19,72],[7,269],[-45,110],[30,51],[-4,58],[-36,7],[-46,51],[-29,-22],[-41,-94]],[[4506,4545],[-98,-1],[-5,-547],[-263,12]],[[4140,4009],[-35,51],[-13,55],[12,149],[-12,63],[-68,97],[-126,30],[-55,-42],[-29,-97],[-83,37]],[[7396,5686],[0,-273]],[[7396,5413],[-1016,-7]],[[2535,3524],[-485,-10],[-1,-82],[-688,0]],[[1361,3432],[8,1125],[-107,5]],[[2480,5372],[-14,-790],[74,-2],[-5,-1056]],[[8122,4281],[-674,-1]],[[7448,4280],[-3,270],[-46,0]],[[7399,4550],[-3,863]],[[8091,5682],[-4,-1124],[34,-4],[1,-273]],[[8762,5677],[8,-1150],[28,1],[1,-247]],[[8799,4281],[-345,1]],[[8454,4282],[-332,-1]],[[9619,4267],[-820,14]],[[9550,5679],[21,-191],[28,-46],[-8,-125],[12,-60],[-15,-75],[12,-68],[-20,-127],[14,-81],[-15,-77],[23,-14],[14,-80],[-15,-76],[17,-61],[-11,-90],[12,-67],[-16,-121],[16,-53]],[[7399,4550],[-1017,8]],[[3058,3436],[-451,-3]],[[2607,3433],[-72,-1],[0,92]],[[3731,4352],[1,-69],[-674,-14],[0,-833]],[[22,1993],[-1,327],[2,2251]],[[517,4565],[2,-1136],[91,-3],[-3,-1142]],[[607,2284],[-254,-3],[-1,-304],[-330,16]],[[1361,3432],[-247,-1],[-5,-1146]],[[1109,2285],[-502,-1]],[[6688,2295],[-549,6]],[[6139,2301],[-5,1123],[-43,-1],[3,1135]],[[7448,4280],[6,-838],[25,-9],[7,-1149]],[[7486,2284],[-798,11]],[[5291,2296],[6,1140],[-48,0],[6,1111]],[[6139,2301],[-618,-8]],[[5521,2293],[-230,3]],[[5291,2296],[-747,0]],[[4544,2296],[2,80],[-96,-20],[-33,97],[-48,4],[-23,88],[20,29],[-1,52],[-69,43],[22,193],[-110,299],[0,151],[-38,118]],[[4170,3430],[53,91],[21,101],[-67,166],[-37,221]],[[4170,3430],[-1112,6]],[[8492,2280],[-470,-5]],[[8022,2275],[-536,9]],[[8454,4282],[-1,-860],[38,2],[1,-1144]],[[9619,4267],[15,-230],[-17,-59],[26,-193],[-10,-45],[6,-146],[-17,-77],[14,-23],[10,-109],[32,-1],[-12,-45],[16,-25],[3,-52],[33,14],[8,-44],[-28,-181],[13,-73],[-39,-107],[23,-162],[-2,-180],[-16,-92],[5,-160]],[[9682,2277],[-657,6]],[[9025,2283],[-533,-3]],[[2614,2285],[-1101,-7]],[[1513,2278],[-404,7]],[[2607,3433],[5,-860]],[[2612,2573],[2,-288]],[[4617,1629],[-36,-8],[-24,-48],[-58,-4],[-54,-92],[-27,68],[-103,-46],[-46,18],[-10,29],[-54,-8],[-39,-62],[-18,-93],[-38,-88],[-56,-23],[16,-67],[-28,-58],[-33,-7]],[[4009,1140],[2,285],[-338,14],[-2,830],[-552,22],[-1,263],[-506,19]],[[4544,2296],[34,-89],[60,-41],[21,-43],[-20,-54],[21,-127],[-49,-181],[6,-132]],[[2742,398],[0,498]],[[2742,896],[-1,248],[-67,5],[-2,1134],[-58,2]],[[4009,1140],[-59,-44],[-29,-64],[4,-90],[-106,-99],[-9,-141],[-29,12],[-10,-38],[-97,-27],[-1,-57],[-54,-104],[-82,-20],[-23,-50],[-29,-14],[-46,1],[-23,-27],[-8,-67],[-55,11],[9,-31],[-27,-31],[-35,48],[-29,-34],[-36,67],[-32,-61],[-34,-8],[-73,81],[-25,-20],[-9,23],[-55,-7],[-9,-33],[-47,22],[-20,118],[-46,-12],[-8,-29],[-63,22],[-31,-41],[-41,2]],[[6681,1149],[-1111,-1]],[[5570,1148],[-53,2],[4,1143]],[[6688,2295],[-7,-1146]],[[5574,41],[-850,-10]],[[4724,31],[1,51],[-27,113],[-68,118],[-26,87],[-32,214],[16,181],[73,215],[-31,124],[44,173],[-4,102],[-53,220]],[[5570,1148],[4,-1107]],[[6728,1147],[-47,2]],[[8022,2275],[-8,-1130]],[[8014,1145],[-1286,2]],[[1515,1128],[-91,-3]],[[1424,1125],[-1404,15]],[[20,1140],[2,853]],[[1513,2278],[2,-1150]],[[2742,896],[-653,4],[1,234],[-575,-6]],[[9026,1144],[-968,-2]],[[8058,1142],[-44,3]],[[9025,2283],[1,-1139]],[[9092,19],[-5,202],[-28,11],[-3,906],[-30,6]],[[9682,2277],[8,-18],[17,-79],[27,-37],[14,-323],[34,-68],[7,-135],[29,-49],[48,-172],[49,-28],[17,-47],[5,-318],[16,-76],[-2,-76],[22,-48],[26,-266],[-32,-242],[19,-240],[-7,-44],[-887,8]],[[4724,31],[-1981,7]],[[2743,38],[-1,360]],[[6728,1147],[3,-1119]],[[6731,28],[-946,11],[-211,2]],[[8058,1142],[-6,-1140]],[[8052,2],[-953,22],[-368,4]],[[9092,19],[-992,-19],[-48,2]],[[1422,34],[-1403,6],[1,1100]],[[1424,1125],[-2,-1091]],[[2743,38],[-1257,-3],[-64,-1]]],"transform":{"scale":[0.0007511811295310638,0.0003069511502620483],"translate":[-104.06299108823991,45.93082217389464]}}
