{"type":"Topology","objects":{"Nebraska.geo":{"type":"GeometryCollection","geometries":[{"type":"Polygon","properties":{"name":"Sioux","fips":"31165"},"id":"Sioux","arcs":[[0,1,2,3]]},{"type":"Polygon","properties":{"name":"Dawes","fips":"31045"},"id":"Dawes","arcs":[[-1,4,5,6]]},{"type":"Polygon","properties":{"name":"Sheridan","fips":"31161"},"id":"Sheridan","arcs":[[-6,7,8,9,10,11,12]]},{"type":"Polygon","properties":{"name":"Keya Paha","fips":"31103"},"id":"Keya Paha","arcs":[[13,14,15,16,17]]},{"type":"Polygon","properties":{"name":"Boyd","fips":"31015"},"id":"Boyd","arcs":[[18,-18,19,20]]},{"type":"Polygon","properties":{"name":"Cherry","fips":"31031"},"id":"Cherry","arcs":[[21,22,23,24,25,-9,26,-16]]},{"type":"Polygon","properties":{"name":"Holt","fips":"31089"},"id":"Holt","arcs":[[27,28,29,-19,30,31,32]]},{"type":"Polygon","properties":{"name":"Knox","fips":"31107"},"id":"Knox","arcs":[[33,-31,-21,34,35,36]]},{"type":"Polygon","properties":{"name":"Cedar","fips":"31027"},"id":"Cedar","arcs":[[37,38,-36,39,40]]},{"type":"Polygon","properties":{"name":"Brown","fips":"31017"},"id":"Brown","arcs":[[41,42,-22,-15,43]]},{"type":"Polygon","properties":{"name":"Rock","fips":"31149"},"id":"Rock","arcs":[[44,-44,-14,-30]]},{"type":"Polygon","properties":{"name":"Dixon","fips":"31051"},"id":"Dixon","arcs":[[45,46,-41,47,48]]},{"type":"Polygon","properties":{"name":"Dakota","fips":"31043"},"id":"Dakota","arcs":[[-49,49,50]]},{"type":"Polygon","properties":{"name":"Pierce","fips":"31139"},"id":"Pierce","arcs":[[51,-37,-39,52,53]]},{"type":"Polygon","properties":{"name":"Box Butte","fips":"31013"},"id":"Box Butte","arcs":[[54,-2,-7,-13,55]]},{"type":"Polygon","properties":{"name":"Antelope","fips":"31003"},"id":"Antelope","arcs":[[56,57,-32,-34,-52,58]]},{"type":"Polygon","properties":{"name":"Wayne","fips":"31179"},"id":"Wayne","arcs":[[59,60,-53,-38,-47,61]]},{"type":"Polygon","properties":{"name":"Thurston","fips":"31173"},"id":"Thurston","arcs":[[62,63,-62,-46,-51,64]]},{"type":"Polygon","properties":{"name":"Cuming","fips":"31039"},"id":"Cuming","arcs":[[65,66,67,-60,-64,68]]},{"type":"Polygon","properties":{"name":"Stanton","fips":"31167"},"id":"Stanton","arcs":[[69,70,-61,-68,71]]},{"type":"Polygon","properties":{"name":"Madison","fips":"31119"},"id":"Madison","arcs":[[72,-59,-54,-71,73]]},{"type":"Polygon","properties":{"name":"Grant","fips":"31075"},"id":"Grant","arcs":[[74,-10,-26,75,76]]},{"type":"Polygon","properties":{"name":"Loup","fips":"31115"},"id":"Loup","arcs":[[77,-42,-45,-29,78,79]]},{"type":"Polygon","properties":{"name":"Hooker","fips":"31091"},"id":"Hooker","arcs":[[80,-76,-25,81,82]]},{"type":"Polygon","properties":{"name":"Garfield","fips":"31071"},"id":"Garfield","arcs":[[83,84,-79,-28,85]]},{"type":"Polygon","properties":{"name":"Thomas","fips":"31171"},"id":"Thomas","arcs":[[86,-82,-24,87,88]]},{"type":"Polygon","properties":{"name":"Wheeler","fips":"31183"},"id":"Wheeler","arcs":[[-86,-33,-58,89,90]]},{"type":"Polygon","properties":{"name":"Blaine","fips":"31009"},"id":"Blaine","arcs":[[-88,-23,-43,-78,91,92]]},{"type":"Polygon","properties":{"name":"Burt","fips":"31021"},"id":"Burt","arcs":[[-69,-63,93,94,95]]},{"type":"Polygon","properties":{"name":"Garden","fips":"31069"},"id":"Garden","arcs":[[96,97,98,-11,-75,99,100]]},{"type":"Polygon","properties":{"name":"Scotts Bluff","fips":"31157"},"id":"Scotts Bluff","arcs":[[101,102,-3,-55,103]]},{"type":"Polygon","properties":{"name":"Morrill","fips":"31123"},"id":"Morrill","arcs":[[-99,104,105,-104,-56,-12]]},{"type":"Polygon","properties":{"name":"Boone","fips":"31011"},"id":"Boone","arcs":[[106,107,-90,-57,-73,108]]},{"type":"Polygon","properties":{"name":"Colfax","fips":"31037"},"id":"Colfax","arcs":[[109,-72,-67,110,111]]},{"type":"Polygon","properties":{"name":"Dodge","fips":"31053"},"id":"Dodge","arcs":[[112,113,-111,-66,-96,114]]},{"type":"Polygon","properties":{"name":"Platte","fips":"31141"},"id":"Platte","arcs":[[115,116,117,-109,-74,-70,-110,118]]},{"type":"Polygon","properties":{"name":"Arthur","fips":"31005"},"id":"Arthur","arcs":[[-100,-77,-81,119,120]]},{"type":"Polygon","properties":{"name":"Greeley","fips":"31077"},"id":"Greeley","arcs":[[121,-91,-108,122,123,124]]},{"type":"Polygon","properties":{"name":"McPherson","fips":"31117"},"id":"McPherson","arcs":[[-120,-83,-87,125,126,127]]},{"type":"Polygon","properties":{"name":"Logan","fips":"31113"},"id":"Logan","arcs":[[-126,-89,-93,128,129]]},{"type":"Polygon","properties":{"name":"Custer","fips":"31041"},"id":"Custer","arcs":[[130,131,-129,-92,-80,-85,132,133,134]]},{"type":"Polygon","properties":{"name":"Valley","fips":"31175"},"id":"Valley","arcs":[[-133,-84,-122,135]]},{"type":"Polygon","properties":{"name":"Banner","fips":"31007"},"id":"Banner","arcs":[[136,137,-102,-106,138]]},{"type":"Polygon","properties":{"name":"Washington","fips":"31177"},"id":"Washington","arcs":[[139,-115,-95,140]]},{"type":"Polygon","properties":{"name":"Nance","fips":"31125"},"id":"Nance","arcs":[[141,-123,-107,-118]]},{"type":"Polygon","properties":{"name":"Butler","fips":"31023"},"id":"Butler","arcs":[[142,143,-119,-112,144]]},{"type":"Polygon","properties":{"name":"Saunders","fips":"31155"},"id":"Saunders","arcs":[[145,146,-145,-114,147,148]]},{"type":"Polygon","properties":{"name":"Cheyenne","fips":"31033"},"id":"Cheyenne","arcs":[[149,150,-139,-105,-98,151]]},{"type":"Polygon","properties":{"name":"Polk","fips":"31143"},"id":"Polk","arcs":[[152,153,154,-116,-144]]},{"type":"Polygon","properties":{"name":"Douglas","fips":"31055"},"id":"Douglas","arcs":[[-148,-113,-140,155,156]]},{"type":"Polygon","properties":{"name":"Sherman","fips":"31163"},"id":"Sherman","arcs":[[157,-134,-136,-125,158]]},{"type":"Polygon","properties":{"name":"Howard","fips":"31093"},"id":"Howard","arcs":[[159,160,-159,-124,161]]},{"type":"Polygon","properties":{"name":"Lincoln","fips":"31111"},"id":"Lincoln","arcs":[[162,163,-127,-130,-132,164,165,166]]},{"type":"Polygon","properties":{"name":"Merrick","fips":"31121"},"id":"Merrick","arcs":[[-162,-142,-117,-155,167,168]]},{"type":"Polygon","properties":{"name":"Keith","fips":"31101"},"id":"Keith","arcs":[[-164,169,170,-101,-121,-128]]},{"type":"Polygon","properties":{"name":"Kimball","fips":"31105"},"id":"Kimball","arcs":[[-137,-151,171]]},{"type":"Polygon","properties":{"name":"Deuel","fips":"31049"},"id":"Deuel","arcs":[[-171,172,-152,-97]]},{"type":"Polygon","properties":{"name":"Sarpy","fips":"31153"},"id":"Sarpy","arcs":[[-149,-157,173,174]]},{"type":"Polygon","properties":{"name":"Hamilton","fips":"31081"},"id":"Hamilton","arcs":[[175,176,-168,-154,177]]},{"type":"Polygon","properties":{"name":"Cass","fips":"31025"},"id":"Cass","arcs":[[178,179,-146,-175,180]]},{"type":"Polygon","properties":{"name":"Seward","fips":"31159"},"id":"Seward","arcs":[[181,-143,182,183]]},{"type":"Polygon","properties":{"name":"Lancaster","fips":"31109"},"id":"Lancaster","arcs":[[184,185,-183,-147,-180,186]]},{"type":"Polygon","properties":{"name":"Buffalo","fips":"31019"},"id":"Buffalo","arcs":[[187,-135,-158,-161,188,189,190,191]]},{"type":"Polygon","properties":{"name":"Dawson","fips":"31047"},"id":"Dawson","arcs":[[192,-165,-131,-188,193,194]]},{"type":"Polygon","properties":{"name":"York","fips":"31185"},"id":"York","arcs":[[195,-178,-153,-182]]},{"type":"Polygon","properties":{"name":"Hall","fips":"31079"},"id":"Hall","arcs":[[-189,-160,-169,-177,196]]},{"type":"Polygon","properties":{"name":"Perkins","fips":"31135"},"id":"Perkins","arcs":[[197,198,-170,-163,199]]},{"type":"Polygon","properties":{"name":"Otoe","fips":"31131"},"id":"Otoe","arcs":[[-187,-179,200,201,202]]},{"type":"Polygon","properties":{"name":"Saline","fips":"31151"},"id":"Saline","arcs":[[203,204,-184,-186,205]]},{"type":"Polygon","properties":{"name":"Adams","fips":"31001"},"id":"Adams","arcs":[[206,207,-190,-197,208]]},{"type":"Polygon","properties":{"name":"Clay","fips":"31035"},"id":"Clay","arcs":[[-209,-176,209,210]]},{"type":"Polygon","properties":{"name":"Fillmore","fips":"31059"},"id":"Fillmore","arcs":[[-210,-196,-205,211]]},{"type":"Polygon","properties":{"name":"Hayes","fips":"31085"},"id":"Hayes","arcs":[[212,-200,-167,213,214,215]]},{"type":"Polygon","properties":{"name":"Chase","fips":"31029"},"id":"Chase","arcs":[[216,-198,-213,217]]},{"type":"Polygon","properties":{"name":"Frontier","fips":"31063"},"id":"Frontier","arcs":[[-214,-166,-193,218,219,220,221]]},{"type":"Polygon","properties":{"name":"Gosper","fips":"31073"},"id":"Gosper","arcs":[[222,-219,-195,223]]},{"type":"Polygon","properties":{"name":"Kearney","fips":"31099"},"id":"Kearney","arcs":[[224,-191,-208,225]]},{"type":"Polygon","properties":{"name":"Phelps","fips":"31137"},"id":"Phelps","arcs":[[-224,-194,-192,-225,226,227]]},{"type":"Polygon","properties":{"name":"Nemaha","fips":"31127"},"id":"Nemaha","arcs":[[228,229,-202,230,231]]},{"type":"Polygon","properties":{"name":"Gage","fips":"31067"},"id":"Gage","arcs":[[232,-206,-185,233,234,235]]},{"type":"Polygon","properties":{"name":"Johnson","fips":"31097"},"id":"Johnson","arcs":[[-234,-203,-230,236]]},{"type":"Polygon","properties":{"name":"Thayer","fips":"31169"},"id":"Thayer","arcs":[[237,238,-212,239]]},{"type":"Polygon","properties":{"name":"Jefferson","fips":"31095"},"id":"Jefferson","arcs":[[-233,240,-240,-204]]},{"type":"Polygon","properties":{"name":"Dundy","fips":"31057"},"id":"Dundy","arcs":[[-218,-216,241,242]]},{"type":"Polygon","properties":{"name":"Franklin","fips":"31061"},"id":"Franklin","arcs":[[243,-226,244,245]]},{"type":"Polygon","properties":{"name":"Webster","fips":"31181"},"id":"Webster","arcs":[[-245,-207,246,247]]},{"type":"Polygon","properties":{"name":"Nuckolls","fips":"31129"},"id":"Nuckolls","arcs":[[-247,-211,-239,248]]},{"type":"Polygon","properties":{"name":"Hitchcock","fips":"31087"},"id":"Hitchcock","arcs":[[249,-242,-215,-222,250]]},{"type":"Polygon","properties":{"name":"Harlan","fips":"31083"},"id":"Harlan","arcs":[[-244,251,252,-227]]},{"type":"Polygon","properties":{"name":"Furnas","fips":"31065"},"id":"Furnas","arcs":[[253,-220,-223,-228,-253,254]]},{"type":"Polygon","properties":{"name":"Red Willow","fips":"31145"},"id":"Red Willow","arcs":[[-251,-221,-254,255]]},{"type":"Polygon","properties":{"name":"Richardson","fips":"31147"},"id":"Richardson","arcs":[[256,-232,257]]},{"type":"Polygon","properties":{"name":"Pawnee","fips":"31133"},"id":"Pawnee","arcs":[[-235,-237,-229,-257,258]]}]}},"arcs":[[[634,9984],[9,-717],[15,-2],[6,-1161],[41,-4]],[[705,8100],[-8,-1154],[48,-13],[1,-288]],[[746,6645],[-730,3],[-13,19]],[[3,6667],[-3,2042],[0,1290],[634,-15]],[[634,9984],[567,3],[248,-14]],[[1449,9973],[-2,-714],[20,-7],[0,-1126]],[[1467,8126],[-762,-26]],[[1449,9973],[802,-18]],[[2251,9955],[3,-700],[21,-5],[-1,-1136],[27,-9],[6,-1148],[34,-6]],[[2341,6951],[2,-270],[-65,-8]],[[2278,6673],[-699,-13]],[[1579,6660],[-33,6]],[[1546,6666],[-3,276],[-44,10],[-9,1167],[-23,7]],[[5483,9331],[-51,-31],[-39,-61],[-47,-1],[-52,-35],[-23,-51],[-95,-107],[-112,8],[-34,37],[-20,-25]],[[5010,9065],[-64,-3],[-29,34],[-25,-6],[-59,35],[-45,58],[-70,5],[-105,79],[-61,1],[-73,49],[-18,79],[-20,-4],[-30,37]],[[4411,9429],[-1,530]],[[4410,9959],[761,4],[318,1]],[[5489,9964],[-6,-633]],[[6574,9186],[-46,32],[-132,-19],[-136,43],[-96,97],[-40,-11],[-74,82],[-57,0],[-31,58],[-57,-7],[-47,104],[-62,59],[-42,-19],[-102,-139],[-66,-32],[-28,-51],[-75,-52]],[[5489,9964],[865,-2],[46,-182],[75,-56],[93,-128]],[[6568,9596],[-3,-334],[9,-76]],[[4411,9429],[-1,-201],[19,-8],[-3,-1114],[13,-9],[10,-1161]],[[4449,6936],[-117,-7]],[[4332,6929],[-661,11]],[[3671,6940],[-666,4]],[[3005,6944],[-664,7]],[[2251,9955],[978,-10],[1181,14]],[[6059,6939],[-530,1]],[[5529,6940],[-14,4]],[[5515,6944],[-3,1134],[-19,1160],[-9,4],[-1,89]],[[6574,9186],[9,-1074]],[[6583,8112],[7,-1174]],[[6590,6938],[-531,1]],[[7111,8120],[-528,-8]],[[6568,9596],[163,-140],[26,-13],[25,-51],[1,-40],[102,-130],[43,-8],[36,23],[39,62],[45,129],[2,82],[80,36],[25,-57],[28,-11],[54,39],[45,-70],[58,81],[73,-44],[74,40],[26,-10]],[[7513,9514],[-2,-1385]],[[7511,8129],[-400,-9]],[[8043,7820],[-398,-5]],[[7645,7815],[-1,310],[-133,4]],[[7513,9514],[30,-22],[78,57],[89,-19],[45,-39],[33,6],[21,-36],[15,-95],[57,-46],[36,-82],[131,-48]],[[8048,9190],[-5,-1370]],[[5023,6937],[-25,-4]],[[4998,6933],[-549,3]],[[5010,9065],[4,-981],[10,-7],[-1,-1140]],[[5515,6944],[-492,-7]],[[8378,7586],[-3,-53],[-110,-5]],[[8265,7528],[-220,14],[-2,278]],[[8048,9190],[41,-4],[11,-21],[-9,-82],[8,-20],[72,35],[112,-92],[-1,-76],[13,-37],[88,-5],[27,-36],[5,-55],[-24,-64],[2,-32],[88,-204],[8,-93]],[[8489,8404],[-103,-1],[-8,-817]],[[8489,8404],[28,-52],[23,37],[43,7],[60,-106],[64,2],[49,-72],[-2,-85],[-23,-90],[7,-112],[-14,-105],[39,-69],[24,-102],[30,-53]],[[8817,7604],[-439,-18]],[[7111,6946],[0,1174]],[[7645,7815],[2,-855]],[[7647,6960],[-536,-14]],[[794,6641],[-48,4]],[[1546,6666],[-752,-25]],[[7110,6397],[-519,-22]],[[6591,6375],[-1,563]],[[7111,6946],[-1,-549]],[[8267,6980],[-227,-11]],[[8040,6969],[-393,-9]],[[8265,7528],[2,-548]],[[8905,6830],[-41,-1],[-5,-84],[-278,-18]],[[8581,6727],[-1,243],[-313,10]],[[8817,7604],[12,-72],[-6,-102],[-30,-52],[13,-152],[77,-149],[22,-247]],[[8578,5817],[-401,-2]],[[8177,5815],[-132,6]],[[8045,5821],[-5,1148]],[[8581,6727],[-3,-910]],[[7783,5806],[-132,6]],[[7651,5812],[-4,1148]],[[8045,5821],[-262,-15]],[[7118,5793],[-8,604]],[[7651,5812],[-533,-19]],[[2362,5788],[-85,5],[1,880]],[[3005,6944],[-4,-1144]],[[3001,5800],[-639,-12]],[[5002,5796],[-4,1137]],[[5529,6940],[-1,-1145]],[[5528,5795],[-526,1]],[[3026,5794],[-25,6]],[[3671,6940],[6,-1141]],[[3677,5799],[-651,-5]],[[6061,5791],[-521,2]],[[5540,5793],[-12,2]],[[6059,6939],[2,-1148]],[[3827,5797],[-150,2]],[[4332,6929],[4,-1130]],[[4336,5799],[-509,-2]],[[6591,6375],[3,-575]],[[6594,5800],[-533,-9]],[[5002,5796],[-652,0]],[[4350,5796],[-14,3]],[[8905,6830],[31,-68],[3,-90],[38,-16],[20,-53],[43,-48],[2,-137],[-16,-69],[28,-138],[67,-236],[-26,-128],[0,-71],[16,-88],[-42,-34],[2,-36]],[[9071,5618],[-364,6]],[[8707,5624],[-3,184],[-126,9]],[[2292,4075],[-635,-9]],[[1657,4066],[1,594],[-26,8],[-4,122]],[[1628,4790],[-8,1015],[-23,4],[-23,222],[5,629]],[[2362,5788],[8,-1148]],[[2370,4640],[-79,-7],[1,-558]],[[783,5659],[-780,6]],[[3,5665],[0,1002]],[[794,6641],[-2,-816],[-8,-6],[-1,-160]],[[1628,4790],[-842,-6]],[[786,4784],[-3,875]],[[7121,5089],[-64,-6],[-2,-34],[-166,-9],[-2,-46],[-66,-4],[-2,-47],[-220,-14]],[[6599,4929],[4,866],[-9,5]],[[7118,5793],[3,-704]],[[7778,4634],[5,1172]],[[8177,5815],[-1,-948]],[[8176,4867],[-49,-24],[-64,-96],[-56,-26],[-65,-83],[-69,-36],[-95,32]],[[8833,4658],[-162,-5]],[[8671,4653],[-104,132],[-32,14],[-115,-11],[-75,62],[-169,17]],[[8707,5624],[10,-616],[6,-44],[18,-4],[4,-35],[16,-5],[1,-54],[25,-5],[0,-39],[46,-1],[0,-163]],[[7647,4631],[-1,23],[-13,10],[-73,-91],[-50,-38],[-35,2],[-92,-98]],[[7383,4439],[-2,198],[-121,6]],[[7260,4643],[-2,442],[-137,4]],[[7778,4634],[-30,-46],[-41,37],[-60,6]],[[3026,5794],[7,-1147]],[[3033,4647],[-663,-7]],[[6065,4656],[-4,1135]],[[6599,4929],[-2,-280]],[[6597,4649],[-523,5]],[[6074,4654],[-9,2]],[[3827,5797],[1,-1146]],[[3828,4651],[-635,-9]],[[3193,4642],[-160,5]],[[4350,5796],[-2,-1143]],[[4348,4653],[-520,-2]],[[5304,3490],[-915,-5]],[[4389,3485],[-20,5],[5,1157],[-26,6]],[[5540,5793],[6,-1143],[10,-5]],[[5556,4645],[-4,-1152]],[[5552,3493],[-248,-3]],[[6065,4656],[-509,-11]],[[778,4644],[-775,-9]],[[3,4635],[-2,585],[2,445]],[[786,4784],[0,-135],[-8,-5]],[[9277,4657],[-444,1]],[[9071,5618],[24,-98],[-13,-184],[34,-77],[-12,-43],[7,-85],[40,-43],[53,40],[12,-28],[-3,-55],[-20,-62],[8,-36],[61,-32],[21,-33],[-6,-225]],[[7260,4643],[-1,-280],[-219,-18],[-1,-42],[-178,3],[-3,-34],[-47,-3],[-2,-51],[-195,3],[0,422],[-17,6]],[[8175,3495],[-523,-7]],[[7652,3488],[-5,1143]],[[8176,4867],[-1,-1372]],[[8856,3490],[-47,-13],[-2,-72],[-121,-5]],[[8686,3400],[-2,91],[-509,4]],[[8671,4653],[63,-169],[26,-137],[44,-90],[-15,-149],[44,-150]],[[8833,3958],[16,-161],[-16,-191],[23,-116]],[[1640,3347],[-35,-7],[-835,7]],[[770,3347],[11,138],[-3,1159]],[[1657,4066],[-5,-570],[-11,-5],[-1,-144]],[[7652,3488],[-525,-4]],[[7127,3484],[-6,397]],[[7121,3881],[23,105],[38,59],[22,94],[40,48],[56,139],[83,113]],[[9277,4657],[-3,-181],[62,-129],[-10,-48],[-16,72],[-21,-22],[22,-255],[-13,-58],[7,-45]],[[9305,3991],[-472,-33]],[[6071,3487],[-519,6]],[[6074,4654],[-3,-1167]],[[6601,3478],[-502,6]],[[6099,3484],[-28,3]],[[6597,4649],[4,-1171]],[[3215,2342],[-2,1007]],[[3213,3349],[2,134],[-22,10],[0,1149]],[[4389,3485],[2,-1147]],[[4391,2338],[-635,3]],[[3756,2341],[-541,1]],[[7121,3881],[-95,-191],[-64,-42],[-112,-178],[-21,-84],[-79,-131],[-19,-59],[-48,-78],[-31,-108],[-43,-72]],[[6609,2938],[1,389],[-9,151]],[[3213,3349],[-917,-9]],[[2296,3340],[-4,735]],[[770,3347],[-217,-2],[-548,12],[-2,1278]],[[2296,3340],[-656,7]],[[9305,3991],[65,-45],[-1,-46],[-19,-9],[21,-182],[-24,-144]],[[9347,3565],[-120,-28],[-53,26],[-44,-6],[-44,-48],[-74,-133],[-40,-22],[-80,76],[-36,60]],[[7130,2350],[-521,2]],[[6609,2352],[0,586]],[[7127,3484],[3,-1134]],[[9378,2657],[-688,-24]],[[8690,2633],[-4,767]],[[9347,3565],[22,-103],[-1,-107],[26,-94],[2,-243],[2,-103],[-14,-73],[-6,-185]],[[7650,2344],[2,1144]],[[8175,3495],[-2,-1143]],[[8173,2352],[-523,-8]],[[8687,1776],[-513,-11]],[[8174,1765],[-1,587]],[[8690,2633],[-3,-857]],[[5315,2244],[0,76],[-13,12],[2,1158]],[[6099,3484],[-1,-1138]],[[6098,2346],[-2,-42]],[[6096,2304],[-195,-110],[-319,-5]],[[5582,2189],[-120,26],[-44,33],[-103,-4]],[[4663,2331],[-272,7]],[[5315,2244],[-266,48]],[[5049,2292],[-49,38],[-337,1]],[[7650,2344],[-520,6]],[[6609,2352],[-511,-6]],[[3104,2341],[-806,0]],[[2298,2341],[-1,152],[-1,847]],[[3215,2342],[-111,-1]],[[9378,2657],[-28,-206],[124,-290],[12,-74],[-11,-106],[4,-131],[30,-57]],[[9509,1793],[-370,-17]],[[9139,1776],[-452,0]],[[8171,1165],[-521,9]],[[7650,1174],[0,1170]],[[8174,1765],[-3,-600]],[[6615,1161],[-519,4]],[[6096,1165],[0,1139]],[[6609,2352],[6,-1191]],[[7130,2350],[2,-1185]],[[7132,1165],[-517,-4]],[[7650,1174],[-518,-9]],[[3103,1165],[1,1176]],[[3756,2341],[-4,-1184]],[[3752,1157],[-627,6]],[[3125,1163],[-22,2]],[[2296,1163],[0,293],[2,885]],[[3103,1165],[-807,-2]],[[4663,2331],[-4,-839],[-118,-2],[-3,-333]],[[4538,1157],[-119,-7]],[[4419,1150],[-642,3]],[[3777,1153],[-25,4]],[[5049,1154],[-511,3]],[[5049,2292],[0,-1138]],[[5583,1157],[-1,1032]],[[6096,1165],[-513,-8]],[[5583,1157],[-523,-5]],[[5060,1152],[-11,2]],[[9205,899],[-62,0]],[[9143,899],[-4,877]],[[9509,1793],[52,-28],[5,123],[14,16],[14,-24],[6,-94],[-31,-60],[-12,-89],[67,-296],[3,-125],[21,-41],[-2,-50],[-32,-30],[-1,-44],[58,2],[55,-144]],[[9726,909],[-521,-10]],[[8171,12],[0,1153]],[[8687,1776],[3,-892]],[[8690,884],[0,-879]],[[8690,5],[-397,1],[-122,6]],[[9143,899],[-453,-15]],[[7652,16],[-520,8]],[[7132,24],[0,1141]],[[7650,1174],[2,-1158]],[[8171,12],[-519,4]],[[3125,1163],[0,-1132]],[[3125,31],[-97,-3],[-737,-7],[5,1142]],[[5576,23],[7,1134]],[[6096,1165],[3,-1146]],[[6099,19],[-393,0],[-130,4]],[[6615,1161],[6,-1142]],[[6621,19],[-275,-4],[-247,4]],[[7132,24],[-129,-5],[-382,0]],[[3774,25],[-649,6]],[[3777,1153],[-3,-1128]],[[5576,23],[-514,12]],[[5062,35],[-2,1117]],[[4418,27],[1,1123]],[[5062,35],[-632,-9],[-12,1]],[[4418,27],[-622,-5],[-22,3]],[[9207,9],[-2,890]],[[9726,909],[81,-131],[11,-45],[7,-130],[44,-141],[34,-54],[9,-67],[-22,-49],[-11,-108],[26,-14],[23,-50],[29,-12],[42,-85],[-24,-23],[-516,3],[-252,6]],[[9207,9],[-273,-3],[-244,-1]]],"transform":{"scale":[0.0008748396978945957,0.00030107683952578255],"translate":[-104.05621936781314,39.992595017196585]}}