{"type":"Topology","objects":{"Tennessee.geo":{"type":"GeometryCollection","geometries":[{"type":"Polygon","properties":{"name":"Stewart","fips":"47161"},"id":"Stewart","arcs":[[0,1,2,3,4]]},{"type":"Polygon","properties":{"name":"Robertson","fips":"47147"},"id":"Robertson","arcs":[[5,6,7,8,9]]},{"type":"Polygon","properties":{"name":"Sumner","fips":"47165"},"id":"Sumner","arcs":[[10,11,-10,12,13,14]]},{"type":"Polygon","properties":{"name":"Montgomery","fips":"47125"},"id":"Montgomery","arcs":[[15,-2,16,-8,17,18]]},{"type":"Polygon","properties":{"name":"Macon","fips":"47111"},"id":"Macon","arcs":[[19,-14,20,21,22,23]]},{"type":"Polygon","properties":{"name":"Clay","fips":"47027"},"id":"Clay","arcs":[[-22,24,25,26,27]]},{"type":"Polygon","properties":{"name":"Pickett","fips":"47137"},"id":"Pickett","arcs":[[28,29,-26,30,31]]},{"type":"Polygon","properties":{"name":"Sullivan","fips":"47163"},"id":"Sullivan","arcs":[[32,33,34,35,36]]},{"type":"Polygon","properties":{"name":"Johnson","fips":"47091"},"id":"Johnson","arcs":[[37,-35,38]]},{"type":"Polygon","properties":{"name":"Scott","fips":"47151"},"id":"Scott","arcs":[[39,40,41,-32,42,43]]},{"type":"Polygon","properties":{"name":"Hancock","fips":"47067"},"id":"Hancock","arcs":[[44,45,46,47]]},{"type":"Polygon","properties":{"name":"Claiborne","fips":"47025"},"id":"Claiborne","arcs":[[-46,48,49,50,51]]},{"type":"Polygon","properties":{"name":"Campbell","fips":"47013"},"id":"Campbell","arcs":[[-44,52,-51,53,54]]},{"type":"Polygon","properties":{"name":"Hawkins","fips":"47073"},"id":"Hawkins","arcs":[[-48,55,-33,56,57,58,59]]},{"type":"Polygon","properties":{"name":"Fentress","fips":"47049"},"id":"Fentress","arcs":[[-29,-42,60,61,62,63]]},{"type":"Polygon","properties":{"name":"Overton","fips":"47133"},"id":"Overton","arcs":[[-64,64,65,-27,-30]]},{"type":"Polygon","properties":{"name":"Jackson","fips":"47087"},"id":"Jackson","arcs":[[66,-23,-28,-66,67]]},{"type":"Polygon","properties":{"name":"Carter","fips":"47019"},"id":"Carter","arcs":[[68,69,-36,-38,70]]},{"type":"Polygon","properties":{"name":"Lake","fips":"47095"},"id":"Lake","arcs":[[71,72,73]]},{"type":"Polygon","properties":{"name":"Obion","fips":"47131"},"id":"Obion","arcs":[[-74,74,75,76,77]]},{"type":"Polygon","properties":{"name":"Weakley","fips":"47183"},"id":"Weakley","arcs":[[78,79,80,-76,81]]},{"type":"Polygon","properties":{"name":"Henry","fips":"47079"},"id":"Henry","arcs":[[82,-5,83,84,-79]]},{"type":"Polygon","properties":{"name":"Trousdale","fips":"47169"},"id":"Trousdale","arcs":[[85,-15,-20,86]]},{"type":"Polygon","properties":{"name":"Cheatham","fips":"47021"},"id":"Cheatham","arcs":[[87,-18,-7,88,89]]},{"type":"Polygon","properties":{"name":"Washington","fips":"47179"},"id":"Washington","arcs":[[90,-57,-37,-70,91]]},{"type":"Polygon","properties":{"name":"Union","fips":"47173"},"id":"Union","arcs":[[92,93,-54,-50,94]]},{"type":"Polygon","properties":{"name":"Smith","fips":"47159"},"id":"Smith","arcs":[[95,96,-87,-24,-67,97]]},{"type":"Polygon","properties":{"name":"Grainger","fips":"47057"},"id":"Grainger","arcs":[[-95,-49,-45,-60,98,99,100]]},{"type":"Polygon","properties":{"name":"Greene","fips":"47059"},"id":"Greene","arcs":[[101,102,103,-58,-91,104]]},{"type":"Polygon","properties":{"name":"Davidson","fips":"47037"},"id":"Davidson","arcs":[[-89,-6,-12,105,106,107]]},{"type":"Polygon","properties":{"name":"Houston","fips":"47083"},"id":"Houston","arcs":[[108,109,-3,-16,110]]},{"type":"Polygon","properties":{"name":"Morgan","fips":"47129"},"id":"Morgan","arcs":[[111,-61,-41,112,113]]},{"type":"Polygon","properties":{"name":"Benton","fips":"47005"},"id":"Benton","arcs":[[114,115,116,-84,-4,-110,117]]},{"type":"Polygon","properties":{"name":"Wilson","fips":"47189"},"id":"Wilson","arcs":[[118,119,-106,-11,-86,-97,120]]},{"type":"Polygon","properties":{"name":"Hamblen","fips":"47063"},"id":"Hamblen","arcs":[[121,122,-99,-59,-104]]},{"type":"Polygon","properties":{"name":"Dickson","fips":"47043"},"id":"Dickson","arcs":[[-111,-19,-88,123,124,125]]},{"type":"Polygon","properties":{"name":"Putnam","fips":"47141"},"id":"Putnam","arcs":[[-98,-68,-65,-63,126,127,128]]},{"type":"Polygon","properties":{"name":"Anderson","fips":"47001"},"id":"Anderson","arcs":[[-113,-40,-55,-94,129,130]]},{"type":"Polygon","properties":{"name":"Unicoi","fips":"47171"},"id":"Unicoi","arcs":[[-105,-92,-69,131]]},{"type":"Polygon","properties":{"name":"Humphreys","fips":"47085"},"id":"Humphreys","arcs":[[-118,-109,-126,132,133]]},{"type":"Polygon","properties":{"name":"Gibson","fips":"47053"},"id":"Gibson","arcs":[[134,135,-77,-81,136,137]]},{"type":"Polygon","properties":{"name":"Dyer","fips":"47045"},"id":"Dyer","arcs":[[138,-72,-78,-136,139,140]]},{"type":"Polygon","properties":{"name":"Knox","fips":"47093"},"id":"Knox","arcs":[[141,142,-130,-93,-101,143,144]]},{"type":"Polygon","properties":{"name":"Jefferson","fips":"47089"},"id":"Jefferson","arcs":[[-144,-100,-123,145,146]]},{"type":"Polygon","properties":{"name":"Cocke","fips":"47029"},"id":"Cocke","arcs":[[147,148,-146,-122,-103]]},{"type":"Polygon","properties":{"name":"Cumberland","fips":"47035"},"id":"Cumberland","arcs":[[149,150,151,152,-127,-62,-112,153]]},{"type":"Polygon","properties":{"name":"Carroll","fips":"47017"},"id":"Carroll","arcs":[[-80,-85,-117,154,155,156,-137]]},{"type":"Polygon","properties":{"name":"DeKalb","fips":"47041"},"id":"DeKalb","arcs":[[-121,-96,-129,157,158,159]]},{"type":"Polygon","properties":{"name":"Rutherford","fips":"47149"},"id":"Rutherford","arcs":[[160,-107,-120,161,162,163,164]]},{"type":"Polygon","properties":{"name":"White","fips":"47185"},"id":"White","arcs":[[165,-158,-128,-153,166]]},{"type":"Polygon","properties":{"name":"Roane","fips":"47145"},"id":"Roane","arcs":[[167,-154,-114,-131,168,169,170]]},{"type":"Polygon","properties":{"name":"Williamson","fips":"47187"},"id":"Williamson","arcs":[[171,172,173,-124,-90,-108,-161]]},{"type":"Polygon","properties":{"name":"Sevier","fips":"47155"},"id":"Sevier","arcs":[[174,175,-145,-147,-149]]},{"type":"Polygon","properties":{"name":"Hickman","fips":"47081"},"id":"Hickman","arcs":[[176,177,-133,-125,-174,178]]},{"type":"Polygon","properties":{"name":"Crockett","fips":"47033"},"id":"Crockett","arcs":[[179,180,-140,-135,181]]},{"type":"Polygon","properties":{"name":"Cannon","fips":"47015"},"id":"Cannon","arcs":[[182,-162,-119,-160,183]]},{"type":"Polygon","properties":{"name":"Lauderdale","fips":"47097"},"id":"Lauderdale","arcs":[[184,-141,-181,185,186]]},{"type":"Polygon","properties":{"name":"Loudon","fips":"47105"},"id":"Loudon","arcs":[[187,188,-169,-143,189]]},{"type":"Polygon","properties":{"name":"Blount","fips":"47009"},"id":"Blount","arcs":[[190,191,-190,-142,-176]]},{"type":"Polygon","properties":{"name":"Warren","fips":"47177"},"id":"Warren","arcs":[[192,193,194,-184,-159,-166,195]]},{"type":"Polygon","properties":{"name":"Decatur","fips":"47039"},"id":"Decatur","arcs":[[-155,-116,196,197,198,199]]},{"type":"Polygon","properties":{"name":"Maury","fips":"47119"},"id":"Maury","arcs":[[200,201,-179,-173,202,203]]},{"type":"Polygon","properties":{"name":"Perry","fips":"47135"},"id":"Perry","arcs":[[204,205,-197,-115,-134,-178]]},{"type":"Polygon","properties":{"name":"Rhea","fips":"47143"},"id":"Rhea","arcs":[[206,-150,-168,207,208]]},{"type":"Polygon","properties":{"name":"Van Buren","fips":"47175"},"id":"Van Buren","arcs":[[209,-196,-167,-152,210]]},{"type":"Polygon","properties":{"name":"Henderson","fips":"47077"},"id":"Henderson","arcs":[[211,212,-156,-200,213]]},{"type":"Polygon","properties":{"name":"Haywood","fips":"47075"},"id":"Haywood","arcs":[[-186,-180,214,215,216,217]]},{"type":"Polygon","properties":{"name":"Madison","fips":"47113"},"id":"Madison","arcs":[[218,219,-215,-182,-138,-157,-213]]},{"type":"Polygon","properties":{"name":"Bledsoe","fips":"47007"},"id":"Bledsoe","arcs":[[220,221,-211,-151,-207]]},{"type":"Polygon","properties":{"name":"Meigs","fips":"47121"},"id":"Meigs","arcs":[[222,-208,-171,223,224]]},{"type":"Polygon","properties":{"name":"Marshall","fips":"47117"},"id":"Marshall","arcs":[[225,226,-203,-172,-165,227]]},{"type":"Polygon","properties":{"name":"Coffee","fips":"47031"},"id":"Coffee","arcs":[[228,-163,-183,-195,229,230,231]]},{"type":"Polygon","properties":{"name":"Bedford","fips":"47003"},"id":"Bedford","arcs":[[232,-228,-164,-229,233]]},{"type":"Polygon","properties":{"name":"Monroe","fips":"47123"},"id":"Monroe","arcs":[[-188,-192,234,235,236]]},{"type":"Polygon","properties":{"name":"Lewis","fips":"47101"},"id":"Lewis","arcs":[[-205,-177,-202,237,238]]},{"type":"Polygon","properties":{"name":"McMinn","fips":"47107"},"id":"McMinn","arcs":[[-237,239,240,-224,-170,-189]]},{"type":"Polygon","properties":{"name":"Tipton","fips":"47167"},"id":"Tipton","arcs":[[241,242,243,-187,-218]]},{"type":"Polygon","properties":{"name":"Chester","fips":"47023"},"id":"Chester","arcs":[[244,-219,-212,245,246]]},{"type":"Polygon","properties":{"name":"Sequatchie","fips":"47153"},"id":"Sequatchie","arcs":[[247,-193,-210,-222,248,249]]},{"type":"Polygon","properties":{"name":"Grundy","fips":"47061"},"id":"Grundy","arcs":[[250,-230,-194,-248,251]]},{"type":"Polygon","properties":{"name":"Wayne","fips":"47181"},"id":"Wayne","arcs":[[-198,-206,-239,252,253,254]]},{"type":"Polygon","properties":{"name":"Shelby","fips":"47157"},"id":"Shelby","arcs":[[255,256,-243]]},{"type":"Polygon","properties":{"name":"Hamilton","fips":"47065"},"id":"Hamilton","arcs":[[257,-249,-221,-209,-223,258,259]]},{"type":"Polygon","properties":{"name":"Lawrence","fips":"47099"},"id":"Lawrence","arcs":[[260,261,-253,-238,-201]]},{"type":"Polygon","properties":{"name":"Giles","fips":"47055"},"id":"Giles","arcs":[[-204,-227,262,263,-261]]},{"type":"Polygon","properties":{"name":"Hardeman","fips":"47069"},"id":"Hardeman","arcs":[[264,-216,-220,-245,265,266]]},{"type":"Polygon","properties":{"name":"Hardin","fips":"47071"},"id":"Hardin","arcs":[[267,-246,-214,-199,-255,268]]},{"type":"Polygon","properties":{"name":"Moore","fips":"47127"},"id":"Moore","arcs":[[269,270,-234,-232]]},{"type":"Polygon","properties":{"name":"Fayette","fips":"47047"},"id":"Fayette","arcs":[[-242,-217,-265,271,-256]]},{"type":"Polygon","properties":{"name":"McNairy","fips":"47109"},"id":"McNairy","arcs":[[-266,-247,-268,272]]},{"type":"Polygon","properties":{"name":"Lincoln","fips":"47103"},"id":"Lincoln","arcs":[[-263,-226,-233,-271,273,274]]},{"type":"Polygon","properties":{"name":"Franklin","fips":"47051"},"id":"Franklin","arcs":[[-270,-231,-251,275,276,-274]]},{"type":"Polygon","properties":{"name":"Bradley","fips":"47011"},"id":"Bradley","arcs":[[-225,-241,277,278,-259]]},{"type":"Polygon","properties":{"name":"Marion","fips":"47115"},"id":"Marion","arcs":[[-276,-252,-250,-258,279]]},{"type":"Polygon","properties":{"name":"Polk","fips":"47139"},"id":"Polk","arcs":[[280,-278,-240,-236]]}]}},"arcs":[[[2615,8916],[8,246],[-6,264],[-35,573],[231,-61],[20,-165],[185,18],[61,4]],[[3079,9795],[59,-1625]],[[3138,8170],[-127,-8],[-84,-195],[-67,-30],[-78,43],[-44,91],[-56,-4]],[[2682,8067],[-8,60]],[[2674,8127],[-68,454],[-3,49],[16,117],[-10,84],[6,85]],[[4107,8331],[-26,-58],[-3,-172],[-45,-70],[-88,233],[-23,-24]],[[3922,8240],[-69,-108],[-179,574]],[[3674,8706],[13,471],[-27,137],[17,100],[12,417]],[[3689,9831],[52,-3],[344,8],[300,17]],[[4385,9853],[-44,-64],[-17,-78],[-2,-80],[-76,-474],[-17,-344],[-52,-313],[-56,-33],[-14,-136]],[[4655,8028],[-14,-25],[-4,-179],[-25,22],[-44,-74],[15,218],[-6,35],[-29,20],[-15,-266],[-14,-1],[-45,162],[-74,-149],[-6,-141],[-11,-23],[-17,42],[-8,173],[-12,7],[-12,-74],[-11,-299],[-20,-48]],[[4303,7428],[-38,-9],[-13,42],[-55,444],[-90,426]],[[4385,9853],[110,-24],[250,-45]],[[4745,9784],[-27,-681],[21,-29],[-10,-171]],[[4729,8903],[-24,1],[-6,-82],[14,-5],[-4,-136],[-30,-4],[-10,-522],[-16,-65],[2,-62]],[[3227,7989],[-86,52],[-3,129]],[[3079,9795],[340,24],[270,12]],[[3674,8706],[-34,-71],[11,-149],[-20,-30],[-16,82],[-12,-90],[-72,-227],[-14,-146],[-15,-1],[-7,-187]],[[3495,7887],[-94,-5],[-174,107]],[[5005,8504],[-209,89],[-31,241],[-35,29],[-1,40]],[[4745,9784],[252,-60],[226,-38]],[[5223,9686],[-23,-716]],[[5200,8970],[-19,-528]],[[5181,8442],[-176,62]],[[5223,9686],[402,-51],[159,47],[32,-3]],[[5816,9679],[-14,-499]],[[5802,9180],[-107,-164],[2,-118],[-27,15],[-4,92],[-46,-91],[-29,-113],[-25,-197],[0,-191]],[[5566,8413],[-37,98],[-42,243],[-152,197],[-20,113],[-26,-33],[16,-78],[-36,-15],[-31,80],[-38,-48]],[[6443,9100],[-66,16],[-73,216],[-51,66],[-58,33],[-85,-131],[-28,-215],[-18,1],[-26,-148],[-15,-500],[-18,-20]],[[6005,8418],[-24,10],[-15,260],[-69,338],[-95,154]],[[5816,9679],[316,-27],[240,-92],[11,-2]],[[6383,9558],[60,-458]],[[8805,8521],[-20,127],[82,261],[1,83],[19,107],[-3,275],[15,36],[-8,68]],[[8891,9478],[363,1],[93,14],[72,6],[260,5],[13,104],[103,-12]],[[9795,9596],[-100,-222],[-82,-418]],[[9613,8956],[-12,-63],[-39,-25],[-45,-166],[-39,-31],[-64,-214],[-100,21],[-63,-161]],[[9251,8317],[-78,27],[-25,-35],[7,161],[-28,30],[-10,73],[-38,28],[-162,-116],[-88,107],[-24,-71]],[[9675,7538],[-14,9],[-59,235],[-1,148],[-39,112],[-20,149],[114,577],[-43,188]],[[9795,9596],[204,-23],[-20,-106],[-38,-415],[5,-282],[-49,-473],[0,-177],[36,-166],[-24,-26],[-116,31],[-93,-259],[-25,-162]],[[6853,7284],[-38,-266],[-40,-40]],[[6775,6978],[-35,250],[-93,178],[-23,-43],[2,214],[-26,78],[-19,-50],[-96,565]],[[6485,8170],[18,118],[28,34],[-41,247],[-47,531]],[[6383,9558],[606,-57],[3,0]],[[6992,9501],[-4,-120],[14,-226],[-16,-158],[-33,-46],[-30,39],[-16,-21],[-22,-298],[8,-263],[28,-121],[-12,-159],[4,-473],[-54,-88],[-6,-283]],[[8125,8310],[-26,-39],[-29,123],[-28,37],[-27,-19],[-8,50]],[[8007,8462],[13,246],[-18,277],[-36,286],[-61,250]],[[7905,9521],[219,10],[31,-63],[43,-11],[259,19],[158,-1]],[[8615,9475],[-116,-275],[-16,53],[-19,-36],[-14,106],[-89,-160],[-56,-154],[-72,-392],[-22,11],[6,-160],[-92,-158]],[[8007,8462],[-18,-41],[-13,54],[-45,-122],[-17,-103],[5,-85],[-8,-33],[-33,57],[-8,-14],[1,-70],[-19,40],[-8,-65],[-10,32],[-18,-39],[-34,63],[-99,-214],[-19,66]],[[7664,7988],[-19,112],[-18,-6],[-7,-82],[-32,-21],[-8,219],[-44,162],[2,74],[-25,50],[-35,-19],[-16,74],[-54,-84],[-9,24]],[[7399,8491],[-27,36],[-10,126],[5,63],[-89,765]],[[7278,9481],[83,-5],[277,-41],[23,85],[244,1]],[[6992,9501],[286,-20]],[[7399,8491],[-2,-166],[-50,-7],[-18,-55],[-6,-643],[-8,-17],[-11,45],[-37,-64]],[[7267,7584],[-16,120],[-54,-401],[-16,1],[-27,84],[-126,26],[-13,-387],[-34,83],[-39,173],[-35,-52],[-54,53]],[[8615,9475],[276,3]],[[8805,8521],[-4,-88]],[[8801,8433],[-141,-274],[-49,1],[-42,-131],[-76,-139],[-147,-497]],[[8346,7393],[-34,264],[-46,206],[7,26],[-14,60],[8,16],[-15,77],[-16,-68],[-4,-150],[-59,-107],[-31,18]],[[8142,7735],[-20,70],[17,168],[-23,227],[12,39],[-3,71]],[[6485,8170],[-28,-18],[-36,-181],[-30,-15],[-16,-120],[3,-108],[-92,-68],[-20,-342],[-20,-107],[3,-226],[-9,-89]],[[6240,6896],[-18,-48],[-10,75],[-14,-19],[-30,46],[-13,-54],[-29,17],[-22,84],[-20,-98],[-40,-84],[-23,26]],[[6021,6841],[-24,42]],[[5997,6883],[45,306],[-47,618],[10,611]],[[5997,6883],[-79,18],[-168,307],[6,112],[-91,67],[-69,270],[2,139],[-35,14]],[[5563,7810],[3,603]],[[5214,7500],[-28,-28],[-34,145],[29,825]],[[5563,7810],[-8,-69],[8,-4],[-1,-77],[-13,-9],[-24,-210],[-16,-19],[-20,-118],[-26,66],[-34,-21],[-8,-79],[-156,120],[-51,110]],[[9357,6850],[-28,319],[-34,72],[7,124],[-48,142],[-47,3]],[[9207,7510],[-4,96],[45,505],[3,206]],[[9675,7538],[-101,-790],[-66,-175],[-47,-23],[-42,256],[-62,44]],[[962,7255],[-13,8],[-5,-172],[-150,-24]],[[794,7067],[-68,219],[-21,118],[1,67],[28,16],[60,-82],[89,97],[7,43],[-8,96],[-75,161],[-18,158],[20,118],[70,-53],[29,60],[0,267],[-30,236],[34,182],[-20,156],[67,2],[-19,-195],[24,-116],[26,62],[39,273],[79,0]],[[1108,8952],[5,-115],[-32,-225],[8,-215],[-44,-311],[-4,-212],[-58,-566],[-21,-53]],[[1108,8952],[596,-16],[5,0]],[[1709,8936],[19,-167],[-3,-381],[-20,25],[-67,-129],[-27,24],[-13,92],[-29,-13],[-10,-1067]],[[1559,7320],[-4,-147],[-227,17]],[[1328,7190],[-366,65]],[[2072,8934],[-17,-2038]],[[2055,6896],[-5,-204],[-139,-13],[-1,-298],[-46,-1]],[[1864,6380],[-58,166],[-23,119],[-68,63],[-76,316],[-44,61],[-36,215]],[[1709,8936],[18,-5],[345,3]],[[2072,8934],[19,-8],[524,-10]],[[2674,8127],[-116,-9],[-4,-249],[10,-175],[-6,-244],[-16,-93],[-38,-97],[-24,-219],[-3,-150],[-25,-22],[-29,-112]],[[2423,6757],[-3,111],[-365,28]],[[4820,7753],[-48,100],[-38,199],[-23,-40],[-14,-255],[-18,-17],[-11,90],[6,179],[-19,19]],[[5005,8504],[-8,-72],[8,-132],[-86,-103],[-99,-444]],[[3610,6311],[26,653],[-9,41],[29,34],[-50,212],[29,155],[-28,105],[58,155],[6,64],[-44,71],[-35,-10],[-40,93],[-57,3]],[[3922,8240],[8,-237],[-74,-545],[-30,-691],[-47,-186],[-3,-311],[-11,1]],[[3765,6271],[-155,40]],[[8909,6565],[-64,317],[17,1560],[-61,-9]],[[9207,7510],[-40,-275],[-46,-142],[-13,-117],[-20,-51],[-57,7],[-49,-45],[-73,-322]],[[7596,6965],[-220,43],[-26,92]],[[7350,7100],[-83,484]],[[7664,7988],[-17,-178],[1,-140],[-24,-142],[10,-285],[-37,-165],[10,-83],[-11,-30]],[[5197,6796],[-8,-57],[-37,-24],[-10,-133],[-16,-5],[-44,109],[-10,-90],[-24,103],[-53,-100],[-8,23],[-13,-86],[-61,-7]],[[4913,6529],[-5,164],[-15,96],[-53,794],[-20,170]],[[5214,7500],[-8,-104],[18,-137],[-20,-69],[10,-61],[-7,-106],[27,-15],[-35,-96],[-2,-116]],[[8142,7735],[-2,-93],[-20,-102],[-13,1],[-40,177],[-62,-191],[-60,-102],[7,-99],[-16,-58],[-7,29],[-9,-164],[-18,-49],[-3,-72]],[[7899,7012],[-26,-93],[-23,98],[-19,-60],[-36,130],[-9,-35],[6,-74],[-15,9],[-6,-66],[-7,45],[-24,-231],[-9,67],[-20,3],[15,-141],[-4,-115],[-13,1],[-12,118],[-27,18],[-5,-28],[20,-167],[-9,-24],[-12,32]],[[7664,6499],[-28,241],[-30,48],[-10,177]],[[8899,6235],[-27,67],[-19,-16],[-138,-308],[-12,-71],[-3,-183],[-37,-211],[-55,157],[-46,5]],[[8562,5675],[-188,922],[-21,-15],[-20,107],[-18,-43],[-21,81],[-36,184],[-3,163]],[[8255,7074],[37,78],[54,241]],[[8909,6565],[19,-92],[-29,-238]],[[4303,7428],[42,-620],[36,14],[0,-86],[-14,-1],[1,-78],[24,-99]],[[4392,6558],[-15,-186],[-38,13],[-4,-142],[-39,-116],[-13,-114],[1,-142],[-17,-22]],[[4267,5849],[-23,0],[-77,168],[-57,41],[0,81],[-35,71],[-165,81],[-126,-370],[-13,1],[-6,349]],[[3167,7082],[-25,101],[-88,28],[-83,232],[-52,20],[-65,-81],[-126,52]],[[2728,7434],[-46,633]],[[3227,7989],[-19,-621],[-41,-286]],[[6502,5473],[-33,404],[-94,460],[-12,177],[-40,5],[-38,244],[-45,133]],[[6775,6978],[-4,-144],[17,-33],[9,-147],[59,-147],[36,-194]],[[6892,6313],[-112,-359],[-124,-159],[-6,-95],[-64,-5],[-9,-111],[-44,-13],[-13,-80],[-18,-18]],[[2721,5065],[-24,-178]],[[2697,4887],[-24,15],[-2,46],[-16,-5],[0,-64],[-17,20],[5,123],[-25,120],[-154,-58]],[[2464,5084],[-48,8],[7,1665]],[[2728,7434],[0,-244],[34,-333],[-37,-311],[-58,-321],[9,-226],[-18,-176],[9,-202],[26,-36],[54,39],[-6,-354],[-20,-205]],[[4968,5737],[-97,111],[-11,-101],[-27,-17],[-29,57],[-5,-66]],[[4799,5721],[-151,107],[-19,78],[-82,175],[-3,108],[-59,91],[-93,278]],[[4913,6529],[11,-265],[37,-285],[7,-242]],[[8255,7074],[-16,-47],[4,-270],[-15,-20],[-35,141],[-9,-148],[-19,-65]],[[8165,6665],[-73,205],[-92,54],[0,-57],[-19,-11],[0,65],[-60,-11],[-22,102]],[[3610,6311],[-11,-417],[-20,2],[-1,-105]],[[3578,5791],[-105,29],[-267,166]],[[3206,5986],[-23,193],[11,436],[-27,467]],[[6021,6841],[-15,-69],[-18,24],[-25,-175],[-97,18],[-31,-652],[4,-95],[-8,7]],[[5831,5899],[-35,55],[-24,90],[3,182],[-31,6],[-26,82],[-165,193],[-61,-46],[-36,-171],[-16,-16],[-13,-170],[-28,13]],[[5399,6117],[-19,22],[-48,322],[-44,39],[-35,-104],[-19,83],[7,88],[-36,124],[-8,105]],[[7350,7100],[-80,-312],[-13,-109],[-66,-232],[2,-92],[28,-127],[-6,-58],[-84,-220],[-56,-11],[-9,-87],[-16,4],[-4,-184],[-25,40],[0,-107],[-35,75],[-2,-110],[21,-58],[-26,-78]],[[6979,5434],[-87,879]],[[9357,6850],[-63,-158],[-57,11],[-72,-139],[-40,-138],[-77,-486],[-36,-122],[-55,-97],[-52,42],[-8,238],[16,112],[-14,122]],[[3206,5986],[-8,-149],[-28,-132],[-37,16],[-79,-213],[-53,-34],[-12,-401]],[[2989,5073],[-102,-14],[-12,-82],[-25,-20],[-9,-91],[-79,137],[-4,57],[-37,5]],[[1604,4795],[-45,188],[-54,37],[-18,96],[-20,-34],[-52,52],[-30,111],[-34,134],[2,169],[16,80],[-4,81],[-70,240]],[[1295,5949],[-19,126],[12,51],[34,-27],[6,1091]],[[1864,6380],[-17,-1603]],[[1847,4777],[-243,18]],[[763,5471],[-22,142],[-57,168],[-10,199],[38,153],[13,338],[12,97],[90,180],[0,131],[-33,188]],[[1295,5949],[-23,-70],[-16,-201],[-37,-206],[-17,6],[-19,-183],[-69,-39]],[[1114,5256],[-26,188],[-56,239],[-76,19],[-20,-142],[-49,0],[-13,40],[-29,-67],[-65,7],[-17,-69]],[[7530,5299],[-81,-238],[-110,179],[-30,-14],[-16,55],[-28,-47],[11,-140],[-38,12],[-10,-124],[-37,100],[-37,-50],[-14,107],[-10,3],[-7,-20],[13,-299],[-7,-38],[-21,55]],[[7108,4840],[-129,594]],[[7664,6499],[-24,49],[-9,-54],[41,-263]],[[7672,6231],[-1,-145],[23,-137],[-11,-204],[-25,-48],[-3,-66],[-12,38],[-58,-177],[-14,36],[-12,-32],[-29,-197]],[[8165,6665],[11,-137],[-18,-63],[5,-138],[-17,-98],[0,-169],[-15,-34],[-12,-104],[-9,-463],[-7,-65],[-17,10]],[[8086,5404],[-43,97],[-77,85],[-78,-36],[-37,109],[-31,188],[-73,228],[-23,-32],[-38,206],[-14,-18]],[[8562,5675],[-21,-121],[8,-329],[-64,-475],[-28,-106],[-84,51],[-68,-111],[-29,-7],[-48,-200],[-68,-63],[-11,-103]],[[8149,4211],[4,80],[-24,12],[-12,144],[-2,371],[21,123],[-53,356],[3,107]],[[6382,4971],[-12,8],[-124,-327]],[[6246,4652],[-139,-129],[-44,119],[-23,-41],[-21,36],[-176,-8]],[[5843,4629],[-26,83],[9,79]],[[5826,4791],[18,18],[15,140],[22,326],[-14,102],[19,23],[0,84],[-30,-8],[-4,35],[-26,330],[5,58]],[[6502,5473],[-77,-441],[-21,-79],[-22,18]],[[2464,5084],[-3,-158]],[[2461,4926],[-453,32],[-23,-60],[-6,-145],[-16,-5]],[[1963,4748],[-116,29]],[[5399,6117],[0,-151],[-25,-124],[11,-408],[-15,-105],[24,-46],[-34,-159],[35,-51],[-35,-104]],[[5360,4969],[-79,160],[-56,-26],[-39,41],[-70,-72]],[[5116,5072],[-148,665]],[[4174,4312],[-1,260],[21,51],[35,7],[3,139],[40,-11],[3,636],[-15,126],[13,135],[-6,194]],[[4799,5721],[-1,-123],[24,-108],[-15,-38],[-6,-91],[-17,-8],[-2,-241],[-18,-328],[8,-200],[-30,-114],[-12,-194]],[[4730,4276],[-25,-80],[-8,-135],[11,-58],[-3,-150]],[[4705,3853],[-87,84],[-1,102],[-10,21],[-59,-113],[-5,-128],[-15,-1],[-1,-78],[-16,8],[-4,65],[-12,-1],[-6,119],[-41,-43],[1,43],[-17,-4],[-3,65],[-18,-6],[-14,75],[3,83],[-48,105],[-102,21],[-5,-104]],[[4245,4166],[-71,146]],[[5440,4781],[-80,188]],[[5826,4791],[-11,101],[15,84],[-99,-162],[-128,135],[-67,-48],[-17,-115],[-43,37],[-36,-42]],[[6470,4469],[3,32],[-11,21],[-40,30],[11,188],[-42,106],[-9,125]],[[6979,5434],[0,-56],[-25,19],[1,-119],[-47,38],[-24,-298],[-35,-138],[-5,-160],[9,-48],[-8,-49],[-32,47],[-18,-165],[-27,78],[-88,-421],[-26,-37],[0,-143],[-19,7],[-13,-78]],[[6622,3911],[-44,20]],[[6578,3931],[-2,92],[-10,7],[9,251],[-6,79],[-31,17],[-16,-114],[-15,11],[1,59],[-29,8],[5,115],[-14,13]],[[4174,4312],[-43,-68],[-2,62],[-13,4],[-3,-72],[-11,-9],[-1,62],[-31,-26]],[[4070,4265],[-32,119],[-130,189],[7,101],[-13,23],[-6,-50],[-16,18],[6,66],[-10,10],[-8,-72],[-296,455]],[[3572,5124],[21,532],[-9,11],[2,110],[-8,14]],[[8149,4211],[-7,-58],[-45,-205],[-52,-18],[-50,-166],[-83,-165],[-55,-223],[-63,-26],[-62,98],[-68,-40]],[[7664,3408],[11,710],[-49,216],[-27,268],[-1,105],[-68,592]],[[3435,3975],[-51,-33],[-42,-149],[-39,-53],[-74,100],[-29,-21],[-39,161],[-11,1],[-41,-133],[4,-81],[-22,20],[-29,-80]],[[3062,3707],[-40,172],[-26,31],[-38,129],[8,228],[33,5],[-8,114],[-21,15],[19,672]],[[3572,5124],[-17,-731],[-30,-56],[7,-76],[-9,-64],[-44,-22],[-44,-200]],[[1432,4138],[-153,386],[-80,50],[-93,223],[-8,113]],[[1098,4910],[-6,110],[22,126],[0,110]],[[1604,4795],[16,-100],[-137,-636],[-51,79]],[[4992,3985],[-83,-76],[-54,137],[-32,-4],[-49,104],[-14,118],[-30,12]],[[5116,5072],[-28,-65],[-61,-318],[-20,-215],[-16,22],[-4,-81],[12,-28],[-1,-51],[-20,8],[-1,-61],[19,-16],[-1,-57],[-14,-8],[11,-217]],[[443,3296],[-42,192],[1,145],[92,179],[16,-21],[17,91],[-9,153],[-9,13],[-33,-102],[-42,120],[-26,214],[1,129],[48,122],[58,-40],[38,60],[31,94],[11,185],[35,71],[28,-62],[41,121],[-1,86],[-65,174],[-10,75],[4,75],[29,108],[27,-22],[57,-152],[18,51],[5,116]],[[1098,4910],[-54,5],[-43,-206],[-8,-185],[12,-110],[-39,-290],[2,-504],[-51,-54]],[[917,3566],[-77,147],[-49,177],[-29,-21],[-10,-54],[-54,51],[-31,-25],[-22,54],[-51,-63],[-8,-72],[-15,29],[-13,-153],[-20,0],[-6,-68],[-46,-46],[-11,-177],[-32,-49]],[[7077,3697],[-69,24],[-17,109],[-72,223],[-50,-10],[-2,-37],[25,2],[-1,-78],[-17,7],[-12,-70],[-32,7],[-2,127],[-23,-3],[-2,51],[-21,5],[1,-68],[-21,8],[0,-41],[-41,-7],[-1,70],[-17,12],[-3,-88],[-19,-12],[37,-83],[-13,-67],[-23,50]],[[6682,3828],[-21,7],[2,59],[-12,6],[0,-70],[-29,6],[0,75]],[[7108,4840],[-21,-30],[4,-140],[18,-50],[-17,-241],[16,-302],[25,-65],[2,-126],[-16,-128],[-42,-61]],[[7664,3408],[-119,-73],[-63,-199],[-59,-50],[-33,-201],[-51,-125]],[[7339,2760],[-6,92],[26,37],[4,53],[-38,87],[-17,-68],[-25,124],[18,170],[-8,96],[-16,-58],[-50,12],[-17,-39],[-36,92],[-13,178],[-23,-14],[-52,106],[-9,69]],[[5499,3331],[-84,-39]],[[5415,3292],[-140,-44],[-66,-73],[0,-99],[-27,93],[-58,33]],[[5124,3202],[-94,345],[1,145],[-39,293]],[[5440,4781],[-15,-207],[27,-42],[13,-268],[-8,-190],[12,-58],[30,-685]],[[2697,4887],[-31,-358],[-31,-159],[-3,-144],[14,-82],[1,-112],[-16,-246],[72,-676],[-23,-184],[-49,-74],[-13,-58],[-8,-113],[27,-71]],[[2637,2610],[26,-7],[39,-113],[-7,-80],[-21,-47],[-18,-12],[-22,52]],[[2634,2403],[-26,131],[-21,17],[-48,-171],[-91,-49],[-19,55],[-14,138],[-31,85]],[[2384,2609],[3,630],[13,88],[18,2],[-7,132],[38,269],[12,1196]],[[3578,2673],[-96,81]],[[3482,2754],[32,220],[-17,98],[25,65],[-21,42],[-7,168],[-38,22],[-12,173],[-24,24],[-2,147],[23,122],[-6,140]],[[4070,4265],[-6,-72],[-19,32],[-5,-35],[0,-383],[-15,-291],[-14,-58],[-5,-171],[-22,-191],[-14,104],[-10,-208],[-42,-111],[-1,-67],[-30,-13],[-14,-202]],[[3873,2599],[-44,-30],[-33,100],[-85,71],[-27,67],[-33,-21],[-30,-77],[-44,1],[1,-37]],[[3062,3707],[12,-128],[-5,-160],[-13,-45],[-26,-6],[-8,-270],[-24,7],[1,-48],[-23,-15]],[[2976,3042],[-83,-45],[-41,-120],[-57,25],[-22,-65],[-96,-18],[-40,-209]],[[5977,2826],[19,99],[-27,110],[37,269],[1,199],[63,243],[28,32],[42,298],[25,-15],[-5,79],[86,512]],[[6470,4469],[-25,-352],[-13,-32],[-7,93],[-21,12],[-15,-123],[-7,-248],[16,-160],[-35,-143],[4,-178],[-17,-31],[-56,59],[-14,-35],[-9,-103],[29,-161],[-7,-77],[-43,-82],[-11,-184],[-38,-67],[-19,49],[-18,149],[-9,-58],[-6,-275],[-40,8]],[[6109,2530],[-50,149],[-35,-63],[-18,140],[-29,70]],[[5637,3439],[-34,-85],[-56,20],[-48,-43]],[[5843,4629],[-19,-181],[5,-69],[-192,-940]],[[2245,2592],[4,421],[-59,-54],[-11,47],[-60,18],[-66,250],[-38,275],[-28,39],[-22,-34]],[[1965,3554],[-1,199],[10,10],[-1,169],[-8,11],[-2,805]],[[2384,2609],[0,-49],[-139,32]],[[1432,4138],[-12,-1502]],[[1420,2636],[-125,7],[-3,-212]],[[1292,2431],[-335,27]],[[957,2458],[13,802],[-53,306]],[[1965,3554],[-1,-129],[-82,-442],[-139,-344],[-60,4]],[[1683,2643],[-263,-7]],[[5977,2826],[-17,-80],[-27,91],[-64,-622]],[[5869,2215],[-122,439],[-79,355],[-7,171],[-22,57],[-2,202]],[[6207,1817],[-26,158],[-13,256],[-28,107],[-48,-1],[17,193]],[[6578,3931],[-53,-362],[-91,-462],[-35,-256],[-51,-218],[-47,-458]],[[6301,2175],[-20,25],[-22,-189],[-52,-194]],[[4290,2276],[-6,-177],[-41,-65],[-2,-64],[-17,-19],[-5,35],[-18,-35],[-59,-175],[-15,-130],[-93,46]],[[4034,1692],[6,128],[-9,9],[1,102],[-40,29],[1,-62],[-15,-9],[-1,54],[-26,8],[-15,55],[0,121],[-23,110],[-5,103],[4,214],[-39,45]],[[4245,4166],[-13,-535],[-18,-41],[26,-97],[-13,-23],[-19,-674],[18,-34],[-3,-142],[31,-216],[-1,-81],[22,-59],[15,12]],[[4680,2559],[11,155],[13,38],[1,1101]],[[5124,3202],[-20,-244],[11,-493],[-7,-139],[17,-29],[-14,-135],[-20,-50],[2,-98],[-26,-191]],[[5067,1823],[-28,39],[-38,137],[-15,-19],[-37,172],[-158,99],[-37,-132],[-21,59],[-55,-75]],[[4678,2103],[23,139],[-48,7],[2,75],[32,6],[0,75],[-22,6],[15,148]],[[4373,2201],[-59,109],[-24,-34]],[[4680,2559],[-31,-17],[-47,-227],[-33,-44],[-11,-111],[-43,-8],[-10,-84],[-27,-64],[-50,109],[-2,89],[-9,20],[-27,19],[-17,-40]],[[7339,2760],[-67,-283],[7,-205],[-27,-281],[-1,-194],[-14,-118],[-68,-160],[-90,-27],[-54,122],[-75,-302]],[[6950,1312],[-35,73],[-9,-44],[-9,27],[-9,-68],[-7,20],[13,110],[-179,357]],[[6715,1787],[63,239],[45,51],[2,49],[-9,12],[3,271],[-23,54],[2,117],[-13,19],[-3,178],[-77,783],[-24,-3],[3,142],[-17,9],[1,67],[18,1],[-4,52]],[[3482,2754],[-42,29],[1,40],[-135,7],[-3,-223],[-36,33],[0,-75],[-44,20],[-2,-118],[-62,21]],[[3159,2488],[-3,38],[-35,43],[-6,127],[-42,11],[1,199],[-41,14],[-57,122]],[[6715,1787],[-23,-135],[-174,5],[-30,-134]],[[6488,1523],[-7,45],[-41,8],[-16,100],[7,37],[20,-10],[-1,70],[-56,162],[-32,15],[-6,79],[-33,17],[-22,129]],[[957,2458],[-84,10],[-109,-153]],[[764,2315],[1,59],[-66,0],[-4,144],[-26,-64],[-58,15],[0,-78],[-293,1],[-19,141]],[[299,2533],[54,168],[-48,396],[1,180],[9,57],[50,54],[31,-173],[17,-32],[19,13],[11,100]],[[1756,1551],[-8,502],[-8,73],[-66,246],[9,271]],[[2245,2592],[-2,-255]],[[2243,2337],[-213,26],[-112,-146],[-58,-315],[-30,-345],[-74,-6]],[[5486,1993],[16,134],[49,142],[14,250],[-19,122],[-33,27],[-8,117],[6,227],[-30,100],[-39,30],[-27,150]],[[5869,2215],[-29,-244],[-154,-964]],[[5686,1007],[-12,346],[-38,227],[-27,118],[-30,21],[-93,274]],[[5128,1410],[-25,-31],[-6,141],[9,82],[-39,221]],[[5486,1993],[-164,-150],[-8,-49],[11,-287],[-47,-124],[-48,24],[-50,153],[-52,-150]],[[3159,2488],[-11,-1266],[8,-143],[-12,9],[2,-129],[-13,-10],[1,-475],[10,-1],[0,-153],[-27,2],[0,-193]],[[3117,129],[-437,32]],[[2680,161],[2,1710],[-32,32],[4,220],[-9,164],[-12,-12],[1,128]],[[764,2315],[10,-91],[-7,-604],[10,-5],[-16,-1544]],[[761,71],[-81,-9],[-680,9],[16,283],[111,-45],[30,218],[-10,182],[16,124],[24,41],[70,-68],[21,133],[3,115],[-13,147],[5,124],[-24,246],[-19,56],[-53,1],[-20,110],[14,140],[59,50],[9,183],[-8,120],[21,92],[14,148],[-12,69],[-31,-3],[-23,-60],[-9,-145],[-32,7],[-6,234],[41,111],[41,183],[23,28],[8,-35],[1,-271],[16,-77],[16,21]],[[5591,8],[55,208],[17,142],[29,17],[13,88],[9,171],[-38,130],[10,243]],[[6207,1817],[-22,-135],[-1,-118],[-54,-353],[-16,-343],[6,-227],[16,-119],[-1,-204],[45,-105],[-18,-190]],[[6162,23],[-341,-21],[-106,5],[-124,1]],[[3578,2673],[-4,-749],[-29,-13],[1,-59],[26,0],[-5,-341],[13,2],[0,-151],[-9,1],[3,-110],[-10,-5],[-2,-115],[28,-38],[-11,-130],[11,-9],[-3,-91],[-13,4],[-5,-102],[11,-14],[-4,-110],[-9,4],[-5,-537]],[[3562,110],[-445,19]],[[4034,1692],[-22,-1636]],[[4012,56],[-432,58],[-18,-4]],[[1280,72],[12,2359]],[[1756,1551],[1,-1466]],[[1757,85],[-32,-4],[-224,-13],[-221,4]],[[2221,96],[22,2241]],[[2680,161],[-241,-14],[1,-54],[-182,-4],[-37,7]],[[4678,2103],[21,-83],[-44,-341],[3,-169],[-33,-68],[-4,-80],[14,-72],[-4,-88],[12,-104],[-20,-5],[-4,-107],[-15,-28],[23,-64],[-10,-66]],[[4617,828],[-34,18],[-5,76],[-5,-69],[-14,4],[-12,456],[-17,220],[-19,-35],[-19,26],[19,135],[-21,24],[-34,179],[-59,56],[-28,71],[4,212]],[[1280,72],[-167,-7],[-352,6]],[[2221,96],[-464,-11]],[[4617,828],[-4,-789]],[[4613,39],[-542,10],[-59,7]],[[5128,1410],[-2,-1389]],[[5126,21],[-502,19],[-11,-1]],[[6488,1523],[-18,-25],[-2,-40],[21,-75],[-4,-302],[-56,-473],[11,-32],[-45,-564]],[[6395,12],[-34,12],[-193,-1],[-6,0]],[[5591,8],[-164,0],[-301,13]],[[6950,1312],[-38,-1310],[-341,-2],[-176,12]]],"transform":{"scale":[0.0008654041560550122,0.0001691092586482503],"translate":[-90.30544833585468,34.988759754563816]}}