{"type":"Topology","objects":{"West Virginia.geo":{"type":"GeometryCollection","geometries":[{"type":"Polygon","properties":{"name":"Hancock","fips":"54029"},"id":"Hancock","arcs":[[0,1]]},{"type":"Polygon","properties":{"name":"Brooke","fips":"54009"},"id":"Brooke","arcs":[[2,3,-2,4]]},{"type":"Polygon","properties":{"name":"Ohio","fips":"54069"},"id":"Ohio","arcs":[[5,6,-3,7]]},{"type":"Polygon","properties":{"name":"Marshall","fips":"54051"},"id":"Marshall","arcs":[[8,9,-6,10]]},{"type":"Polygon","properties":{"name":"Monongalia","fips":"54061"},"id":"Monongalia","arcs":[[11,12,13,14,15]]},{"type":"Polygon","properties":{"name":"Preston","fips":"54077"},"id":"Preston","arcs":[[16,17,-15,18,19]]},{"type":"Polygon","properties":{"name":"Wetzel","fips":"54103"},"id":"Wetzel","arcs":[[20,21,-9,22,-13,23,24,25]]},{"type":"Polygon","properties":{"name":"Morgan","fips":"54065"},"id":"Morgan","arcs":[[26,27,28,29]]},{"type":"Polygon","properties":{"name":"Mineral","fips":"54057"},"id":"Mineral","arcs":[[30,31,32]]},{"type":"Polygon","properties":{"name":"Marion","fips":"54049"},"id":"Marion","arcs":[[33,-24,-12,34]]},{"type":"Polygon","properties":{"name":"Berkeley","fips":"54003"},"id":"Berkeley","arcs":[[35,-30,36,37]]},{"type":"Polygon","properties":{"name":"Tyler","fips":"54095"},"id":"Tyler","arcs":[[38,39,-21,40,41]]},{"type":"Polygon","properties":{"name":"Hampshire","fips":"54027"},"id":"Hampshire","arcs":[[42,43,-33,44,-28]]},{"type":"Polygon","properties":{"name":"Jefferson","fips":"54037"},"id":"Jefferson","arcs":[[-38,45]]},{"type":"Polygon","properties":{"name":"Pleasants","fips":"54073"},"id":"Pleasants","arcs":[[46,47,48,-39]]},{"type":"Polygon","properties":{"name":"Harrison","fips":"54033"},"id":"Harrison","arcs":[[49,50,51,-25,-34,52,53]]},{"type":"Polygon","properties":{"name":"Doddridge","fips":"54017"},"id":"Doddridge","arcs":[[54,-41,-26,-52,55,56]]},{"type":"Polygon","properties":{"name":"Taylor","fips":"54091"},"id":"Taylor","arcs":[[-53,-35,-16,-18,57]]},{"type":"Polygon","properties":{"name":"Wood","fips":"54107"},"id":"Wood","arcs":[[-48,58,59,60,61]]},{"type":"Polygon","properties":{"name":"Ritchie","fips":"54085"},"id":"Ritchie","arcs":[[62,-59,-47,-42,-55,63,64]]},{"type":"Polygon","properties":{"name":"Grant","fips":"54023"},"id":"Grant","arcs":[[65,66,67,-31,68,69]]},{"type":"Polygon","properties":{"name":"Barbour","fips":"54001"},"id":"Barbour","arcs":[[-54,-58,-17,70,71,72]]},{"type":"Polygon","properties":{"name":"Tucker","fips":"54093"},"id":"Tucker","arcs":[[73,-71,-20,-67]]},{"type":"Polygon","properties":{"name":"Hardy","fips":"54031"},"id":"Hardy","arcs":[[74,-69,-44,75]]},{"type":"Polygon","properties":{"name":"Wirt","fips":"54105"},"id":"Wirt","arcs":[[76,77,-60,-63,78]]},{"type":"Polygon","properties":{"name":"Lewis","fips":"54041"},"id":"Lewis","arcs":[[79,80,-56,-51,81,82]]},{"type":"Polygon","properties":{"name":"Randolph","fips":"54083"},"id":"Randolph","arcs":[[83,84,85,-72,-74,-66,86]]},{"type":"Polygon","properties":{"name":"Upshur","fips":"54097"},"id":"Upshur","arcs":[[87,-82,-50,-73,-86]]},{"type":"Polygon","properties":{"name":"Gilmer","fips":"54021"},"id":"Gilmer","arcs":[[88,-64,-57,-81,89]]},{"type":"Polygon","properties":{"name":"Jackson","fips":"54035"},"id":"Jackson","arcs":[[90,91,92,-61,-78,93,94]]},{"type":"Polygon","properties":{"name":"Calhoun","fips":"54013"},"id":"Calhoun","arcs":[[95,96,-79,-65,-89,97]]},{"type":"Polygon","properties":{"name":"Mason","fips":"54053"},"id":"Mason","arcs":[[98,99,-92,100]]},{"type":"Polygon","properties":{"name":"Pendleton","fips":"54071"},"id":"Pendleton","arcs":[[101,-87,-70,-75,102]]},{"type":"Polygon","properties":{"name":"Roane","fips":"54087"},"id":"Roane","arcs":[[103,-94,-77,-97,104]]},{"type":"Polygon","properties":{"name":"Braxton","fips":"54007"},"id":"Braxton","arcs":[[105,106,-98,-90,-80,107]]},{"type":"Polygon","properties":{"name":"Webster","fips":"54101"},"id":"Webster","arcs":[[108,-108,-83,-88,-85,109,110]]},{"type":"Polygon","properties":{"name":"Pocahontas","fips":"54075"},"id":"Pocahontas","arcs":[[-110,-84,-102,111,112]]},{"type":"Polygon","properties":{"name":"Putnam","fips":"54079"},"id":"Putnam","arcs":[[113,114,-101,-91,115]]},{"type":"Polygon","properties":{"name":"Clay","fips":"54015"},"id":"Clay","arcs":[[116,117,-105,-96,-107]]},{"type":"Polygon","properties":{"name":"Kanawha","fips":"54039"},"id":"Kanawha","arcs":[[118,119,-116,-95,-104,-118,120,121]]},{"type":"Polygon","properties":{"name":"Cabell","fips":"54011"},"id":"Cabell","arcs":[[122,123,124,-99,-115]]},{"type":"Polygon","properties":{"name":"Nicholas","fips":"54067"},"id":"Nicholas","arcs":[[125,-117,-106,-109,126]]},{"type":"Polygon","properties":{"name":"Wayne","fips":"54099"},"id":"Wayne","arcs":[[-124,127,128,129]]},{"type":"Polygon","properties":{"name":"Lincoln","fips":"54043"},"id":"Lincoln","arcs":[[130,-128,-123,-114,-120,131,132]]},{"type":"Polygon","properties":{"name":"Greenbrier","fips":"54025"},"id":"Greenbrier","arcs":[[133,-127,-111,-113,134,135,136]]},{"type":"Polygon","properties":{"name":"Fayette","fips":"54019"},"id":"Fayette","arcs":[[137,138,-121,-126,-134]]},{"type":"Polygon","properties":{"name":"Boone","fips":"54005"},"id":"Boone","arcs":[[-132,-119,139,140,141]]},{"type":"Polygon","properties":{"name":"Logan","fips":"54045"},"id":"Logan","arcs":[[142,143,-133,-142]]},{"type":"Polygon","properties":{"name":"Raleigh","fips":"54081"},"id":"Raleigh","arcs":[[144,145,146,-140,-122,-139]]},{"type":"Polygon","properties":{"name":"Mingo","fips":"54059"},"id":"Mingo","arcs":[[-129,-131,-144,147,148,149]]},{"type":"Polygon","properties":{"name":"Summers","fips":"54089"},"id":"Summers","arcs":[[150,151,-145,-138,-137]]},{"type":"Polygon","properties":{"name":"Wyoming","fips":"54109"},"id":"Wyoming","arcs":[[152,153,-148,-143,-141,-147]]},{"type":"Polygon","properties":{"name":"Monroe","fips":"54063"},"id":"Monroe","arcs":[[154,-151,-136,155]]},{"type":"Polygon","properties":{"name":"Mercer","fips":"54055"},"id":"Mercer","arcs":[[156,157,-153,-146,-152,-155]]},{"type":"Polygon","properties":{"name":"McDowell","fips":"54047"},"id":"McDowell","arcs":[[-149,-154,-158,158]]}]}},"arcs":[[[4104,9303],[53,240],[-48,69],[-16,102],[-72,84],[2,41],[62,92],[52,18],[76,-12],[106,62],[-5,-462],[2,-220]],[[4316,9317],[-212,-14]],[[4311,8616],[-125,37],[-132,10],[-53,45]],[[4001,8708],[58,150],[72,90],[21,87],[-10,195],[-41,45],[3,28]],[[4316,9317],[-5,-701]],[[4313,8209],[-433,38]],[[3880,8247],[73,345],[3,41],[45,75]],[[4311,8616],[2,-407]],[[4315,7331],[-626,-7]],[[3689,7324],[-49,51],[-29,69],[104,142],[-13,90],[55,49],[16,46],[-43,95],[8,32],[24,11],[57,-19],[19,23],[-9,75],[49,107],[2,152]],[[4313,8209],[1,-187],[1,-691]],[[5492,6546],[-55,27],[-38,60],[-52,30],[-14,42],[-41,24],[-4,33],[-72,53],[-153,179],[-383,20],[-52,56],[-68,16]],[[4560,7086],[-7,208],[-45,33]],[[4508,7327],[1038,5],[312,0]],[[5858,7332],[-9,-98],[-47,-83],[-1,-96],[-237,-416],[5,-119]],[[5569,6520],[-77,26]],[[5746,5904],[-67,35],[-37,129],[-72,35]],[[5570,6103],[-1,417]],[[5858,7332],[577,-4],[-18,-1523]],[[6417,5805],[-87,83],[-325,125],[-259,-109]],[[4118,6545],[-48,46],[-56,-7],[-18,32],[-32,-6],[-78,51],[-26,70],[-61,39],[-17,60],[-61,43],[-22,-17],[-35,110],[-25,8],[-71,-55],[-63,42],[-20,37]],[[3485,6998],[40,1],[64,49],[17,111],[19,52],[63,68],[1,45]],[[4315,7331],[193,-4]],[[4560,7086],[-29,-12],[-44,15],[-3,-74],[-46,-45],[-33,7],[-35,-126],[29,-54],[-6,-60],[26,-64],[-15,-24],[-31,-4],[-2,-41]],[[4371,6604],[-45,-41],[2,-56],[-45,-26]],[[4283,6481],[-75,27],[-27,44],[-32,-35],[-31,28]],[[8979,6369],[-97,94],[-143,98]],[[8739,6561],[-205,121],[-67,62]],[[8467,6744],[52,40],[20,43],[51,3],[-84,92],[23,34],[95,-15],[-57,97],[96,-18],[15,49],[42,3],[18,24],[152,-65],[31,66],[58,51],[4,45],[47,6],[43,54],[180,-55],[138,-154]],[[9391,7044],[-43,-60],[-75,-13],[-36,-46],[-33,46],[-37,-13],[-71,-181],[-77,-355],[-40,-53]],[[7447,5932],[-287,208],[-316,37]],[[6844,6177],[40,68],[197,131],[10,59],[55,9],[55,89],[15,50],[-16,18],[69,0],[13,44],[31,-6],[160,-132],[30,64],[172,190],[67,110],[64,10],[-32,55],[48,86],[1,45],[52,39],[10,-51],[72,1],[3,-16],[-11,-37],[-76,-21],[24,-58],[59,-15],[33,-49],[102,-66]],[[8091,6794],[-26,-59],[-60,-53],[-34,-95],[-126,-90],[-20,-99],[-100,-184],[-76,-25],[-86,-139],[-116,-118]],[[4958,6382],[-129,91],[-458,131]],[[5492,6546],[-266,-196],[-54,17],[-14,57],[-27,-37],[-41,14],[-132,-19]],[[9377,6003],[-398,366]],[[9391,7044],[64,-70],[63,36],[39,-73],[19,17],[-24,67],[18,9],[72,-64],[25,13],[5,47],[67,-42],[26,9],[6,-95],[-27,-21],[-66,-3],[-9,-19],[41,-35],[10,-91],[42,50],[18,-18],[13,10],[7,-50],[-46,-29],[46,-24]],[[9800,6668],[-48,-154],[-229,-211],[-11,-59],[-22,-1],[-71,-159],[-31,-22],[-11,-59]],[[3328,6243],[-38,335],[-64,31],[-7,-24],[-55,8],[-33,-16],[-21,15]],[[3110,6592],[38,84],[124,105],[10,34],[99,109],[104,74]],[[4118,6545],[-84,-53],[-102,-8],[-46,-98],[-195,-146],[-129,-132]],[[3562,6108],[-7,61],[21,67],[-46,121],[-26,-8],[-38,38],[-37,-162],[-101,18]],[[8739,6561],[-6,-222],[-31,-56],[44,-31],[6,-28],[-147,-244],[29,-37],[-49,-95],[-2,-43],[44,-79],[-57,-64],[-35,-86],[-76,-20],[-33,-54]],[[8426,5502],[-123,130],[-66,19],[-47,-55],[-68,10],[-74,63],[-138,29],[-262,100],[-201,134]],[[8091,6794],[35,3],[24,-24],[67,17],[81,-43],[113,12],[56,-15]],[[9800,6668],[109,13],[-56,-51],[29,-63],[-39,12],[17,-36],[-18,-32],[5,-22],[92,-21],[33,-63],[7,-21],[-38,-52],[21,-53],[-18,-63],[9,-34],[46,-27],[-65,-96],[-18,-111],[-75,-146],[-30,-160],[-22,-27],[-412,388]],[[3328,6243],[-55,-2],[-27,-65],[-102,-4],[-54,-42],[-94,-9],[-35,21],[-63,-32],[-46,-88]],[[2852,6022],[-19,1],[-42,72],[-104,9],[-10,53],[-46,33],[-22,-13],[-25,60]],[[2584,6237],[75,23],[112,97],[94,4],[26,58],[50,22],[40,64],[129,87]],[[4911,5552],[-34,-39],[-108,7]],[[4769,5520],[-325,88],[-36,39],[-97,-6],[-94,64],[-36,0]],[[4181,5705],[5,57],[42,-8],[69,66],[-19,32],[-70,24],[7,24],[50,12],[-67,63],[-10,75],[-37,41],[70,63],[34,83],[36,32],[-24,46],[-8,89],[24,77]],[[4958,6382],[9,-331],[77,-123]],[[5044,5928],[-131,-204],[-2,-172]],[[3719,5549],[-203,480],[46,79]],[[4181,5705],[-90,-63],[-44,-6],[-47,-57],[-14,-56],[-48,-29],[-48,9]],[[3890,5503],[-171,46]],[[5570,6103],[-31,-28],[-59,17],[-106,-148],[-255,-35],[-75,19]],[[2852,6022],[-48,-29],[-87,-246]],[[2717,5747],[-179,-110],[-44,-3],[-340,-317]],[[2154,5317],[-338,188]],[[1816,5505],[18,91],[-29,145],[73,110],[51,19],[17,118],[45,29],[193,-13],[31,195],[34,58],[154,158],[34,12],[29,-15],[118,-175]],[[3012,5341],[-29,32],[-39,-17],[-39,12],[-68,-44],[15,60],[-48,31],[26,46],[-4,71],[-40,37],[-8,40],[-51,-2],[-32,45],[22,95]],[[3719,5549],[-91,-92],[-66,-16],[-50,-84],[-106,-20],[-122,-81]],[[3284,5256],[-57,18],[-29,-11],[-65,37],[-22,71],[-99,-30]],[[6700,5080],[8,59]],[[6708,5139],[74,170],[-6,64],[33,39],[-11,55],[-87,27],[-3,53],[38,72],[-3,59],[40,47],[28,103],[-80,26],[-29,-6],[-15,-32],[-56,24],[-7,-43],[-77,1],[-70,-32],[-60,39]],[[6417,5805],[58,46],[25,-4],[130,167],[79,66],[104,25],[31,72]],[[7447,5932],[-46,-154],[-53,-101],[-10,-97],[-73,-127],[-20,-203],[58,-188],[-63,-203],[-64,-82],[-23,-106]],[[7153,4671],[-211,215],[-242,194]],[[5746,5904],[13,-52],[-42,-68],[11,-56],[-31,-105],[22,-59]],[[5719,5564],[0,-28],[-47,-49],[-31,-76],[-56,-263],[-349,-67]],[[5236,5081],[40,103],[-19,137],[-141,17],[-76,130],[-92,35],[-37,49]],[[6708,5139],[-48,-26],[-81,28],[-94,-6],[-67,29],[-56,-17],[-544,188],[22,86],[-12,53],[-46,65],[-63,25]],[[7298,4536],[-145,135]],[[8426,5502],[-72,-106],[-56,-64],[31,-34],[-8,-28],[-93,-136],[-65,36],[-33,-85],[-67,-84],[-79,-48],[-11,74],[-27,-4],[-24,-51],[-89,-91],[-46,-136],[-103,-205],[-246,243],[-94,-136],[-43,-27],[-3,-84]],[[2778,4991],[-146,-51],[-201,136],[-83,-30],[-28,-45]],[[2320,5001],[-20,62],[-37,32],[-9,56],[24,37],[-20,65],[-104,64]],[[3012,5341],[-234,-293],[0,-57]],[[4458,4477],[25,77],[-45,16],[3,57],[-45,3],[11,105],[-92,81],[-32,-15],[-94,20],[-8,71],[-40,48]],[[4141,4940],[-225,332],[-26,231]],[[4769,5520],[-34,-263],[-34,-52],[35,-115],[-55,-39],[0,-39],[-79,-130],[-37,-153],[-26,-188],[35,-88]],[[4574,4453],[-15,-18],[-74,3],[-27,39]],[[6132,4268],[-7,24],[-75,26],[-27,-73],[-47,47],[-66,-8],[-31,158],[-50,17],[-46,-66],[-92,-313],[-37,-70],[-4,-86],[-328,-277],[-177,43],[-269,-240]],[[4876,3450],[130,389],[-199,503]],[[4807,4342],[95,141],[208,17],[13,18],[55,237],[-16,172],[30,42],[-12,46],[21,55],[35,11]],[[6700,5080],[-71,-97],[-142,29],[12,-51],[-41,-56],[-42,-16],[-61,15],[-1,-87],[-27,-67],[47,-98],[-5,-49],[-64,-140],[-114,-155],[3,-55],[-62,15]],[[4807,4342],[-68,-13],[-59,111],[-106,13]],[[3378,4420],[-24,80],[-95,57],[-20,65],[79,95],[13,53],[-12,217],[18,61],[-14,73],[-45,66],[6,69]],[[4141,4940],[-61,-42],[-29,9],[-20,-33],[-22,52],[-631,-506]],[[1918,4146],[-96,166],[-65,-10]],[[1757,4302],[-71,87],[45,65],[-243,439]],[[1488,4893],[45,-32],[53,36],[53,152],[34,30],[83,-72],[42,19],[-39,112],[12,141],[-77,79],[-22,65],[10,31],[68,1],[66,50]],[[2320,5001],[-1,-33],[-45,-33],[14,-278],[-57,-400],[52,-157]],[[2283,4100],[-91,-87],[-131,-76],[2,26],[-31,4],[-114,179]],[[3277,4263],[-99,-141]],[[3178,4122],[-45,54],[-33,-18],[-66,35],[-31,88],[-1,150],[-27,92],[-60,68],[6,26],[-36,7],[18,104],[-23,64],[-30,11],[17,28],[-42,85],[9,19],[-56,56]],[[3378,4420],[-101,-157]],[[1203,3703],[-322,317]],[[881,4020],[60,30],[21,108],[-31,133],[10,95],[-66,199],[38,75],[105,100],[14,176],[78,154],[33,73],[53,35],[32,73],[88,3],[50,-65],[76,-5],[20,-20],[59,-152],[-67,-109],[34,-30]],[[1757,4302],[-363,-74],[-199,-157],[8,-368]],[[6107,4042],[30,47],[-19,71],[20,46],[-6,62]],[[7298,4536],[-63,-159],[-2,-140],[-66,13],[-13,-16],[-212,-518],[-83,-126],[-91,-72],[-344,145],[-102,267],[-215,112]],[[2947,3853],[-36,15],[-105,-27],[-48,38],[-367,32],[-94,133],[-14,56]],[[3178,4122],[-114,-170],[-117,-99]],[[4046,3844],[-12,18],[-89,12],[-77,-24],[-98,109],[-179,-152]],[[3591,3807],[-57,85],[-22,74],[-46,51],[-57,25],[-25,91],[-107,130]],[[4458,4477],[-104,-263],[-308,-370]],[[4485,3097],[-351,269],[-32,-24],[-68,143],[41,69],[-77,229],[48,61]],[[4876,3450],[-164,-163],[-55,51],[-15,-354]],[[4642,2984],[-157,113]],[[6107,4042],[-55,-123],[8,-86],[-55,-59],[17,-204],[-73,-104],[-26,-125],[-63,7],[-74,-116],[-5,-45],[33,-40],[-14,-48],[-77,-54],[-172,-206],[11,-49],[-50,-120],[14,-53],[-59,-104]],[[5467,2513],[-298,-24],[-120,-58],[-197,27],[-224,203],[14,323]],[[1485,3267],[-146,-154],[-101,15],[-27,19],[18,138],[-11,111]],[[1218,3396],[-15,307]],[[1918,4146],[-52,-95],[-53,-50],[2,-175],[52,-94],[-3,-51],[-352,-216],[-27,-198]],[[3591,3807],[101,-65],[16,-38],[-157,-170],[-678,-447]],[[2873,3087],[-103,601],[177,165]],[[2424,2245],[7,103],[-62,159],[-29,4],[-30,-25],[-46,53],[-11,28],[31,75],[-42,72],[-95,44],[-41,79],[-57,-2],[-27,130],[-49,-4],[-93,31],[-42,-98],[-20,-3],[-30,89],[-24,4],[-9,-55],[-59,-13],[17,-71],[-32,26],[-2,37],[-25,28]],[[1654,2936],[1,33],[12,-23],[39,32],[-15,56],[37,42],[-53,164],[-96,-17],[-48,38],[-36,-16],[-10,22]],[[2873,3087],[-159,-238],[-35,0],[-112,-628]],[[2567,2221],[-81,-9],[-62,33]],[[1218,3396],[-34,11],[-71,-29],[-45,-46],[-96,-39],[-30,6],[-59,-87],[-2,-62],[-52,-52],[-12,-54],[-31,-18],[-4,-47]],[[782,2979],[-62,30],[-37,112],[11,39],[71,37],[-6,28],[-63,56],[-61,-20],[12,-39],[-26,-26],[-36,55],[-276,248]],[[309,3499],[163,71],[41,-6],[133,40],[31,68],[49,334],[39,43],[116,-29]],[[3591,2623],[-9,88],[-17,20],[-13,-25],[-14,5],[-3,50],[-26,-11],[-27,31],[-27,79],[8,30],[-81,79],[-52,-18],[-7,-27],[-35,42],[-10,47],[-38,-45],[-22,-78],[-20,-4],[-112,106],[-77,-9],[-136,104]],[[4485,3097],[-552,-551],[-342,77]],[[782,2979],[-32,-257],[27,-20],[14,-76],[31,-25],[32,-83],[45,-12],[30,-62],[-203,-264]],[[726,2180],[-194,-233],[-18,-60],[-55,57]],[[459,1944],[-33,66],[-127,80],[14,59],[26,34],[9,63],[-99,116],[-139,275],[-108,106],[-2,67],[68,25],[14,46],[-19,131],[55,19],[30,31],[-12,106],[16,45],[-53,177],[24,128],[23,-25],[56,-10],[107,16]],[[933,2251],[-207,-71]],[[1654,2936],[-23,-55],[10,-38],[-23,-13],[-58,22],[-10,-99],[-32,-17],[-49,19],[-25,-31],[-15,-101],[-65,-121],[24,-41],[102,-32],[-3,-22],[-60,-18]],[[1427,2389],[-126,0],[-368,-138]],[[3774,1927],[85,-7],[-128,251],[82,102],[-22,95],[-26,44],[-59,15],[36,70],[-5,27],[-64,-53],[-101,84],[19,68]],[[5467,2513],[-19,-84],[-69,-142],[-110,-100],[-105,-119],[-25,-68],[-84,-41],[-25,-50],[1,-50],[-106,-118],[7,-69],[-69,-63],[9,-91],[-108,-126]],[[4764,1392],[-57,23],[-18,55],[-27,-62],[-47,-3],[-3,48],[-56,32],[-72,-89],[-34,23],[-70,-6],[-322,97]],[[4058,1510],[-29,115],[-175,229],[-80,73]],[[3774,1927],[-328,-125]],[[3446,1802],[-34,34],[-62,-29],[-112,26],[-15,22],[24,54],[-54,-40],[-45,30],[44,26],[-4,33],[-453,33],[1,136],[-66,46],[4,37],[-107,11]],[[2424,2245],[-52,15],[-34,-22],[-40,33],[-99,-136],[18,-127],[-18,-105],[13,-83],[66,2],[21,-96]],[[2299,1726],[-119,-96],[-12,49],[-70,26]],[[2098,1705],[-76,123],[-54,7],[-8,-26],[-70,-39],[-52,46],[-72,121],[39,75],[-51,100],[-74,44],[-190,29],[-21,47],[-71,2],[-27,24],[-12,49],[68,82]],[[2098,1705],[-138,-39],[-62,-37],[-80,4],[-19,-30],[102,-156],[-59,-56],[-94,-29],[-38,-42]],[[1710,1320],[-79,46],[-63,12],[-58,-30],[-72,38],[-70,-33],[-30,-106],[-25,2],[-66,185],[-76,15],[-32,72],[5,39],[-64,31],[27,63],[-6,54],[-66,123],[8,39],[27,10],[5,106],[-111,126],[-31,139]],[[3446,1802],[43,-21],[84,-126],[2,-28],[-53,-52],[43,-60],[41,-120],[-34,-23],[-18,80],[-34,3],[-37,36],[-78,-4],[2,-73],[-102,-70],[-29,-43],[-53,-16],[-12,-95],[-41,-58]],[[3170,1132],[-106,10],[-108,-69],[-18,-120],[-29,-57]],[[2909,896],[-44,43],[-50,-2],[-87,77],[-16,86],[-289,566],[-124,60]],[[1710,1320],[18,-84],[-9,-36],[-31,-20],[-2,-43],[-34,-28],[-48,-109]],[[1604,1000],[-38,-38],[-81,-18],[-38,-65]],[[1447,879],[-50,71],[-34,36],[-101,-37],[-47,61],[-13,-77],[-58,67],[-118,27],[-8,25],[18,11],[11,60],[-55,9],[-54,137],[-40,-48],[-67,95],[-117,36],[-68,219],[20,42],[-41,75],[-134,80],[-32,176]],[[4058,1510],[-422,-828]],[[3636,682],[-466,450]],[[2909,896],[-77,-39],[-42,-109],[-40,-34],[25,-108],[-47,23]],[[2728,629],[-127,45],[-57,71],[-33,-33],[-54,8],[-47,92],[-102,-43],[-61,48],[-68,1],[-44,26],[-35,69],[-39,-19],[-50,43],[-75,-25],[14,-47],[-53,-34],[-46,3],[-49,47],[-52,-22],[-36,38],[-49,-1],[-1,68],[-24,33],[-36,3]],[[3652,637],[-21,23],[5,22]],[[4764,1392],[15,-33],[-18,-56],[8,-34],[94,1],[72,-48],[-56,-80],[-143,-88],[-18,-97],[36,-15],[56,23],[-15,-73],[-121,-58],[-10,-44],[-73,-30],[-75,-90],[-101,-35],[-24,32],[-2,78],[-43,42],[-69,-17],[-111,-67],[-219,-169],[-50,13],[-34,-14],[-2,-26],[-32,-22],[-14,43],[-59,16],[-1,62],[-103,31]],[[3652,637],[-55,-102],[59,-110],[-14,-33],[-160,-111],[-69,-28],[-22,14],[-15,28],[-79,-59],[-235,-32],[-167,-101],[-181,156],[-95,131]],[[2619,390],[109,239]],[[2619,390],[-66,-80],[-25,-84],[-146,-82],[-41,-4],[-21,-54],[-104,-82],[-222,-4],[-72,89],[-75,44],[-27,63],[-83,44],[-46,-23],[-48,18],[-40,63],[-11,53],[-68,44],[-60,91],[12,128],[-137,148],[24,48],[58,29],[26,40]]],"transform":{"scale":[0.0004920182756715982,0.00034326364218465296],"translate":[-82.64715824057524,37.20491003789253]}}
