{"type":"Topology","objects":{"Wyoming.geo":{"type":"GeometryCollection","geometries":[{"type":"Polygon","properties":{"name":"Park","fips":"56029"},"id":"Park","arcs":[[0,1,2,3,4,5]]},{"type":"Polygon","properties":{"name":"Crook","fips":"56011"},"id":"Crook","arcs":[[6,7,8]]},{"type":"Polygon","properties":{"name":"Big Horn","fips":"56003"},"id":"Big Horn","arcs":[[-2,9,10,11,12]]},{"type":"Polygon","properties":{"name":"Campbell","fips":"56005"},"id":"Campbell","arcs":[[13,14,15,16,-7,17]]},{"type":"Polygon","properties":{"name":"Sheridan","fips":"56033"},"id":"Sheridan","arcs":[[-16,18,-11,19]]},{"type":"Polygon","properties":{"name":"Teton","fips":"56039"},"id":"Teton","arcs":[[20,-6,21,22,23]]},{"type":"Polygon","properties":{"name":"Johnson","fips":"56019"},"id":"Johnson","arcs":[[-15,24,25,26,-12,-19]]},{"type":"Polygon","properties":{"name":"Weston","fips":"56045"},"id":"Weston","arcs":[[27,28,-18,-9,29]]},{"type":"Polygon","properties":{"name":"Washakie","fips":"56043"},"id":"Washakie","arcs":[[30,31,-3,-13,-27,32]]},{"type":"Polygon","properties":{"name":"Hot Springs","fips":"56017"},"id":"Hot Springs","arcs":[[33,-4,-32]]},{"type":"Polygon","properties":{"name":"Fremont","fips":"56013"},"id":"Fremont","arcs":[[-22,-5,-34,-31,34,35,36,37]]},{"type":"Polygon","properties":{"name":"Natrona","fips":"56025"},"id":"Natrona","arcs":[[38,-35,-33,-26,39]]},{"type":"Polygon","properties":{"name":"Niobrara","fips":"56027"},"id":"Niobrara","arcs":[[40,41,42,-28,43]]},{"type":"Polygon","properties":{"name":"Converse","fips":"56009"},"id":"Converse","arcs":[[-40,-25,-14,-29,-43,44,45]]},{"type":"Polygon","properties":{"name":"Sublette","fips":"56035"},"id":"Sublette","arcs":[[-38,46,47,-23]]},{"type":"Polygon","properties":{"name":"Lincoln","fips":"56023"},"id":"Lincoln","arcs":[[48,49,-24,-48,50]]},{"type":"Polygon","properties":{"name":"Goshen","fips":"56015"},"id":"Goshen","arcs":[[-41,51,52,53]]},{"type":"Polygon","properties":{"name":"Platte","fips":"56031"},"id":"Platte","arcs":[[54,-45,-42,-54,55]]},{"type":"Polygon","properties":{"name":"Carbon","fips":"56007"},"id":"Carbon","arcs":[[56,-36,-39,57,58]]},{"type":"Polygon","properties":{"name":"Albany","fips":"56001"},"id":"Albany","arcs":[[-58,-46,-55,59,60]]},{"type":"Polygon","properties":{"name":"Sweetwater","fips":"56037"},"id":"Sweetwater","arcs":[[-51,-47,-37,-57,61,62]]},{"type":"Polygon","properties":{"name":"Laramie","fips":"56021"},"id":"Laramie","arcs":[[-60,-56,-53,63]]},{"type":"Polygon","properties":{"name":"Uinta","fips":"56041"},"id":"Uinta","arcs":[[-63,64,-49]]}]}},"arcs":[[[3,9155],[-3,826],[891,-8],[52,16],[568,10],[280,-8],[1677,-5]],[[3468,9986],[3,-335],[34,2],[9,-839],[20,-1],[0,-896],[31,0]],[[3565,7917],[-2,-218]],[[3563,7699],[-339,0],[-3,-216],[-177,-9],[-5,-184],[-229,-6],[-3,-228],[-320,-7]],[[2487,7049],[-28,38],[-52,22],[-13,81],[-40,34],[-17,51],[-70,59],[-21,44],[-47,-28],[-59,43],[-18,-2],[-26,-45],[-36,17],[-9,-36],[-44,-40],[-39,-179],[-92,-33],[-89,-59],[-83,55],[10,54],[41,19],[-6,62],[-33,60],[-2,43],[-28,14],[10,54],[-77,-6],[-55,30],[-63,-23],[-48,125],[-31,14]],[[1422,7517],[0,315],[-53,15],[-18,24],[-11,39],[8,49],[-12,21],[13,13],[-5,35],[-33,57],[-27,150],[-39,27],[-16,-7],[-21,55],[-19,7],[-21,122],[-86,127],[13,179],[-34,110],[-45,-1],[-41,20],[-5,75],[-420,-6],[0,204],[-547,8]],[[8529,7954],[-8,1507],[20,3],[2,234],[-22,1],[2,293]],[[8523,9992],[62,3],[1402,-10],[1,-1055],[-2,-979]],[[9986,7951],[-1457,3]],[[3468,9986],[522,6],[521,-1]],[[4511,9991],[21,-46],[1,-91],[33,-60],[-10,-99],[35,-62],[22,-84],[-14,-82],[108,-50],[-5,-89],[32,-35],[79,-26],[5,-61],[13,-11],[74,35],[82,-37],[9,-27],[30,-20],[-8,-63],[56,4],[10,-64],[14,-11],[72,1],[4,-28],[57,-15],[17,-81]],[[5248,8889],[40,-37],[17,-54],[39,-52],[-5,-80],[12,-21],[51,-26],[63,19],[25,-18],[13,-119],[38,-10],[-2,-41],[16,-43],[-19,-80],[45,-38],[4,-396]],[[5585,7893],[-2020,24]],[[8525,6251],[-1348,-13]],[[7177,6238],[11,808],[23,-2],[-7,876],[-17,-1],[-6,900],[12,-1],[0,68]],[[7193,8886],[8,793],[-18,4],[3,302]],[[7186,9985],[1337,7]],[[8529,7954],[-4,-1703]],[[7193,8886],[-1945,3]],[[4511,9991],[2335,-9],[340,3]],[[8,5713],[2,576],[-6,1165],[-1,1224],[0,477]],[[1422,7517],[5,-1353]],[[1427,6164],[0,-213],[-418,0],[1,-240],[-347,0],[-2,-141]],[[661,5570],[-322,4],[0,69],[-170,2],[1,71],[-162,-3]],[[7177,6238],[-78,-1]],[[7099,6237],[-1471,-1],[0,23]],[[5628,6259],[-2,791],[-16,1],[-6,841],[-19,1]],[[9990,6260],[-1224,-8]],[[8766,6252],[-241,-1]],[[9986,7951],[2,-90],[0,-730],[2,-871]],[[5025,6262],[-89,2]],[[4936,6264],[3,348],[-172,3],[1,212],[-337,0],[1,209],[-313,2],[-27,38],[3,38],[-194,1],[-1,142],[-158,3],[2,222],[-97,4],[-2,211],[-82,2]],[[5628,6259],[-603,3]],[[4936,6264],[-1,-75],[-795,9],[-1,-35],[-270,0],[-1,35],[-174,1],[0,76],[-173,2],[0,71],[-149,2],[-2,99],[-174,2],[1,69],[-170,4],[0,39],[-338,3],[4,176],[-47,55],[-41,101],[-41,19],[-27,85],[-37,19],[-13,28]],[[5025,6262],[0,-82],[26,-2],[-2,-841],[23,0],[2,-876],[-55,0],[-9,-853],[30,-1]],[[5040,3607],[0,-452]],[[5040,3155],[-2174,9]],[[2866,3164],[0,441],[-37,1],[2,663],[-83,0],[-44,100],[-64,57],[-48,-6],[-6,32],[16,56],[-112,115],[-90,241],[-33,0],[-166,165],[-66,25],[3,45],[-34,148],[-63,93],[-7,49],[-43,56],[-13,42],[-22,219],[13,59],[-27,60],[0,68],[-17,22],[-60,-5],[-4,12],[2,241],[-436,1]],[[7099,3593],[-2059,14]],[[7099,6237],[2,-48],[14,-1],[-16,-2595]],[[9993,4042],[-859,-2]],[[9134,4040],[-347,-5]],[[8787,4035],[-3,2150],[-18,3],[0,64]],[[9990,6260],[-2,-62],[5,-1187],[0,-969]],[[8787,4035],[-555,-10],[1,-446]],[[8233,3579],[-62,0],[-1,-17],[-19,-1],[-11,-101],[-16,-2],[2,-139],[-24,-4],[0,-76],[-205,-2],[-101,12],[-2,29],[-23,3],[0,166],[49,2],[2,68],[30,4],[-1,65],[-752,7]],[[2866,3164],[-1440,9]],[[1426,3173],[-702,32],[-3,423],[-63,1],[1,661],[-56,3],[0,174],[53,-1],[5,1104]],[[1428,1467],[-1425,-9]],[[3,1458],[4,1041],[2,1265],[-3,1289],[2,660]],[[1426,3173],[2,-1706]],[[9993,4042],[3,-1534],[0,-752],[-2,-334]],[[9994,1422],[-849,3],[-1,227]],[[9144,1652],[-10,2388]],[[8243,1648],[7,1100],[-14,1],[-3,830]],[[9144,1652],[-901,-4]],[[4477,23],[3,1006],[-29,0],[1,638],[588,2],[-3,93],[24,2],[4,970],[-25,1],[0,420]],[[7099,3593],[15,-2581],[-360,-3],[-7,-992]],[[6747,17],[-766,-7],[-627,5],[-877,8]],[[8243,1648],[4,-1643]],[[8247,5],[-1321,9],[-179,3]],[[4477,23],[-1614,-13],[-1362,-2],[-87,1]],[[1414,9],[-4,1022],[21,4],[-3,432]],[[9994,1422],[2,-440],[3,-960],[-1261,-22],[-491,5]],[[1414,9],[-1411,-3],[0,653],[0,799]]],"transform":{"scale":[0.0007002423351623028,0.00040089046290459415],"translate":[-111.05342863573298,40.99428916517366]}}